league,date,home,away,home_goals,away_goals,xg_home,xg_away
F1,2020-08-21,Bordeaux,Nantes,0,0,0.6001,0.1878
F1,2020-08-22,Dijon,Angers,0,1,0.7397,2.0221
F1,2020-08-22,Lille,Rennes,1,1,0.401,1.2952
F1,2020-08-23,Lorient,Strasbourg,3,1,3.0721,0.3268
F1,2020-08-23,Monaco,Reims,2,2,2.6762,1.8326
F1,2020-08-23,Nice,Lens,2,1,0.1805,3.0361
F1,2020-08-23,Nimes,Brest,4,0,2.146,0.468
F1,2020-08-28,Lyon,Dijon,4,1,3.9715,0.2157
F1,2020-08-29,Rennes,Montpellier,2,1,1.7872,0.4918
F1,2020-08-29,Strasbourg,Nice,0,2,0.2279,1.2089
F1,2020-08-30,Angers,Bordeaux,0,2,0.5115,2.2853
F1,2020-08-30,Brest,Marseille,2,3,2.1259,1.3239
F1,2020-08-30,Metz,Monaco,0,1,0.6261,0.1893
F1,2020-08-30,Nantes,Nimes,2,1,2.1555,0.8749
F1,2020-08-30,Reims,Lille,0,1,0.2066,0.9068
F1,2020-08-30,St Etienne,Lorient,2,0,1.3936,0.2149
F1,2020-09-10,Lens,Paris SG,1,0,1.7175,0.3442
F1,2020-09-11,Bordeaux,Lyon,0,0,0.2311,1.7973
E0,2020-09-12,Crystal Palace,Southampton,1,0,1.3957,1.2627
E0,2020-09-12,Fulham,Arsenal,0,3,0.1263,2.1629
E0,2020-09-12,Liverpool,Leeds,4,3,3.1541,0.2698
E0,2020-09-12,West Ham,Newcastle,0,2,0.8614,1.6591
F1,2020-09-12,Montpellier,Nice,3,1,1.6993,0.3767
F1,2020-09-12,St Etienne,Strasbourg,2,0,1.7611,1.302
SP1,2020-09-12,Cadiz,Osasuna,0,2,0.6009,0.6333
SP1,2020-09-12,Eibar,Celta,0,0,0.344,0.7837
SP1,2020-09-12,Granada,Ath Bilbao,2,0,0.5451,0.4833
E0,2020-09-13,Tottenham,Everton,0,1,0.8229,1.2679
E0,2020-09-13,West Brom,Leicester,0,3,0.353,2.9558
F1,2020-09-13,Angers,Reims,1,0,2.1487,0.3248
F1,2020-09-13,Dijon,Brest,0,2,0.2963,2.1969
F1,2020-09-13,Lille,Metz,1,0,0.8145,0.7367
F1,2020-09-13,Lorient,Lens,2,3,0.9197,1.9875
F1,2020-09-13,Monaco,Nantes,2,1,2.2704,1.1089
F1,2020-09-13,Nimes,Rennes,2,4,1.0084,2.0941
F1,2020-09-13,Paris SG,Marseille,0,1,2.2218,0.5028
SP1,2020-09-13,Alaves,Betis,0,1,1.1764,0.3412
SP1,2020-09-13,Valencia,Levante,4,2,1.7253,2.3718
SP1,2020-09-13,Valladolid,Sociedad,1,1,0.8582,0.3118
SP1,2020-09-13,Villarreal,Huesca,1,1,2.0191,0.556
E0,2020-09-14,Brighton,Chelsea,1,3,1.4428,1.2706
E0,2020-09-14,Sheffield United,Wolves,0,2,0.9493,1.6131
F1,2020-09-15,Montpellier,Lyon,2,1,1.7517,2.1705
F1,2020-09-16,Paris SG,Metz,1,0,2.4236,0.9808
F1,2020-09-17,Marseille,St Etienne,0,2,2.6538,1.0294
D1,2020-09-18,Bayern Munich,Schalke 04,8,0,4.6209,0.1497
F1,2020-09-18,Lyon,Nimes,0,0,1.6253,0.7148
D1,2020-09-19,Dortmund,M'gladbach,3,0,1.704,0.5103
D1,2020-09-19,Ein Frankfurt,Bielefeld,1,1,2.4693,0.6188
D1,2020-09-19,FC Koln,Hoffenheim,2,3,2.408,2.9032
D1,2020-09-19,Stuttgart,Freiburg,2,3,2.1574,2.0701
D1,2020-09-19,Union Berlin,Augsburg,1,3,1.0452,1.4205
D1,2020-09-19,Werder Bremen,Hertha,1,4,0.4959,2.0541
E0,2020-09-19,Arsenal,West Ham,2,1,1.329,2.0638
E0,2020-09-19,Everton,West Brom,5,2,4.1625,0.3153
E0,2020-09-19,Leeds,Fulham,4,3,1.4525,1.555
E0,2020-09-19,Man United,Crystal Palace,1,3,1.0974,1.9146
F1,2020-09-19,Lens,Bordeaux,2,1,3.0233,0.3592
F1,2020-09-19,Rennes,Monaco,2,1,0.8575,0.8169
I1,2020-09-19,Fiorentina,Torino,1,0,2.3546,0.6179
I1,2020-09-19,Verona,Roma,0,0,0.9108,1.7796
SP1,2020-09-19,Celta,Valencia,2,1,2.3353,0.4566
SP1,2020-09-19,Getafe,Osasuna,1,0,0.7027,0.4865
SP1,2020-09-19,Villarreal,Eibar,2,1,2.9929,1.112
D1,2020-09-20,RB Leipzig,Mainz,3,1,3.2289,1.072
D1,2020-09-20,Wolfsburg,Leverkusen,0,0,1.2765,0.4412
E0,2020-09-20,Chelsea,Liverpool,0,2,0.9042,2.2521
E0,2020-09-20,Leicester,Burnley,4,2,0.9874,1.524
E0,2020-09-20,Newcastle,Brighton,0,3,0.5207,1.8766
E0,2020-09-20,Southampton,Tottenham,2,5,2.2771,2.28
F1,2020-09-20,Brest,Lorient,3,2,1.212,1.4995
F1,2020-09-20,Marseille,Lille,1,1,0.8651,1.4947
F1,2020-09-20,Metz,Reims,2,1,1.7128,1.1824
F1,2020-09-20,Montpellier,Angers,4,1,1.944,0.7723
F1,2020-09-20,Nantes,St Etienne,2,2,1.3358,1.0374
F1,2020-09-20,Nice,Paris SG,0,3,0.9305,3.3276
F1,2020-09-20,Strasbourg,Dijon,1,0,2.381,0.4878
I1,2020-09-20,Genoa,Crotone,4,1,2.2328,1.3228
I1,2020-09-20,Juventus,Sampdoria,3,0,2.1429,0.6065
I1,2020-09-20,Parma,Napoli,0,2,0.161,1.5408
I1,2020-09-20,Sassuolo,Cagliari,1,1,2.0285,0.9597
SP1,2020-09-20,Betis,Valladolid,2,0,1.7677,0.2907
SP1,2020-09-20,Granada,Alaves,2,1,2.4545,0.7702
SP1,2020-09-20,Huesca,Cadiz,0,2,0.2238,1.5052
SP1,2020-09-20,Sociedad,Real Madrid,0,0,0.7181,0.7691
E0,2020-09-21,Aston Villa,Sheffield United,1,0,0.8053,0.8497
E0,2020-09-21,Wolves,Man City,1,3,0.7277,2.0765
I1,2020-09-21,Milan,Bologna,2,0,2.9422,0.8255
D1,2020-09-25,Hertha,Ein Frankfurt,1,3,1.5599,1.6211
F1,2020-09-25,Lille,Nantes,2,0,2.0939,0.6603
D1,2020-09-26,Augsburg,Dortmund,2,0,1.4478,1.5267
D1,2020-09-26,Bielefeld,FC Koln,1,0,0.1632,1.3741
D1,2020-09-26,Leverkusen,RB Leipzig,1,1,0.9125,1.2045
D1,2020-09-26,M'gladbach,Union Berlin,1,1,1.4763,0.7715
D1,2020-09-26,Mainz,Stuttgart,1,4,1.0448,2.9689
D1,2020-09-26,Schalke 04,Werder Bremen,1,3,1.676,3.1044
E0,2020-09-26,Brighton,Man United,2,3,2.9766,1.5758
E0,2020-09-26,Burnley,Southampton,0,1,0.3471,0.7066
E0,2020-09-26,Crystal Palace,Everton,1,2,0.4431,2.2719
E0,2020-09-26,West Brom,Chelsea,3,3,0.9112,2.3605
F1,2020-09-26,Marseille,Metz,1,1,0.8644,1.1071
F1,2020-09-26,St Etienne,Rennes,0,3,0.2004,1.3717
I1,2020-09-26,Cagliari,Lazio,0,2,0.9157,1.9942
I1,2020-09-26,Inter,Fiorentina,4,3,1.6956,2.2533
I1,2020-09-26,Sampdoria,Benevento,2,3,1.3606,1.2748
I1,2020-09-26,Torino,Atalanta,2,4,0.7739,2.4709
SP1,2020-09-26,Alaves,Getafe,0,0,0.8672,1.3111
SP1,2020-09-26,Betis,Real Madrid,2,3,1.4146,3.865
SP1,2020-09-26,Elche,Sociedad,0,3,1.2366,3.3738
SP1,2020-09-26,Valencia,Huesca,1,1,0.3061,1.1062
D1,2020-09-27,Freiburg,Wolfsburg,1,1,0.9246,0.4134
D1,2020-09-27,Hoffenheim,Bayern Munich,4,1,2.5234,1.1731
E0,2020-09-27,Man City,Leicester,2,5,1.4463,2.8672
E0,2020-09-27,Sheffield United,Leeds,0,1,1.5328,1.4664
E0,2020-09-27,Tottenham,Newcastle,1,1,3.1877,0.9427
E0,2020-09-27,West Ham,Wolves,4,0,3.057,0.3852
F1,2020-09-27,Angers,Brest,3,2,1.1175,2.3641
F1,2020-09-27,Bordeaux,Nice,0,0,1.1794,0.6453
F1,2020-09-27,Dijon,Montpellier,2,2,1.6091,2.3122
F1,2020-09-27,Lorient,Lyon,1,1,0.2998,0.8188
F1,2020-09-27,Monaco,Strasbourg,3,2,1.5631,1.4065
F1,2020-09-27,Nimes,Lens,1,1,0.3706,1.372
F1,2020-09-27,Reims,Paris SG,0,2,0.2088,3.9363
I1,2020-09-27,Crotone,Milan,0,2,0.1071,2.4307
I1,2020-09-27,Napoli,Genoa,6,0,2.341,0.2656
I1,2020-09-27,Roma,Juventus,2,2,2.8182,1.9073
I1,2020-09-27,Spezia,Sassuolo,1,4,1.2912,2.6497
I1,2020-09-27,Verona,Udinese,1,0,1.3538,2.1476
SP1,2020-09-27,Ath Madrid,Granada,6,1,3.6045,1.3052
SP1,2020-09-27,Barcelona,Villarreal,4,0,3.5074,0.2448
SP1,2020-09-27,Cadiz,Sevilla,1,3,1.0983,2.2102
SP1,2020-09-27,Eibar,Ath Bilbao,1,2,0.3253,0.5056
SP1,2020-09-27,Osasuna,Levante,1,3,0.7245,2.9943
SP1,2020-09-27,Valladolid,Celta,1,1,1.5248,1.0831
E0,2020-09-28,Fulham,Aston Villa,0,3,0.5347,2.0322
E0,2020-09-28,Liverpool,Arsenal,3,1,2.7383,1.1782
I1,2020-09-28,Bologna,Parma,4,1,2.0471,1.2448
SP1,2020-09-29,Getafe,Betis,3,0,0.9081,0.4428
SP1,2020-09-29,Sociedad,Valencia,0,1,0.5892,0.8368
I1,2020-09-30,Benevento,Inter,2,5,1.2507,4.5324
I1,2020-09-30,Lazio,Atalanta,1,4,1.8037,1.8967
I1,2020-09-30,Udinese,Spezia,0,2,1.8665,0.8128
SP1,2020-09-30,Eibar,Elche,0,1,1.0605,0.3782
SP1,2020-09-30,Huesca,Ath Madrid,0,0,0.6319,1.7924
SP1,2020-09-30,Real Madrid,Valladolid,1,0,2.646,0.5402
SP1,2020-09-30,Villarreal,Alaves,3,1,2.6591,0.6187
SP1,2020-10-01,Ath Bilbao,Cadiz,0,1,0.545,0.2637
SP1,2020-10-01,Celta,Barcelona,0,3,0.5682,0.9317
SP1,2020-10-01,Sevilla,Levante,1,0,1.0473,0.3752
D1,2020-10-02,Union Berlin,Mainz,4,0,2.0715,0.1891
F1,2020-10-02,Paris SG,Angers,6,1,2.9145,0.9438
I1,2020-10-02,Fiorentina,Sampdoria,1,2,2.028,2.1815
D1,2020-10-03,Dortmund,Freiburg,4,0,2.8276,0.4451
D1,2020-10-03,Ein Frankfurt,Hoffenheim,2,1,3.5734,0.7697
D1,2020-10-03,FC Koln,M'gladbach,1,3,0.245,2.0629
D1,2020-10-03,RB Leipzig,Schalke 04,4,0,3.2584,0.2152
D1,2020-10-03,Stuttgart,Leverkusen,1,1,0.8,1.6977
D1,2020-10-03,Werder Bremen,Bielefeld,1,0,0.3461,1.0225
E0,2020-10-03,Chelsea,Crystal Palace,4,0,2.5143,0.1032
E0,2020-10-03,Everton,Brighton,4,2,2.3403,1.1657
E0,2020-10-03,Leeds,Man City,1,1,2.5666,1.4153
E0,2020-10-03,Newcastle,Burnley,3,1,1.9563,0.4388
F1,2020-10-03,Lens,St Etienne,2,0,2.1339,0.0933
F1,2020-10-03,Nice,Nantes,2,1,1.9654,1.1353
I1,2020-10-03,Sassuolo,Crotone,4,1,1.8556,1.5945
I1,2020-10-03,Udinese,Roma,0,1,1.6669,0.763
SP1,2020-10-03,Ath Madrid,Villarreal,0,0,0.61,0.2015
SP1,2020-10-03,Elche,Huesca,0,0,0.1889,1.7037
SP1,2020-10-03,Sociedad,Getafe,3,0,2.1968,0.3159
SP1,2020-10-03,Valencia,Betis,0,2,0.4752,1.8751
SP1,2020-10-03,Valladolid,Eibar,1,2,1.0947,1.6913
D1,2020-10-04,Bayern Munich,Hertha,4,3,3.9931,1.2451
D1,2020-10-04,Wolfsburg,Augsburg,0,0,1.3199,1.8076
E0,2020-10-04,Arsenal,Sheffield United,2,1,0.6671,0.145
E0,2020-10-04,Aston Villa,Liverpool,7,2,3.0763,1.657
E0,2020-10-04,Leicester,West Ham,0,3,0.456,2.0323
E0,2020-10-04,Man United,Tottenham,1,6,0.8734,3.3017
E0,2020-10-04,Southampton,West Brom,2,0,0.9491,0.1613
E0,2020-10-04,Wolves,Fulham,1,0,0.8936,0.9694
F1,2020-10-04,Bordeaux,Dijon,3,0,1.5007,0.2378
F1,2020-10-04,Brest,Monaco,1,0,0.7324,1.5319
F1,2020-10-04,Lyon,Marseille,1,1,3.1433,0.3769
F1,2020-10-04,Metz,Lorient,3,1,1.6005,0.8537
F1,2020-10-04,Montpellier,Nimes,0,1,0.6864,0.5888
F1,2020-10-04,Rennes,Reims,2,2,2.0936,1.0506
F1,2020-10-04,Strasbourg,Lille,0,3,0.8448,1.9568
I1,2020-10-04,Atalanta,Cagliari,5,2,3.6078,0.6556
I1,2020-10-04,Benevento,Bologna,1,0,0.8907,1.8224
I1,2020-10-04,Lazio,Inter,1,1,1.2072,0.7191
I1,2020-10-04,Milan,Spezia,3,0,2.6498,0.1524
I1,2020-10-04,Parma,Verona,1,0,1.2344,0.6338
SP1,2020-10-04,Alaves,Ath Bilbao,1,0,0.5206,0.4877
SP1,2020-10-04,Barcelona,Sevilla,1,1,1.0572,1.2552
SP1,2020-10-04,Cadiz,Granada,1,1,1.091,0.8206
SP1,2020-10-04,Levante,Real Madrid,0,2,0.5773,1.8771
SP1,2020-10-04,Osasuna,Celta,2,0,1.1219,0.3609
F1,2020-10-16,Dijon,Rennes,1,1,1.1059,0.7694
F1,2020-10-16,Nimes,Paris SG,0,4,0.1382,4.1232
D1,2020-10-17,Augsburg,RB Leipzig,0,2,0.5505,2.3969
D1,2020-10-17,Bielefeld,Bayern Munich,1,4,1.2124,3.2945
D1,2020-10-17,Freiburg,Werder Bremen,1,1,1.0589,1.6646
D1,2020-10-17,Hertha,Stuttgart,0,2,1.4281,1.4082
D1,2020-10-17,Hoffenheim,Dortmund,0,1,0.8774,1.8483
D1,2020-10-17,M'gladbach,Wolfsburg,1,1,2.1108,1.3447
D1,2020-10-17,Mainz,Leverkusen,0,1,0.215,0.4541
E0,2020-10-17,Chelsea,Southampton,3,3,1.9871,1.4235
E0,2020-10-17,Everton,Liverpool,2,2,1.36,2.4949
E0,2020-10-17,Man City,Arsenal,1,0,1.4302,0.8383
E0,2020-10-17,Newcastle,Man United,1,4,0.8675,2.2173
F1,2020-10-17,Marseille,Bordeaux,3,1,0.9776,0.5081
F1,2020-10-17,Reims,Lorient,1,3,0.2733,2.8104
I1,2020-10-17,Crotone,Juventus,1,1,1.3952,1.5849
I1,2020-10-17,Inter,Milan,1,2,2.5468,2.0623
I1,2020-10-17,Napoli,Atalanta,4,1,1.172,0.6404
I1,2020-10-17,Sampdoria,Lazio,3,0,1.8341,0.4546
SP1,2020-10-17,Celta,Ath Madrid,0,2,1.8974,1.514
SP1,2020-10-17,Getafe,Barcelona,1,0,1.7099,0.6254
SP1,2020-10-17,Granada,Sevilla,1,0,1.0872,0.699
SP1,2020-10-17,Real Madrid,Cadiz,0,1,1.1359,1.768
D1,2020-10-18,FC Koln,Ein Frankfurt,1,1,1.4169,1.5489
D1,2020-10-18,Schalke 04,Union Berlin,1,1,0.2508,0.8314
E0,2020-10-18,Crystal Palace,Brighton,1,1,0.7612,1.0935
E0,2020-10-18,Leicester,Aston Villa,0,1,0.6716,0.8738
E0,2020-10-18,Sheffield United,Fulham,1,1,1.6636,1.3561
E0,2020-10-18,Tottenham,West Ham,3,3,1.776,1.4999
F1,2020-10-18,Angers,Metz,1,1,1.0912,1.1636
F1,2020-10-18,Lille,Lens,4,0,2.9026,0.255
F1,2020-10-18,Monaco,Montpellier,1,1,1.8019,0.1091
F1,2020-10-18,Nantes,Brest,3,1,1.9056,0.8393
F1,2020-10-18,St Etienne,Nice,1,3,0.7142,2.5244
F1,2020-10-18,Strasbourg,Lyon,2,3,1.9259,4.165
I1,2020-10-18,Bologna,Sassuolo,3,4,1.4542,3.2367
I1,2020-10-18,Roma,Benevento,5,2,4.1882,1.5597
I1,2020-10-18,Spezia,Fiorentina,2,2,0.9256,1.0836
I1,2020-10-18,Torino,Cagliari,2,3,1.2417,1.7914
I1,2020-10-18,Udinese,Parma,3,2,1.7163,0.9651
SP1,2020-10-18,Alaves,Elche,0,2,0.9082,0.9023
SP1,2020-10-18,Ath Bilbao,Levante,2,0,2.0701,0.2815
SP1,2020-10-18,Betis,Sociedad,0,3,0.3045,1.5834
SP1,2020-10-18,Eibar,Osasuna,0,0,0.3714,1.2646
SP1,2020-10-18,Huesca,Valladolid,2,2,1.2544,0.908
SP1,2020-10-18,Villarreal,Valencia,2,1,1.5998,0.6776
E0,2020-10-19,Leeds,Wolves,0,1,1.0833,0.6182
E0,2020-10-19,West Brom,Burnley,0,0,0.7317,1.0853
I1,2020-10-19,Verona,Genoa,0,0,0.8814,0.3823
D1,2020-10-23,Stuttgart,FC Koln,1,1,0.7222,2.3752
E0,2020-10-23,Aston Villa,Leeds,0,3,1.5012,2.3769
F1,2020-10-23,Rennes,Angers,1,2,1.2167,1.2051
I1,2020-10-23,Sassuolo,Torino,3,3,1.6909,2.0852
SP1,2020-10-23,Elche,Valencia,2,1,0.1656,1.2352
D1,2020-10-24,Bayern Munich,Ein Frankfurt,5,0,3.8082,0.4292
D1,2020-10-24,Dortmund,Schalke 04,3,0,1.4838,0.2362
D1,2020-10-24,Mainz,M'gladbach,2,3,1.9004,3.0763
D1,2020-10-24,RB Leipzig,Hertha,2,1,2.6852,0.8021
D1,2020-10-24,Union Berlin,Freiburg,1,1,1.2849,0.2716
E0,2020-10-24,Fulham,Crystal Palace,1,2,1.0526,2.8105
E0,2020-10-24,Liverpool,Sheffield United,2,1,2.4029,1.3979
E0,2020-10-24,Man United,Chelsea,0,0,0.6484,0.2199
E0,2020-10-24,West Ham,Man City,1,1,0.2637,0.8925
F1,2020-10-24,Lorient,Marseille,0,1,0.8466,0.8804
F1,2020-10-24,Paris SG,Dijon,4,0,4.0889,1.4917
I1,2020-10-24,Atalanta,Sampdoria,1,3,2.0974,2.4992
I1,2020-10-24,Genoa,Inter,0,2,0.0129,1.6384
I1,2020-10-24,Lazio,Bologna,2,1,1.4298,1.7559
SP1,2020-10-24,Ath Madrid,Betis,2,0,1.243,1.0154
SP1,2020-10-24,Barcelona,Real Madrid,1,3,1.5735,3.2085
SP1,2020-10-24,Osasuna,Ath Bilbao,1,0,0.9893,0.5791
SP1,2020-10-24,Sevilla,Eibar,0,1,1.9856,0.1984
D1,2020-10-25,Werder Bremen,Hoffenheim,1,1,0.2296,0.871
D1,2020-10-25,Wolfsburg,Bielefeld,2,1,2.7775,0.6649
E0,2020-10-25,Arsenal,Leicester,0,1,0.7394,0.7362
E0,2020-10-25,Southampton,Everton,2,0,0.7415,0.2871
E0,2020-10-25,Wolves,Newcastle,1,1,0.7586,0.2537
F1,2020-10-25,Bordeaux,Nimes,2,0,1.9273,0.7123
F1,2020-10-25,Brest,Strasbourg,0,3,0.7328,1.293
F1,2020-10-25,Lyon,Monaco,4,1,3.4324,1.8935
F1,2020-10-25,Metz,St Etienne,2,0,0.3309,0.6314
F1,2020-10-25,Montpellier,Reims,0,4,0.1391,4.3332
F1,2020-10-25,Nice,Lille,1,1,0.8663,0.8905
I1,2020-10-25,Benevento,Napoli,1,2,0.65,2.2694
I1,2020-10-25,Cagliari,Crotone,4,2,2.0832,1.4071
I1,2020-10-25,Fiorentina,Udinese,3,2,1.2043,2.6861
I1,2020-10-25,Juventus,Verona,1,1,2.1772,0.5999
I1,2020-10-25,Parma,Spezia,2,2,3.6701,0.9651
SP1,2020-10-25,Cadiz,Villarreal,0,0,0.2091,0.7523
SP1,2020-10-25,Getafe,Granada,0,1,1.3344,0.9498
SP1,2020-10-25,Sociedad,Huesca,4,1,1.7977,0.5915
SP1,2020-10-25,Valladolid,Alaves,0,2,0.3052,2.3128
D1,2020-10-26,Leverkusen,Augsburg,3,1,2.6291,0.3424
E0,2020-10-26,Brighton,West Brom,1,1,0.5468,0.2957
E0,2020-10-26,Burnley,Tottenham,0,1,0.9505,0.7973
I1,2020-10-26,Milan,Roma,3,3,2.8182,2.359
SP1,2020-10-26,Levante,Celta,1,1,1.1925,0.8184
D1,2020-10-30,Schalke 04,Stuttgart,1,1,0.7267,1.5697
E0,2020-10-30,Wolves,Crystal Palace,2,0,1.349,0.8028
SP1,2020-10-30,Eibar,Cadiz,0,2,0.4669,0.9324
D1,2020-10-31,Augsburg,Mainz,3,1,1.7872,1.0114
D1,2020-10-31,Bielefeld,Dortmund,0,2,0.2558,2.7591
D1,2020-10-31,Ein Frankfurt,Werder Bremen,1,1,2.4924,0.7337
D1,2020-10-31,FC Koln,Bayern Munich,1,2,0.6815,0.9929
D1,2020-10-31,M'gladbach,RB Leipzig,1,0,0.6153,0.6953
E0,2020-10-31,Burnley,Chelsea,0,3,0.4073,1.2308
E0,2020-10-31,Liverpool,West Ham,2,1,1.563,0.269
E0,2020-10-31,Sheffield United,Man City,0,1,0.6875,1.8964
F1,2020-10-31,Nantes,Paris SG,0,3,1.6313,2.7254
F1,2020-10-31,Rennes,Brest,2,1,1.4029,1.0394
I1,2020-10-31,Bologna,Cagliari,3,2,1.4661,1.2668
I1,2020-10-31,Crotone,Atalanta,1,2,0.5246,3.496
I1,2020-10-31,Inter,Parma,2,2,3.0518,0.7609
SP1,2020-10-31,Alaves,Barcelona,1,1,1.1132,2.0775
SP1,2020-10-31,Ath Bilbao,Sevilla,2,1,1.3288,1.1509
SP1,2020-10-31,Osasuna,Ath Madrid,1,3,1.4277,3.0629
SP1,2020-10-31,Real Madrid,Huesca,4,1,2.239,0.7992
D1,2020-11-01,Freiburg,Leverkusen,2,4,1.1828,1.3409
D1,2020-11-01,Hertha,Wolfsburg,1,1,1.2525,0.3979
E0,2020-11-01,Aston Villa,Southampton,3,4,2.4486,1.0033
E0,2020-11-01,Man United,Arsenal,0,1,0.3941,0.9981
E0,2020-11-01,Newcastle,Everton,2,1,2.6311,1.2181
E0,2020-11-01,Tottenham,Brighton,2,1,1.9724,0.3245
F1,2020-11-01,Angers,Nice,0,3,0.3952,2.7804
F1,2020-11-01,Dijon,Lorient,0,0,0.3771,1.1488
F1,2020-11-01,Lille,Lyon,1,1,0.4447,0.421
F1,2020-11-01,Monaco,Bordeaux,4,0,3.9375,0.2047
F1,2020-11-01,Nimes,Metz,0,1,0.7837,0.8592
F1,2020-11-01,Reims,Strasbourg,2,1,0.9113,1.4226
F1,2020-11-01,St Etienne,Montpellier,0,1,0.4845,0.9374
I1,2020-11-01,Napoli,Sassuolo,0,2,2.1439,1.5249
I1,2020-11-01,Roma,Fiorentina,2,0,3.6279,0.3731
I1,2020-11-01,Sampdoria,Genoa,1,1,0.8582,1.1837
I1,2020-11-01,Spezia,Juventus,1,4,0.5463,2.8817
I1,2020-11-01,Torino,Lazio,3,4,2.4688,1.756
I1,2020-11-01,Udinese,Milan,1,2,0.9562,1.0238
SP1,2020-11-01,Betis,Elche,3,1,3.0646,0.4783
SP1,2020-11-01,Celta,Sociedad,1,4,2.1231,2.2763
SP1,2020-11-01,Granada,Levante,1,1,0.2309,0.8136
SP1,2020-11-01,Valencia,Getafe,2,2,1.7593,2.3577
D1,2020-11-02,Hoffenheim,Union Berlin,1,3,1.4933,3.6623
E0,2020-11-02,Fulham,West Brom,2,0,1.6225,0.4827
E0,2020-11-02,Leeds,Leicester,1,4,1.7482,3.0766
I1,2020-11-02,Verona,Benevento,3,1,2.5174,1.6039
SP1,2020-11-02,Villarreal,Valladolid,2,0,1.8501,0.7939
I1,2020-11-04,Genoa,Torino,1,2,1.1857,0.4443
D1,2020-11-06,Werder Bremen,FC Koln,1,1,1.3512,0.3994
E0,2020-11-06,Brighton,Burnley,0,0,1.5902,0.3269
E0,2020-11-06,Southampton,Newcastle,2,0,0.9858,0.1756
F1,2020-11-06,Strasbourg,Marseille,0,1,0.3242,0.042
I1,2020-11-06,Sassuolo,Udinese,0,0,0.0835,0.0918
SP1,2020-11-06,Elche,Celta,1,1,1.6055,2.1555
D1,2020-11-07,Augsburg,Hertha,0,3,0.3506,2.5168
D1,2020-11-07,Dortmund,Bayern Munich,2,3,2.3088,1.3362
D1,2020-11-07,Mainz,Schalke 04,2,2,3.3637,1.7069
D1,2020-11-07,RB Leipzig,Freiburg,3,0,2.4321,0.5772
D1,2020-11-07,Stuttgart,Ein Frankfurt,2,2,2.0858,3.4893
D1,2020-11-07,Union Berlin,Bielefeld,5,0,2.2517,0.259
E0,2020-11-07,Chelsea,Sheffield United,4,1,2.8762,0.744
E0,2020-11-07,Crystal Palace,Leeds,4,1,1.3017,0.8479
E0,2020-11-07,Everton,Man United,1,3,0.3765,1.5964
E0,2020-11-07,West Ham,Fulham,1,0,1.4261,1.8492
F1,2020-11-07,Bordeaux,Montpellier,0,2,0.4746,1.5944
F1,2020-11-07,Paris SG,Rennes,3,0,1.0254,0.8556
I1,2020-11-07,Benevento,Spezia,0,3,0.2513,1.4519
I1,2020-11-07,Cagliari,Sampdoria,2,0,1.8997,0.1343
I1,2020-11-07,Parma,Fiorentina,0,0,0.1317,0.8146
SP1,2020-11-07,Ath Madrid,Cadiz,4,0,2.6256,0.396
SP1,2020-11-07,Barcelona,Betis,5,2,4.4449,0.8699
SP1,2020-11-07,Huesca,Eibar,1,1,2.2321,0.8395
SP1,2020-11-07,Sevilla,Osasuna,1,0,1.151,0.4991
D1,2020-11-08,Leverkusen,M'gladbach,4,3,1.539,3.0208
D1,2020-11-08,Wolfsburg,Hoffenheim,2,1,2.6526,2.637
E0,2020-11-08,Arsenal,Aston Villa,0,3,1.3904,1.9855
E0,2020-11-08,Leicester,Wolves,1,0,2.0545,0.5794
E0,2020-11-08,Man City,Liverpool,1,1,1.5849,1.1879
E0,2020-11-08,West Brom,Tottenham,0,1,0.7994,1.8706
F1,2020-11-08,Brest,Lille,3,2,1.4726,2.9706
F1,2020-11-08,Lens,Reims,4,4,2.0412,1.03
F1,2020-11-08,Lorient,Nantes,0,2,1.7763,1.4658
F1,2020-11-08,Lyon,St Etienne,2,1,3.3054,1.4695
F1,2020-11-08,Metz,Dijon,1,1,2.5238,2.433
F1,2020-11-08,Nice,Monaco,1,2,0.7827,1.8783
F1,2020-11-08,Nimes,Angers,1,5,1.6665,2.0395
I1,2020-11-08,Atalanta,Inter,1,1,0.9555,0.8151
I1,2020-11-08,Bologna,Napoli,0,1,0.729,1.4058
I1,2020-11-08,Genoa,Roma,1,3,0.6474,3.4922
I1,2020-11-08,Lazio,Juventus,1,1,1.0771,1.272
I1,2020-11-08,Milan,Verona,2,2,3.6549,2.2099
I1,2020-11-08,Torino,Crotone,0,0,0.2359,0.3008
SP1,2020-11-08,Getafe,Villarreal,1,3,0.5546,2.3211
SP1,2020-11-08,Levante,Alaves,1,1,1.9915,1.0159
SP1,2020-11-08,Sociedad,Granada,2,0,3.7242,0.7806
SP1,2020-11-08,Valencia,Real Madrid,4,1,2.3469,1.0582
SP1,2020-11-08,Valladolid,Ath Bilbao,2,1,2.285,1.5794
F1,2020-11-20,Monaco,Paris SG,3,2,3.2824,2.0164
F1,2020-11-20,Rennes,Bordeaux,0,1,1.9505,0.3124
SP1,2020-11-20,Osasuna,Huesca,1,1,0.8788,0.8079
D1,2020-11-21,Bayern Munich,Werder Bremen,1,1,1.6736,1.631
D1,2020-11-21,Bielefeld,Leverkusen,1,2,0.0,1.3269
D1,2020-11-21,Ein Frankfurt,RB Leipzig,1,1,0.8887,0.9117
D1,2020-11-21,Hertha,Dortmund,2,5,1.2076,2.8345
D1,2020-11-21,Hoffenheim,Stuttgart,3,3,1.7549,1.4562
D1,2020-11-21,M'gladbach,Augsburg,1,1,1.7051,0.814
D1,2020-11-21,Schalke 04,Wolfsburg,0,2,1.0038,2.6629
E0,2020-11-21,Aston Villa,Brighton,1,2,1.7651,1.5004
E0,2020-11-21,Man United,West Brom,1,0,2.4299,0.4386
E0,2020-11-21,Newcastle,Chelsea,0,2,0.3683,1.8192
E0,2020-11-21,Tottenham,Man City,2,0,0.7611,1.6632
F1,2020-11-21,Brest,St Etienne,4,1,1.066,1.088
I1,2020-11-21,Crotone,Lazio,0,2,0.4324,1.7934
I1,2020-11-21,Juventus,Cagliari,2,0,2.548,0.0832
I1,2020-11-21,Spezia,Atalanta,0,0,0.5949,2.2004
SP1,2020-11-21,Ath Madrid,Barcelona,1,0,0.8121,1.2996
SP1,2020-11-21,Levante,Elche,1,1,0.9021,0.8324
SP1,2020-11-21,Sevilla,Celta,4,2,2.226,2.0817
SP1,2020-11-21,Villarreal,Real Madrid,1,1,1.7271,0.652
D1,2020-11-22,FC Koln,Union Berlin,1,2,1.0847,1.8924
D1,2020-11-22,Freiburg,Mainz,1,3,1.4798,3.2046
E0,2020-11-22,Fulham,Everton,2,3,1.8703,2.2508
E0,2020-11-22,Leeds,Arsenal,0,0,1.9617,0.7108
E0,2020-11-22,Liverpool,Leicester,3,0,3.7725,1.984
E0,2020-11-22,Sheffield United,West Ham,0,1,0.6924,2.1142
F1,2020-11-22,Angers,Lyon,0,1,0.9488,1.1201
F1,2020-11-22,Dijon,Lens,0,1,0.6721,1.2801
F1,2020-11-22,Lille,Lorient,4,0,3.3722,0.4623
F1,2020-11-22,Montpellier,Strasbourg,4,3,2.6555,3.392
F1,2020-11-22,Nantes,Metz,1,1,1.4884,1.3033
F1,2020-11-22,Reims,Nimes,0,1,1.054,0.9553
I1,2020-11-22,Fiorentina,Benevento,0,1,1.2117,0.5653
I1,2020-11-22,Inter,Torino,4,2,3.7457,1.9783
I1,2020-11-22,Napoli,Milan,1,3,1.8847,1.8366
I1,2020-11-22,Roma,Parma,3,0,3.2092,0.0319
I1,2020-11-22,Sampdoria,Bologna,1,2,0.8179,1.7341
I1,2020-11-22,Udinese,Genoa,1,0,0.4131,0.7311
I1,2020-11-22,Verona,Sassuolo,0,2,1.3932,0.51
SP1,2020-11-22,Alaves,Valencia,2,2,1.8267,1.7982
SP1,2020-11-22,Cadiz,Sociedad,0,1,0.0825,1.9059
SP1,2020-11-22,Eibar,Getafe,0,0,1.4523,0.3526
SP1,2020-11-22,Granada,Valladolid,1,3,1.4025,1.4555
E0,2020-11-23,Burnley,Crystal Palace,1,0,1.7534,1.2833
E0,2020-11-23,Wolves,Southampton,1,1,1.5748,1.0785
SP1,2020-11-23,Ath Bilbao,Betis,4,0,2.752,0.3856
F1,2020-11-25,Lens,Nantes,1,1,0.8758,2.1669
D1,2020-11-27,Wolfsburg,Werder Bremen,5,3,1.5369,0.8609
E0,2020-11-27,Crystal Palace,Newcastle,0,2,0.5349,1.2793
F1,2020-11-27,Strasbourg,Rennes,1,1,0.8029,1.9948
SP1,2020-11-27,Valladolid,Levante,1,1,1.2597,1.1101
D1,2020-11-28,Augsburg,Freiburg,1,1,0.3855,0.4701
D1,2020-11-28,Dortmund,FC Koln,1,2,2.7604,1.5925
D1,2020-11-28,M'gladbach,Schalke 04,4,1,3.1554,0.7345
D1,2020-11-28,RB Leipzig,Bielefeld,2,1,2.8417,1.7631
D1,2020-11-28,Stuttgart,Bayern Munich,1,3,1.3867,0.889
D1,2020-11-28,Union Berlin,Ein Frankfurt,3,3,1.9586,1.3375
E0,2020-11-28,Brighton,Liverpool,1,1,2.3072,0.2811
E0,2020-11-28,Everton,Leeds,0,1,1.2923,3.1132
E0,2020-11-28,Man City,Burnley,5,0,2.2613,0.4199
E0,2020-11-28,West Brom,Sheffield United,1,0,1.7164,3.3654
F1,2020-11-28,Marseille,Nantes,3,1,2.7459,0.3223
F1,2020-11-28,Paris SG,Bordeaux,2,2,2.5296,1.1368
I1,2020-11-28,Atalanta,Verona,0,2,1.2014,1.7891
I1,2020-11-28,Benevento,Juventus,1,1,0.44,1.6462
I1,2020-11-28,Sassuolo,Inter,0,3,0.753,1.4998
SP1,2020-11-28,Elche,Cadiz,1,1,0.0867,0.6782
SP1,2020-11-28,Huesca,Sevilla,0,1,0.1676,1.6998
SP1,2020-11-28,Real Madrid,Alaves,1,2,1.6607,2.3502
SP1,2020-11-28,Valencia,Ath Madrid,0,1,0.1814,1.1053
D1,2020-11-29,Leverkusen,Hertha,0,0,1.042,0.5175
D1,2020-11-29,Mainz,Hoffenheim,1,1,1.7839,1.1082
E0,2020-11-29,Arsenal,Wolves,1,2,1.1185,2.0069
E0,2020-11-29,Chelsea,Tottenham,0,0,0.9748,0.2269
E0,2020-11-29,Southampton,Man United,2,3,0.4988,2.4755
F1,2020-11-29,Lens,Angers,1,3,1.3761,2.6274
F1,2020-11-29,Lorient,Montpellier,0,1,0.3435,1.4711
F1,2020-11-29,Lyon,Reims,3,0,1.9664,0.3346
F1,2020-11-29,Metz,Brest,0,2,0.705,1.323
F1,2020-11-29,Monaco,Nimes,3,0,3.4358,0.2087
F1,2020-11-29,Nice,Dijon,1,3,2.4046,0.9801
F1,2020-11-29,St Etienne,Lille,1,1,0.9824,0.3919
I1,2020-11-29,Bologna,Crotone,1,0,1.8006,0.4012
I1,2020-11-29,Cagliari,Spezia,2,2,1.4455,2.7383
I1,2020-11-29,Lazio,Udinese,1,3,1.2279,1.4286
I1,2020-11-29,Milan,Fiorentina,2,0,2.8577,0.6027
I1,2020-11-29,Napoli,Roma,4,0,2.0587,0.3146
SP1,2020-11-29,Barcelona,Osasuna,4,0,3.9142,1.5612
SP1,2020-11-29,Celta,Granada,3,1,4.6412,1.4942
SP1,2020-11-29,Getafe,Ath Bilbao,1,1,0.5367,0.2775
SP1,2020-11-29,Sociedad,Villarreal,1,1,1.917,1.1017
E0,2020-11-30,Leicester,Fulham,1,2,1.2781,2.0372
E0,2020-11-30,West Ham,Aston Villa,2,1,0.5716,2.3905
I1,2020-11-30,Genoa,Parma,1,2,1.5837,1.405
I1,2020-11-30,Torino,Sampdoria,2,2,1.6386,1.3806
SP1,2020-11-30,Betis,Eibar,0,2,0.5176,3.2487
D1,2020-12-04,Hertha,Union Berlin,3,1,0.7684,0.2681
F1,2020-12-04,Nimes,Marseille,0,2,0.3846,2.1688
SP1,2020-12-04,Ath Bilbao,Celta,0,2,0.4541,1.2004
D1,2020-12-05,Bayern Munich,RB Leipzig,3,3,1.0005,1.5649
D1,2020-12-05,Bielefeld,Mainz,2,1,1.1848,2.5419
D1,2020-12-05,Ein Frankfurt,Dortmund,1,1,0.8478,1.1385
D1,2020-12-05,FC Koln,Wolfsburg,2,2,1.0857,1.9068
D1,2020-12-05,Freiburg,M'gladbach,2,2,4.0213,1.6685
E0,2020-12-05,Burnley,Everton,1,1,0.7304,2.2814
E0,2020-12-05,Chelsea,Leeds,3,1,4.8947,1.0277
E0,2020-12-05,Man City,Fulham,2,0,3.2633,0.2874
E0,2020-12-05,West Ham,Man United,1,3,2.5301,1.7871
F1,2020-12-05,Montpellier,Paris SG,1,3,1.9812,2.127
F1,2020-12-05,Rennes,Lens,0,2,0.5038,0.9279
I1,2020-12-05,Inter,Bologna,3,1,1.9829,1.1214
I1,2020-12-05,Juventus,Torino,2,1,2.5284,1.3424
I1,2020-12-05,Spezia,Lazio,1,2,1.7297,0.4379
SP1,2020-12-05,Ath Madrid,Valladolid,2,0,1.2755,0.4404
SP1,2020-12-05,Cadiz,Barcelona,2,1,2.6112,1.7103
SP1,2020-12-05,Levante,Getafe,3,0,2.567,0.4943
SP1,2020-12-05,Sevilla,Real Madrid,0,1,0.5339,1.6965
D1,2020-12-06,Schalke 04,Leverkusen,0,3,1.227,2.4531
D1,2020-12-06,Werder Bremen,Stuttgart,1,2,0.6479,2.1326
E0,2020-12-06,Liverpool,Wolves,4,0,1.5945,0.3578
E0,2020-12-06,Sheffield United,Leicester,1,2,0.2907,1.3904
E0,2020-12-06,Tottenham,Arsenal,2,0,0.3906,0.5952
E0,2020-12-06,West Brom,Crystal Palace,1,5,0.5672,1.6866
F1,2020-12-06,Angers,Lorient,2,0,1.9135,0.3351
F1,2020-12-06,Bordeaux,Brest,1,0,2.3655,0.1709
F1,2020-12-06,Dijon,St Etienne,0,0,0.2358,0.675
F1,2020-12-06,Lille,Monaco,2,1,1.3875,0.669
F1,2020-12-06,Metz,Lyon,1,3,1.2421,1.8112
F1,2020-12-06,Nantes,Strasbourg,0,4,0.6335,3.1975
F1,2020-12-06,Reims,Nice,0,0,0.5115,0.5708
I1,2020-12-06,Crotone,Napoli,0,4,0.5089,1.938
I1,2020-12-06,Parma,Benevento,0,0,0.5012,0.3405
I1,2020-12-06,Roma,Sassuolo,0,0,1.2799,0.2099
I1,2020-12-06,Sampdoria,Milan,1,2,0.9865,2.6683
I1,2020-12-06,Verona,Cagliari,1,1,3.0267,1.6792
SP1,2020-12-06,Alaves,Sociedad,0,0,0.2495,1.3995
SP1,2020-12-06,Granada,Huesca,3,3,1.8299,1.6866
SP1,2020-12-06,Osasuna,Betis,0,2,0.3667,1.5216
SP1,2020-12-06,Villarreal,Elche,0,0,0.5204,0.0545
D1,2020-12-07,Hoffenheim,Augsburg,3,1,1.4595,0.7931
E0,2020-12-07,Brighton,Southampton,1,2,2.0338,1.348
I1,2020-12-07,Fiorentina,Genoa,1,1,2.7921,1.3769
SP1,2020-12-07,Eibar,Valencia,0,0,1.0932,0.6482
D1,2020-12-11,Wolfsburg,Ein Frankfurt,2,1,2.8121,1.5139
E0,2020-12-11,Leeds,West Ham,1,2,1.5664,1.7851
F1,2020-12-11,St Etienne,Angers,0,0,1.158,0.7518
I1,2020-12-11,Sassuolo,Benevento,1,0,1.0893,2.0983
SP1,2020-12-11,Valladolid,Osasuna,3,2,1.8775,1.334
D1,2020-12-12,Dortmund,Stuttgart,1,5,0.776,3.0768
D1,2020-12-12,Freiburg,Bielefeld,2,0,2.4303,0.2384
D1,2020-12-12,M'gladbach,Hertha,1,1,1.3598,0.3651
D1,2020-12-12,Mainz,FC Koln,0,1,1.2617,0.839
D1,2020-12-12,RB Leipzig,Werder Bremen,2,0,2.4011,0.5994
D1,2020-12-12,Union Berlin,Bayern Munich,1,1,1.0868,1.0647
E0,2020-12-12,Everton,Chelsea,1,0,1.2216,1.0063
E0,2020-12-12,Man United,Man City,0,0,0.5916,1.2843
E0,2020-12-12,Newcastle,West Brom,2,1,0.9042,0.5732
E0,2020-12-12,Wolves,Aston Villa,0,1,1.1356,1.2687
F1,2020-12-12,Lens,Montpellier,2,3,1.3886,1.6172
F1,2020-12-12,Marseille,Monaco,2,1,1.5275,1.7077
I1,2020-12-12,Crotone,Spezia,4,1,1.6928,0.824
I1,2020-12-12,Lazio,Verona,1,2,0.6478,0.955
I1,2020-12-12,Torino,Udinese,2,3,1.0763,1.4741
SP1,2020-12-12,Getafe,Sevilla,0,1,0.3743,0.5075
SP1,2020-12-12,Huesca,Alaves,1,0,0.3808,0.1714
SP1,2020-12-12,Real Madrid,Ath Madrid,2,0,0.6517,0.7848
SP1,2020-12-12,Valencia,Ath Bilbao,2,2,2.1726,1.7331
D1,2020-12-13,Augsburg,Schalke 04,2,2,1.2544,1.9077
D1,2020-12-13,Leverkusen,Hoffenheim,4,1,2.1215,1.6745
E0,2020-12-13,Arsenal,Burnley,0,1,1.8536,0.8154
E0,2020-12-13,Crystal Palace,Tottenham,1,1,1.8444,1.4079
E0,2020-12-13,Fulham,Liverpool,1,1,1.7251,1.8244
E0,2020-12-13,Leicester,Brighton,3,0,1.6435,0.7917
E0,2020-12-13,Southampton,Sheffield United,3,0,2.2797,0.2191
F1,2020-12-13,Brest,Reims,2,1,2.9736,0.5551
F1,2020-12-13,Lille,Bordeaux,2,1,1.3458,0.8041
F1,2020-12-13,Lorient,Nimes,3,0,2.8206,0.5629
F1,2020-12-13,Nantes,Dijon,1,1,1.8818,1.0251
F1,2020-12-13,Nice,Rennes,0,1,0.7915,1.2598
F1,2020-12-13,Paris SG,Lyon,0,1,0.3101,0.8336
F1,2020-12-13,Strasbourg,Metz,2,2,0.7888,1.7189
I1,2020-12-13,Atalanta,Fiorentina,3,0,2.8038,0.4618
I1,2020-12-13,Bologna,Roma,1,5,0.3548,4.0354
I1,2020-12-13,Cagliari,Inter,1,3,1.6108,2.7459
I1,2020-12-13,Genoa,Juventus,1,3,0.4844,3.6009
I1,2020-12-13,Milan,Parma,2,2,1.8515,0.6034
I1,2020-12-13,Napoli,Sampdoria,2,1,1.5184,0.7138
SP1,2020-12-13,Barcelona,Levante,1,0,2.6208,0.9789
SP1,2020-12-13,Betis,Villarreal,1,1,0.475,1.1058
SP1,2020-12-13,Elche,Granada,0,1,0.5343,1.4054
SP1,2020-12-13,Sociedad,Eibar,1,1,1.3391,1.554
SP1,2020-12-14,Celta,Cadiz,4,0,1.5171,0.9062
D1,2020-12-15,Ein Frankfurt,M'gladbach,3,3,2.1272,1.1426
D1,2020-12-15,Hertha,Mainz,0,0,0.4901,0.743
D1,2020-12-15,Stuttgart,Union Berlin,2,2,2.186,1.0155
D1,2020-12-15,Werder Bremen,Dortmund,1,2,0.1459,3.3777
E0,2020-12-15,Man City,West Brom,1,1,2.5859,0.2102
E0,2020-12-15,Wolves,Chelsea,2,1,0.6838,1.5677
I1,2020-12-15,Benevento,Lazio,1,1,1.4309,0.4167
I1,2020-12-15,Udinese,Crotone,0,0,1.1039,0.1231
SP1,2020-12-15,Real Madrid,Ath Bilbao,3,1,2.5803,0.7283
D1,2020-12-16,Bayern Munich,Wolfsburg,2,1,1.2675,1.1082
D1,2020-12-16,Bielefeld,Augsburg,0,1,0.7021,0.3705
D1,2020-12-16,FC Koln,Leverkusen,0,4,0.2515,1.9338
D1,2020-12-16,Hoffenheim,RB Leipzig,0,1,0.7526,0.4763
D1,2020-12-16,Schalke 04,Freiburg,0,2,0.3766,1.1578
E0,2020-12-16,Arsenal,Southampton,1,1,0.6611,1.113
E0,2020-12-16,Fulham,Brighton,0,0,1.0045,0.4625
E0,2020-12-16,Leeds,Newcastle,5,2,2.9514,1.4444
E0,2020-12-16,Leicester,Everton,0,2,0.8388,1.5149
E0,2020-12-16,Liverpool,Tottenham,2,1,1.2178,1.5161
E0,2020-12-16,West Ham,Crystal Palace,1,1,0.4495,1.0911
F1,2020-12-16,Angers,Strasbourg,0,2,0.2151,0.5109
F1,2020-12-16,Bordeaux,St Etienne,1,2,0.5526,2.1875
F1,2020-12-16,Dijon,Lille,0,2,0.1718,1.1031
F1,2020-12-16,Lyon,Brest,2,2,3.2997,1.2814
F1,2020-12-16,Monaco,Lens,0,3,0.9285,0.9631
F1,2020-12-16,Montpellier,Metz,0,2,0.8925,1.6383
F1,2020-12-16,Nimes,Nice,0,2,0.994,1.979
F1,2020-12-16,Paris SG,Lorient,2,0,2.8005,1.3025
F1,2020-12-16,Reims,Nantes,3,2,1.7412,2.0826
F1,2020-12-16,Rennes,Marseille,2,1,1.1685,1.2424
I1,2020-12-16,Fiorentina,Sassuolo,1,1,1.7184,1.7103
I1,2020-12-16,Genoa,Milan,2,2,1.2298,2.0542
I1,2020-12-16,Inter,Napoli,1,0,1.318,3.2558
I1,2020-12-16,Juventus,Atalanta,1,1,2.7104,0.902
I1,2020-12-16,Parma,Cagliari,0,0,0.8704,0.2653
I1,2020-12-16,Spezia,Bologna,2,2,2.6653,1.6117
I1,2020-12-16,Verona,Sampdoria,1,2,1.4933,0.7795
SP1,2020-12-16,Barcelona,Sociedad,2,1,2.5813,1.8245
E0,2020-12-17,Aston Villa,Burnley,0,0,1.8114,0.3167
E0,2020-12-17,Sheffield United,Man United,2,3,1.2352,1.7867
I1,2020-12-17,Roma,Torino,3,1,3.0458,0.9751
D1,2020-12-18,Union Berlin,Dortmund,2,1,1.3821,1.1837
SP1,2020-12-18,Ath Bilbao,Huesca,2,0,1.5194,0.1828
D1,2020-12-19,Augsburg,Ein Frankfurt,0,2,1.4489,2.373
D1,2020-12-19,Leverkusen,Bayern Munich,1,2,0.3077,1.414
D1,2020-12-19,M'gladbach,Hoffenheim,1,2,2.1282,2.2875
D1,2020-12-19,Mainz,Werder Bremen,0,1,0.3884,1.3032
D1,2020-12-19,RB Leipzig,FC Koln,0,0,1.5784,0.2054
D1,2020-12-19,Schalke 04,Bielefeld,0,1,0.3385,0.8999
E0,2020-12-19,Crystal Palace,Liverpool,0,7,0.4893,2.869
E0,2020-12-19,Everton,Arsenal,2,1,0.6617,1.2521
E0,2020-12-19,Newcastle,Fulham,1,1,1.2672,1.1064
E0,2020-12-19,Southampton,Man City,0,1,0.587,1.156
F1,2020-12-19,Marseille,Reims,1,1,1.5057,0.3631
F1,2020-12-19,Metz,Lens,2,0,1.1604,1.1453
F1,2020-12-19,Nice,Lyon,1,4,0.762,3.1134
I1,2020-12-19,Fiorentina,Verona,1,1,1.6825,1.2468
I1,2020-12-19,Parma,Juventus,0,4,0.9266,2.8005
I1,2020-12-19,Sampdoria,Crotone,3,1,2.4802,1.043
SP1,2020-12-19,Ath Madrid,Elche,3,1,2.1,0.5223
SP1,2020-12-19,Barcelona,Valencia,2,2,3.2847,1.9718
SP1,2020-12-19,Levante,Sociedad,2,1,1.5278,2.1027
SP1,2020-12-19,Osasuna,Villarreal,1,3,0.9251,2.7942
SP1,2020-12-19,Sevilla,Valladolid,1,1,1.7397,0.8786
D1,2020-12-20,Freiburg,Hertha,4,1,2.9673,1.0383
D1,2020-12-20,Wolfsburg,Stuttgart,1,0,1.6753,1.1093
E0,2020-12-20,Brighton,Sheffield United,1,1,2.901,1.0371
E0,2020-12-20,Man United,Leeds,6,2,4.7774,1.6347
E0,2020-12-20,Tottenham,Leicester,0,2,0.9459,1.7477
E0,2020-12-20,West Brom,Aston Villa,0,3,0.0388,2.6196
F1,2020-12-20,Brest,Montpellier,2,2,2.1689,0.5222
F1,2020-12-20,Dijon,Monaco,0,1,1.1767,1.127
F1,2020-12-20,Lille,Paris SG,0,0,0.3944,0.5524
F1,2020-12-20,Lorient,Rennes,0,3,1.0355,1.0005
F1,2020-12-20,Nantes,Angers,1,1,0.5731,0.9421
F1,2020-12-20,St Etienne,Nimes,2,2,2.9447,1.5056
F1,2020-12-20,Strasbourg,Bordeaux,0,2,1.0111,1.3097
I1,2020-12-20,Atalanta,Roma,4,1,1.9143,0.7128
I1,2020-12-20,Benevento,Genoa,2,0,1.5544,0.245
I1,2020-12-20,Cagliari,Udinese,1,1,0.6285,1.4364
I1,2020-12-20,Inter,Spezia,2,1,1.2633,0.7794
I1,2020-12-20,Lazio,Napoli,2,0,0.7016,0.9826
I1,2020-12-20,Sassuolo,Milan,1,2,1.0472,1.4146
I1,2020-12-20,Torino,Bologna,1,1,1.1056,2.1773
SP1,2020-12-20,Cadiz,Getafe,0,2,0.3565,1.1043
SP1,2020-12-20,Celta,Alaves,2,0,1.6257,0.4048
SP1,2020-12-20,Eibar,Real Madrid,1,3,0.6421,2.3592
SP1,2020-12-20,Granada,Betis,2,0,1.3824,1.0496
E0,2020-12-21,Burnley,Wolves,2,1,1.2046,1.4572
E0,2020-12-21,Chelsea,West Ham,3,0,2.4116,0.2777
I1,2020-12-22,Crotone,Parma,2,1,0.7999,1.5023
I1,2020-12-22,Juventus,Fiorentina,0,3,0.3881,1.5312
SP1,2020-12-22,Elche,Osasuna,2,2,1.254,1.6951
SP1,2020-12-22,Huesca,Levante,1,1,1.3697,0.5814
SP1,2020-12-22,Sociedad,Ath Madrid,0,2,0.2301,0.5466
SP1,2020-12-22,Valencia,Sevilla,0,1,0.5591,1.8501
SP1,2020-12-22,Valladolid,Barcelona,0,3,0.4991,3.2386
SP1,2020-12-22,Villarreal,Ath Bilbao,1,1,1.3219,0.9108
F1,2020-12-23,Angers,Marseille,2,1,0.7804,1.4976
F1,2020-12-23,Bordeaux,Reims,1,3,1.2121,1.3033
F1,2020-12-23,Lens,Brest,2,1,2.0261,1.1765
F1,2020-12-23,Lyon,Nantes,3,0,3.9821,1.1039
F1,2020-12-23,Monaco,St Etienne,2,2,0.6804,1.9722
F1,2020-12-23,Montpellier,Lille,2,3,1.1905,1.7044
F1,2020-12-23,Nice,Lorient,2,2,0.6567,2.1345
F1,2020-12-23,Nimes,Dijon,1,3,0.9587,1.6007
F1,2020-12-23,Paris SG,Strasbourg,4,0,3.1162,0.4172
F1,2020-12-23,Rennes,Metz,1,0,0.663,0.8349
I1,2020-12-23,Bologna,Atalanta,2,2,1.088,1.8938
I1,2020-12-23,Milan,Lazio,3,2,1.881,1.458
I1,2020-12-23,Napoli,Torino,1,1,0.8964,0.3902
I1,2020-12-23,Roma,Cagliari,3,2,3.3617,1.1965
I1,2020-12-23,Sampdoria,Sassuolo,2,3,1.6455,2.1638
I1,2020-12-23,Spezia,Genoa,1,2,0.5304,1.2479
I1,2020-12-23,Udinese,Benevento,0,2,2.4683,0.3381
I1,2020-12-23,Verona,Inter,1,2,1.2363,2.0312
SP1,2020-12-23,Alaves,Eibar,2,1,1.8869,0.7867
SP1,2020-12-23,Betis,Cadiz,1,0,0.3425,0.2822
SP1,2020-12-23,Getafe,Celta,1,1,0.2657,0.7672
SP1,2020-12-23,Real Madrid,Granada,2,0,2.0441,0.7996
E0,2020-12-26,Arsenal,Chelsea,3,1,1.9448,2.2541
E0,2020-12-26,Aston Villa,Crystal Palace,3,0,4.5821,0.8491
E0,2020-12-26,Fulham,Southampton,0,0,0.7819,0.1197
E0,2020-12-26,Leicester,Man United,2,2,1.0396,2.0842
E0,2020-12-26,Man City,Newcastle,2,0,3.1957,0.201
E0,2020-12-26,Sheffield United,Everton,0,1,1.2511,0.5688
E0,2020-12-27,Leeds,Burnley,1,0,2.1327,1.5459
E0,2020-12-27,Liverpool,West Brom,1,1,1.4548,0.7398
E0,2020-12-27,West Ham,Brighton,2,2,1.3888,1.5055
E0,2020-12-27,Wolves,Tottenham,1,1,0.7426,0.4081
E0,2020-12-28,Chelsea,Aston Villa,1,1,1.537,0.7309
E0,2020-12-28,Crystal Palace,Leicester,1,1,0.3213,1.7213
E0,2020-12-29,Brighton,Arsenal,0,1,0.7994,1.3139
E0,2020-12-29,Burnley,Sheffield United,1,0,0.9738,0.4926
E0,2020-12-29,Man United,Wolves,1,0,1.4821,0.411
E0,2020-12-29,Southampton,West Ham,0,0,0.671,1.0725
E0,2020-12-29,West Brom,Leeds,0,5,0.4355,1.5422
SP1,2020-12-29,Barcelona,Eibar,1,1,2.057,0.5923
SP1,2020-12-29,Cadiz,Valladolid,0,0,0.7868,0.2997
SP1,2020-12-29,Levante,Betis,4,3,1.6754,2.6394
SP1,2020-12-29,Sevilla,Villarreal,2,0,2.7317,0.3464
E0,2020-12-30,Newcastle,Liverpool,0,0,0.8179,1.3205
SP1,2020-12-30,Ath Madrid,Getafe,1,0,0.9192,0.9412
SP1,2020-12-30,Celta,Huesca,2,1,2.8521,1.0513
SP1,2020-12-30,Elche,Real Madrid,1,1,1.0242,1.555
SP1,2020-12-30,Granada,Valencia,2,1,2.2361,1.2731
SP1,2020-12-31,Ath Bilbao,Sociedad,0,1,0.1723,1.843
SP1,2020-12-31,Osasuna,Alaves,1,1,0.3183,1.3503
E0,2021-01-01,Everton,West Ham,0,1,0.371,1.1971
E0,2021-01-01,Man United,Aston Villa,2,1,2.4647,1.5643
D1,2021-01-02,Bielefeld,M'gladbach,0,1,0.7078,1.8859
D1,2021-01-02,Ein Frankfurt,Leverkusen,2,1,1.3416,0.7523
D1,2021-01-02,FC Koln,Augsburg,0,1,0.4547,1.24
D1,2021-01-02,Hertha,Schalke 04,3,0,2.0658,0.7179
D1,2021-01-02,Hoffenheim,Freiburg,1,3,1.1448,2.08
D1,2021-01-02,Stuttgart,RB Leipzig,0,1,0.8912,2.6402
D1,2021-01-02,Werder Bremen,Union Berlin,0,2,1.0178,1.3038
E0,2021-01-02,Brighton,Wolves,3,3,2.4228,1.8186
E0,2021-01-02,Crystal Palace,Sheffield United,2,0,0.5989,0.3232
E0,2021-01-02,Tottenham,Leeds,3,0,2.5286,1.1563
E0,2021-01-02,West Brom,Arsenal,0,4,0.8699,4.0343
SP1,2021-01-02,Betis,Sevilla,1,1,2.0377,0.2482
SP1,2021-01-02,Getafe,Valladolid,0,1,0.7687,1.1692
SP1,2021-01-02,Real Madrid,Celta,2,0,1.2467,0.5648
SP1,2021-01-02,Villarreal,Levante,2,1,1.7278,0.5544
D1,2021-01-03,Bayern Munich,Mainz,5,2,4.1101,1.1937
D1,2021-01-03,Dortmund,Wolfsburg,2,0,2.0023,1.2199
E0,2021-01-03,Chelsea,Man City,1,3,0.691,3.1806
E0,2021-01-03,Newcastle,Leicester,1,2,0.2646,0.7021
I1,2021-01-03,Atalanta,Sassuolo,5,1,3.5028,0.4991
I1,2021-01-03,Benevento,Milan,0,2,2.3497,1.5369
I1,2021-01-03,Cagliari,Napoli,1,4,0.8606,5.2489
I1,2021-01-03,Fiorentina,Bologna,0,0,0.3522,0.6337
I1,2021-01-03,Genoa,Lazio,1,1,1.1451,1.3463
I1,2021-01-03,Inter,Crotone,6,2,2.4614,1.8518
I1,2021-01-03,Juventus,Udinese,4,1,3.5407,1.7578
I1,2021-01-03,Parma,Torino,0,3,0.8469,1.6733
I1,2021-01-03,Roma,Sampdoria,1,0,2.4069,0.2296
I1,2021-01-03,Spezia,Verona,0,1,0.4503,1.5461
SP1,2021-01-03,Alaves,Ath Madrid,1,2,0.1549,2.319
SP1,2021-01-03,Ath Bilbao,Elche,1,0,1.3878,0.1374
SP1,2021-01-03,Eibar,Granada,2,0,1.8419,0.9176
SP1,2021-01-03,Huesca,Barcelona,0,1,0.259,3.212
SP1,2021-01-03,Sociedad,Osasuna,1,1,0.7854,0.6099
E0,2021-01-04,Southampton,Liverpool,1,0,0.5004,1.372
SP1,2021-01-04,Valencia,Cadiz,1,1,0.9421,0.5222
F1,2021-01-06,Brest,Nice,2,0,1.133,1.3739
F1,2021-01-06,Lille,Angers,1,2,0.2853,0.413
F1,2021-01-06,Lorient,Monaco,2,5,0.6123,2.8177
F1,2021-01-06,Lyon,Lens,3,2,1.8231,0.9472
F1,2021-01-06,Marseille,Montpellier,3,1,2.5238,1.179
F1,2021-01-06,Metz,Bordeaux,0,0,0.7175,0.6675
F1,2021-01-06,Nantes,Rennes,0,0,0.6007,0.4907
F1,2021-01-06,Reims,Dijon,0,0,0.8783,0.1257
F1,2021-01-06,St Etienne,Paris SG,1,1,1.2999,1.395
F1,2021-01-06,Strasbourg,Nimes,5,0,4.6476,0.8268
I1,2021-01-06,Atalanta,Parma,3,0,2.3853,0.0468
I1,2021-01-06,Bologna,Udinese,2,2,1.3068,1.7045
I1,2021-01-06,Cagliari,Benevento,1,2,1.1675,1.234
I1,2021-01-06,Crotone,Roma,1,3,0.498,1.9
I1,2021-01-06,Lazio,Fiorentina,2,1,1.9189,1.7728
I1,2021-01-06,Milan,Juventus,1,3,1.0258,2.3569
I1,2021-01-06,Napoli,Spezia,1,2,4.0131,1.927
I1,2021-01-06,Sampdoria,Inter,2,1,1.3375,2.4917
I1,2021-01-06,Sassuolo,Genoa,2,1,2.26,1.0497
I1,2021-01-06,Torino,Verona,1,1,1.3644,0.2995
SP1,2021-01-06,Ath Bilbao,Barcelona,2,3,0.6381,1.3994
D1,2021-01-08,M'gladbach,Bayern Munich,3,2,0.9692,1.3272
SP1,2021-01-08,Celta,Villarreal,0,4,0.363,2.8816
D1,2021-01-09,Freiburg,FC Koln,5,0,2.9163,0.1397
D1,2021-01-09,Leverkusen,Werder Bremen,1,1,0.5882,0.4819
D1,2021-01-09,Mainz,Ein Frankfurt,0,2,1.103,2.4404
D1,2021-01-09,RB Leipzig,Dortmund,1,3,1.5944,2.5747
D1,2021-01-09,Schalke 04,Hoffenheim,4,0,2.1331,1.8433
D1,2021-01-09,Union Berlin,Wolfsburg,2,2,1.0029,1.8906
F1,2021-01-09,Bordeaux,Lorient,2,1,1.6123,1.0673
F1,2021-01-09,Dijon,Marseille,0,0,0.4888,1.802
F1,2021-01-09,Lens,Strasbourg,0,1,0.5753,1.5777
F1,2021-01-09,Metz,Nice,1,1,1.2556,1.4808
F1,2021-01-09,Monaco,Angers,3,0,2.308,0.6894
F1,2021-01-09,Montpellier,Nantes,1,1,0.9055,1.3107
F1,2021-01-09,Nimes,Lille,0,1,0.3451,1.0142
F1,2021-01-09,Paris SG,Brest,3,0,2.9138,0.5469
F1,2021-01-09,Reims,St Etienne,3,1,1.7053,1.2891
F1,2021-01-09,Rennes,Lyon,2,2,1.1489,1.1162
I1,2021-01-09,Benevento,Atalanta,1,4,0.9457,4.0811
I1,2021-01-09,Genoa,Bologna,2,0,1.0511,1.0355
I1,2021-01-09,Milan,Torino,2,0,1.5881,0.3721
SP1,2021-01-09,Granada,Barcelona,0,4,0.4904,1.6458
SP1,2021-01-09,Osasuna,Real Madrid,0,0,0.5891,0.4224
SP1,2021-01-09,Sevilla,Sociedad,3,2,2.9243,1.0573
D1,2021-01-10,Augsburg,Stuttgart,1,4,0.9745,4.0121
D1,2021-01-10,Bielefeld,Hertha,1,0,0.6233,0.6031
I1,2021-01-10,Fiorentina,Cagliari,1,0,1.9074,1.2552
I1,2021-01-10,Juventus,Sassuolo,3,1,3.0395,0.5424
I1,2021-01-10,Parma,Lazio,0,2,0.3821,3.416
I1,2021-01-10,Roma,Inter,2,2,0.9043,1.9311
I1,2021-01-10,Udinese,Napoli,1,2,2.2245,1.7625
I1,2021-01-10,Verona,Crotone,2,1,1.2919,0.833
SP1,2021-01-10,Cadiz,Alaves,3,1,2.5947,0.8298
SP1,2021-01-10,Levante,Eibar,2,1,0.858,1.3421
SP1,2021-01-10,Valladolid,Valencia,0,1,0.5628,1.0937
I1,2021-01-11,Spezia,Sampdoria,2,1,1.7153,0.4337
SP1,2021-01-11,Elche,Getafe,1,3,1.2128,3.1709
SP1,2021-01-11,Huesca,Betis,0,2,1.1524,2.9844
E0,2021-01-12,Burnley,Man United,0,1,0.6486,1.24
E0,2021-01-12,Sheffield United,Newcastle,1,0,2.0131,1.0474
E0,2021-01-12,Wolves,Everton,1,2,0.8525,0.3234
SP1,2021-01-12,Ath Madrid,Sevilla,2,0,0.5774,1.1996
SP1,2021-01-12,Granada,Osasuna,2,0,0.831,0.6242
E0,2021-01-13,Man City,Brighton,1,0,2.9085,0.1771
E0,2021-01-13,Tottenham,Fulham,1,1,3.1437,1.0533
E0,2021-01-14,Arsenal,Crystal Palace,0,0,0.3686,0.7096
D1,2021-01-15,Union Berlin,Leverkusen,1,0,1.2183,0.7945
F1,2021-01-15,Montpellier,Monaco,2,3,0.552,2.888
I1,2021-01-15,Lazio,Roma,3,0,0.9416,0.6396
D1,2021-01-16,Dortmund,Mainz,1,1,1.898,0.5364
D1,2021-01-16,FC Koln,Hertha,0,0,0.3366,0.42
D1,2021-01-16,Hoffenheim,Bielefeld,0,0,0.6553,0.5964
D1,2021-01-16,Stuttgart,M'gladbach,2,2,1.638,1.4338
D1,2021-01-16,Werder Bremen,Augsburg,2,0,1.2008,0.9435
D1,2021-01-16,Wolfsburg,RB Leipzig,2,2,0.8069,2.4162
E0,2021-01-16,Fulham,Chelsea,0,1,0.4613,1.3794
E0,2021-01-16,Leeds,Brighton,0,1,0.2452,1.1442
E0,2021-01-16,Leicester,Southampton,2,0,2.1202,0.3781
E0,2021-01-16,West Ham,Burnley,1,0,1.734,0.3957
E0,2021-01-16,Wolves,West Brom,2,3,1.9436,2.4633
F1,2021-01-16,Angers,Paris SG,0,1,0.9372,1.4866
F1,2021-01-16,Marseille,Nimes,1,2,2.1628,1.5878
I1,2021-01-16,Bologna,Verona,1,0,2.5943,0.6951
I1,2021-01-16,Sampdoria,Udinese,2,1,1.5054,2.7828
I1,2021-01-16,Torino,Spezia,0,0,0.9945,0.3109
D1,2021-01-17,Bayern Munich,Freiburg,2,1,3.017,0.7621
D1,2021-01-17,Ein Frankfurt,Schalke 04,3,1,1.9786,0.1355
E0,2021-01-17,Liverpool,Man United,0,0,1.2021,1.1893
E0,2021-01-17,Man City,Crystal Palace,4,0,0.9611,0.0516
E0,2021-01-17,Sheffield United,Tottenham,1,3,0.9781,1.2838
F1,2021-01-17,Brest,Rennes,1,2,1.9495,1.4995
F1,2021-01-17,Lille,Reims,2,1,1.3799,0.265
F1,2021-01-17,Lyon,Metz,0,1,1.6386,1.4255
F1,2021-01-17,Nantes,Lens,1,1,1.1598,1.3564
F1,2021-01-17,Nice,Bordeaux,0,3,0.4699,3.613
F1,2021-01-17,Strasbourg,St Etienne,1,0,2.6099,1.2515
I1,2021-01-17,Atalanta,Genoa,0,0,2.0833,0.906
I1,2021-01-17,Crotone,Benevento,4,1,1.495,2.4602
I1,2021-01-17,Inter,Juventus,2,0,1.7324,0.3681
I1,2021-01-17,Napoli,Fiorentina,6,0,2.2414,1.1403
I1,2021-01-17,Sassuolo,Parma,1,1,1.814,0.6984
E0,2021-01-18,Arsenal,Newcastle,3,0,2.3074,0.1688
I1,2021-01-18,Cagliari,Milan,0,2,1.1919,1.6996
D1,2021-01-19,Hertha,Hoffenheim,0,3,1.335,1.0753
D1,2021-01-19,Leverkusen,Dortmund,2,1,1.8208,1.2576
D1,2021-01-19,M'gladbach,Werder Bremen,1,0,0.6455,0.8133
D1,2021-01-19,Mainz,Wolfsburg,0,2,0.3722,0.9894
E0,2021-01-19,Leicester,Chelsea,2,0,1.1449,0.6157
E0,2021-01-19,West Ham,West Brom,2,1,2.1751,0.4641
SP1,2021-01-19,Alaves,Sevilla,1,2,1.4064,1.0321
SP1,2021-01-19,Cadiz,Levante,2,2,0.7257,2.007
SP1,2021-01-19,Valladolid,Elche,2,2,1.0208,0.5759
D1,2021-01-20,Augsburg,Bayern Munich,0,1,1.2199,1.9819
D1,2021-01-20,Bielefeld,Stuttgart,3,0,1.8577,1.3225
D1,2021-01-20,Freiburg,Ein Frankfurt,2,2,0.8501,1.452
D1,2021-01-20,RB Leipzig,Union Berlin,1,0,1.3499,0.1218
D1,2021-01-20,Schalke 04,FC Koln,1,2,1.1401,1.7479
E0,2021-01-20,Fulham,Man United,1,2,0.7537,1.684
E0,2021-01-20,Man City,Aston Villa,2,0,3.3439,0.6018
F1,2021-01-20,Marseille,Lens,0,1,0.1187,1.55
I1,2021-01-20,Udinese,Atalanta,1,1,0.4181,1.2845
SP1,2021-01-20,Betis,Celta,2,1,0.6465,0.9668
SP1,2021-01-20,Getafe,Huesca,1,0,0.6566,0.713
SP1,2021-01-20,Villarreal,Granada,2,2,2.1589,0.1353
E0,2021-01-21,Liverpool,Burnley,0,1,1.6491,1.0806
SP1,2021-01-21,Eibar,Ath Madrid,1,2,1.2704,1.2306
SP1,2021-01-21,Valencia,Osasuna,1,1,0.4398,1.6353
D1,2021-01-22,M'gladbach,Dortmund,4,2,2.3323,1.9327
F1,2021-01-22,Paris SG,Montpellier,4,0,4.9092,0.1581
I1,2021-01-22,Benevento,Torino,2,2,1.6027,1.4463
SP1,2021-01-22,Levante,Valladolid,2,2,1.0474,0.6311
D1,2021-01-23,Augsburg,Union Berlin,2,1,0.9499,1.6259
D1,2021-01-23,Bielefeld,Ein Frankfurt,1,5,0.3287,2.5641
D1,2021-01-23,Freiburg,Stuttgart,2,1,1.5344,3.0267
D1,2021-01-23,Hertha,Werder Bremen,1,4,1.9979,1.3932
D1,2021-01-23,Leverkusen,Wolfsburg,0,1,0.5724,1.0586
D1,2021-01-23,Mainz,RB Leipzig,3,2,1.9715,1.8615
E0,2021-01-23,Aston Villa,Newcastle,2,0,2.6026,0.4004
F1,2021-01-23,Lens,Nice,0,1,1.189,0.5473
F1,2021-01-23,Monaco,Marseille,3,1,1.8755,0.4625
I1,2021-01-23,Fiorentina,Crotone,2,1,1.0393,0.6116
I1,2021-01-23,Milan,Atalanta,0,3,1.7444,2.3952
I1,2021-01-23,Roma,Spezia,4,3,2.5945,1.4601
I1,2021-01-23,Udinese,Inter,0,0,0.2108,0.726
SP1,2021-01-23,Alaves,Real Madrid,1,4,0.7626,1.4225
SP1,2021-01-23,Huesca,Villarreal,0,0,0.1773,0.4848
SP1,2021-01-23,Sevilla,Cadiz,3,0,2.5168,1.1669
SP1,2021-01-23,Sociedad,Betis,2,2,2.246,0.6385
D1,2021-01-24,Hoffenheim,FC Koln,3,0,2.6626,2.2851
D1,2021-01-24,Schalke 04,Bayern Munich,0,4,0.938,3.128
F1,2021-01-24,Bordeaux,Angers,2,1,1.1096,1.7136
F1,2021-01-24,Dijon,Strasbourg,1,1,0.8028,2.7928
F1,2021-01-24,Metz,Nantes,2,0,0.8339,0.24
F1,2021-01-24,Reims,Brest,1,0,1.1881,1.0194
F1,2021-01-24,Rennes,Lille,0,1,0.5503,0.796
F1,2021-01-24,St Etienne,Lyon,0,5,0.2225,2.1987
I1,2021-01-24,Genoa,Cagliari,1,0,2.495,1.2748
I1,2021-01-24,Juventus,Bologna,2,0,3.5214,0.4303
I1,2021-01-24,Lazio,Sassuolo,2,1,2.0071,0.6573
I1,2021-01-24,Parma,Sampdoria,0,2,1.0542,2.1892
I1,2021-01-24,Verona,Napoli,3,1,2.3511,0.9035
SP1,2021-01-24,Ath Madrid,Valencia,3,1,2.0531,0.2502
SP1,2021-01-24,Celta,Eibar,1,1,1.5305,0.5911
SP1,2021-01-24,Elche,Barcelona,0,2,0.4773,3.1214
SP1,2021-01-24,Osasuna,Granada,3,1,1.881,0.5927
SP1,2021-01-25,Ath Bilbao,Getafe,5,1,1.8763,1.2917
E0,2021-01-26,Crystal Palace,West Ham,2,3,0.629,3.3032
E0,2021-01-26,Newcastle,Leeds,1,2,1.1364,0.7859
E0,2021-01-26,Southampton,Arsenal,1,3,0.995,2.4339
E0,2021-01-26,West Brom,Man City,0,5,0.5683,2.2484
E0,2021-01-27,Brighton,Fulham,0,0,2.2913,0.5132
E0,2021-01-27,Burnley,Aston Villa,3,2,0.7177,2.7072
E0,2021-01-27,Chelsea,Wolves,0,0,0.6633,0.6319
E0,2021-01-27,Everton,Leicester,1,1,0.475,0.792
E0,2021-01-27,Man United,Sheffield United,1,2,0.9931,0.6895
F1,2021-01-27,Lorient,Dijon,3,2,0.896,1.6704
E0,2021-01-28,Tottenham,Liverpool,1,3,0.1046,2.588
D1,2021-01-29,Stuttgart,Mainz,2,0,1.0274,0.2988
F1,2021-01-29,Lyon,Bordeaux,2,1,1.3005,0.7314
I1,2021-01-29,Torino,Fiorentina,1,1,2.1637,1.4838
SP1,2021-01-29,Valladolid,Huesca,1,3,1.7492,1.1834
D1,2021-01-30,Bayern Munich,Hoffenheim,4,1,1.9457,1.874
D1,2021-01-30,Dortmund,Augsburg,3,1,1.9227,0.3057
D1,2021-01-30,Ein Frankfurt,Hertha,3,1,1.7833,0.3815
D1,2021-01-30,RB Leipzig,Leverkusen,1,0,1.6883,0.9058
D1,2021-01-30,Union Berlin,M'gladbach,1,1,0.6916,0.5805
D1,2021-01-30,Werder Bremen,Schalke 04,1,1,0.6437,0.4679
E0,2021-01-30,Arsenal,Man United,0,0,0.7472,1.5133
E0,2021-01-30,Crystal Palace,Wolves,1,0,1.3688,0.4509
E0,2021-01-30,Everton,Newcastle,0,2,0.966,2.0883
E0,2021-01-30,Man City,Sheffield United,1,0,1.5312,0.1545
E0,2021-01-30,Southampton,Aston Villa,0,1,2.2256,0.7955
E0,2021-01-30,West Brom,Fulham,2,2,0.9947,1.5204
F1,2021-01-30,Montpellier,Lens,1,2,1.0381,1.0705
I1,2021-01-30,Bologna,Milan,1,2,1.3455,3.3292
I1,2021-01-30,Inter,Benevento,4,0,1.6573,0.0
I1,2021-01-30,Sampdoria,Juventus,0,2,0.2409,1.6391
SP1,2021-01-30,Eibar,Sevilla,0,2,1.0224,1.6656
SP1,2021-01-30,Real Madrid,Levante,1,2,1.2355,1.8288
SP1,2021-01-30,Valencia,Elche,1,0,3.0084,0.3289
SP1,2021-01-30,Villarreal,Sociedad,1,1,0.2325,1.1668
D1,2021-01-31,FC Koln,Bielefeld,3,1,1.5071,0.9494
D1,2021-01-31,Wolfsburg,Freiburg,3,0,2.0056,0.6841
E0,2021-01-31,Brighton,Tottenham,1,0,1.7739,0.3725
E0,2021-01-31,Chelsea,Burnley,2,0,1.4405,0.3907
E0,2021-01-31,Leicester,Leeds,1,3,1.7343,1.8141
E0,2021-01-31,West Ham,Liverpool,1,3,0.8831,2.0581
F1,2021-01-31,Angers,Nimes,3,1,1.5946,0.9424
F1,2021-01-31,Brest,Metz,2,4,1.8688,1.5055
F1,2021-01-31,Lille,Dijon,1,0,1.9082,0.3709
F1,2021-01-31,Lorient,Paris SG,3,2,1.5606,2.6418
F1,2021-01-31,Nantes,Monaco,1,2,1.2393,1.5244
F1,2021-01-31,Nice,St Etienne,0,1,0.4358,1.5875
F1,2021-01-31,Strasbourg,Reims,0,1,0.9951,1.317
I1,2021-01-31,Atalanta,Lazio,1,3,1.1802,2.3906
I1,2021-01-31,Cagliari,Sassuolo,1,1,0.8795,1.8957
I1,2021-01-31,Crotone,Genoa,0,3,0.6378,1.2505
I1,2021-01-31,Napoli,Parma,2,0,1.0577,0.5404
I1,2021-01-31,Roma,Verona,3,1,2.1848,0.7285
I1,2021-01-31,Spezia,Udinese,0,1,0.816,1.203
SP1,2021-01-31,Barcelona,Ath Bilbao,2,1,2.5315,0.2754
SP1,2021-01-31,Cadiz,Ath Madrid,2,4,0.8613,1.7954
SP1,2021-01-31,Getafe,Alaves,0,0,0.5308,0.2014
SP1,2021-01-31,Granada,Celta,0,0,0.3242,0.3393
SP1,2021-02-01,Betis,Osasuna,1,0,1.9333,1.3852
E0,2021-02-02,Man United,Southampton,9,0,5.0325,0.5079
E0,2021-02-02,Newcastle,Crystal Palace,1,2,1.9076,0.8093
E0,2021-02-02,Sheffield United,West Brom,2,1,1.358,1.6187
E0,2021-02-02,Wolves,Arsenal,2,1,1.5616,0.7163
E0,2021-02-03,Aston Villa,West Ham,1,3,0.7412,1.7906
E0,2021-02-03,Burnley,Man City,0,2,0.0489,2.1215
E0,2021-02-03,Fulham,Leicester,0,2,0.7313,1.713
E0,2021-02-03,Leeds,Everton,1,2,1.143,1.9154
E0,2021-02-03,Liverpool,Brighton,0,1,1.0952,1.1898
F1,2021-02-03,Bordeaux,Lille,0,3,0.7463,1.9993
F1,2021-02-03,Dijon,Lyon,0,1,0.998,2.2636
F1,2021-02-03,Lens,Marseille,2,2,1.5319,1.3201
F1,2021-02-03,Metz,Montpellier,1,1,0.902,1.0275
F1,2021-02-03,Monaco,Nice,2,1,2.7347,0.4267
F1,2021-02-03,Paris SG,Nimes,3,0,1.6919,1.735
F1,2021-02-03,Reims,Angers,0,0,0.5569,0.252
F1,2021-02-03,Rennes,Lorient,1,1,1.0345,0.6206
F1,2021-02-03,St Etienne,Nantes,1,1,1.5036,1.2549
F1,2021-02-03,Strasbourg,Brest,2,2,0.6101,0.7107
E0,2021-02-04,Tottenham,Chelsea,0,1,0.5694,2.393
D1,2021-02-05,Hertha,Bayern Munich,0,1,1.247,1.8015
I1,2021-02-05,Fiorentina,Inter,0,2,0.5423,2.4815
SP1,2021-02-05,Alaves,Valladolid,1,0,1.6064,0.0534
D1,2021-02-06,Augsburg,Wolfsburg,0,2,0.3848,2.1981
D1,2021-02-06,Freiburg,Dortmund,2,1,0.1677,1.286
D1,2021-02-06,Leverkusen,Stuttgart,5,2,4.6066,1.3062
D1,2021-02-06,M'gladbach,FC Koln,1,2,0.4278,0.8166
D1,2021-02-06,Mainz,Union Berlin,1,0,2.2073,0.938
D1,2021-02-06,Schalke 04,RB Leipzig,0,3,0.1252,3.1018
E0,2021-02-06,Aston Villa,Arsenal,1,0,1.1979,0.6796
E0,2021-02-06,Burnley,Brighton,1,1,1.8893,0.6127
E0,2021-02-06,Fulham,West Ham,0,0,1.6088,0.9435
E0,2021-02-06,Man United,Everton,3,3,1.7177,1.5571
E0,2021-02-06,Newcastle,Southampton,3,2,0.9106,1.4345
F1,2021-02-06,Lens,Rennes,0,0,1.0901,0.5494
F1,2021-02-06,Lorient,Reims,1,0,1.1175,0.7799
F1,2021-02-06,Lyon,Strasbourg,3,0,1.5965,0.242
I1,2021-02-06,Atalanta,Torino,3,3,2.0576,2.8011
I1,2021-02-06,Genoa,Napoli,2,1,1.0937,2.0928
I1,2021-02-06,Juventus,Roma,2,0,0.2511,0.6525
I1,2021-02-06,Sassuolo,Spezia,1,2,0.974,1.6522
SP1,2021-02-06,Elche,Villarreal,2,2,1.1352,1.5113
SP1,2021-02-06,Huesca,Real Madrid,1,2,0.921,3.5392
SP1,2021-02-06,Levante,Granada,2,2,1.524,1.2692
SP1,2021-02-06,Sevilla,Getafe,3,0,2.0334,0.2095
D1,2021-02-07,Hoffenheim,Ein Frankfurt,1,3,0.6377,1.2636
E0,2021-02-07,Liverpool,Man City,1,4,1.1773,3.552
E0,2021-02-07,Sheffield United,Chelsea,1,2,0.623,1.6414
E0,2021-02-07,Tottenham,West Brom,2,0,1.93,0.6987
E0,2021-02-07,Wolves,Leicester,0,0,1.3551,0.6322
F1,2021-02-07,Brest,Bordeaux,2,1,2.036,0.6355
F1,2021-02-07,Marseille,Paris SG,0,2,0.4261,1.2305
F1,2021-02-07,Montpellier,Dijon,4,2,5.6055,1.3173
F1,2021-02-07,Nantes,Lille,0,2,0.4003,1.7948
F1,2021-02-07,Nice,Angers,3,0,1.309,0.6204
F1,2021-02-07,Nimes,Monaco,3,4,1.5402,1.2458
F1,2021-02-07,St Etienne,Metz,1,0,0.5602,0.3274
I1,2021-02-07,Benevento,Sampdoria,1,1,0.9491,1.7008
I1,2021-02-07,Lazio,Cagliari,1,0,1.0166,1.2379
I1,2021-02-07,Milan,Crotone,4,0,3.2663,0.4835
I1,2021-02-07,Parma,Bologna,0,3,0.7872,1.4508
I1,2021-02-07,Udinese,Verona,2,0,2.2167,0.3243
SP1,2021-02-07,Ath Bilbao,Valencia,1,1,1.347,0.8413
SP1,2021-02-07,Betis,Barcelona,2,3,1.8752,1.3328
SP1,2021-02-07,Osasuna,Eibar,2,1,2.6213,1.0763
SP1,2021-02-07,Sociedad,Cadiz,4,1,4.7946,0.3542
E0,2021-02-08,Leeds,Crystal Palace,2,0,2.6477,0.3703
SP1,2021-02-08,Ath Madrid,Celta,2,2,1.2297,1.7193
SP1,2021-02-09,Real Madrid,Getafe,2,0,1.8636,0.093
D1,2021-02-12,RB Leipzig,Augsburg,2,1,2.2624,0.9384
I1,2021-02-12,Bologna,Benevento,1,1,1.9192,0.8
SP1,2021-02-12,Celta,Elche,3,1,2.3197,0.8366
D1,2021-02-13,Dortmund,Hoffenheim,2,2,1.1906,2.1925
D1,2021-02-13,Leverkusen,Mainz,2,2,1.7518,2.2752
D1,2021-02-13,Stuttgart,Hertha,1,1,1.3857,0.8324
D1,2021-02-13,Union Berlin,Schalke 04,0,0,1.9379,0.3358
D1,2021-02-13,Werder Bremen,Freiburg,0,0,0.9071,0.3756
E0,2021-02-13,Brighton,Aston Villa,0,0,2.3323,0.144
E0,2021-02-13,Crystal Palace,Burnley,0,3,0.6456,1.955
E0,2021-02-13,Leicester,Liverpool,3,1,2.0738,1.6832
E0,2021-02-13,Man City,Tottenham,3,0,2.4622,0.4235
F1,2021-02-13,Lyon,Montpellier,1,2,3.9436,1.7572
F1,2021-02-13,Paris SG,Nice,2,1,2.4731,1.0503
F1,2021-02-13,Reims,Lens,1,1,0.6791,3.1568
I1,2021-02-13,Napoli,Juventus,1,0,1.0564,2.0149
I1,2021-02-13,Spezia,Milan,2,0,1.3328,0.5222
I1,2021-02-13,Torino,Genoa,0,0,0.4069,0.2092
SP1,2021-02-13,Barcelona,Alaves,5,1,2.8603,0.711
SP1,2021-02-13,Eibar,Valladolid,1,1,1.9223,0.9686
SP1,2021-02-13,Granada,Ath Madrid,1,2,0.8271,0.9297
SP1,2021-02-13,Sevilla,Huesca,1,0,1.329,1.3952
D1,2021-02-14,Ein Frankfurt,FC Koln,2,0,2.9449,0.5547
D1,2021-02-14,Wolfsburg,M'gladbach,0,0,0.6411,0.6633
E0,2021-02-14,Arsenal,Leeds,4,2,2.5061,0.7707
E0,2021-02-14,Everton,Fulham,0,2,0.3141,2.5509
E0,2021-02-14,Southampton,Wolves,1,2,0.8536,1.0936
E0,2021-02-14,West Brom,Man United,1,1,0.946,0.4239
F1,2021-02-14,Angers,Nantes,1,3,1.7208,1.7536
F1,2021-02-14,Bordeaux,Marseille,0,0,1.9045,0.4179
F1,2021-02-14,Dijon,Nimes,0,2,0.467,1.9077
F1,2021-02-14,Lille,Brest,0,0,0.6251,0.0884
F1,2021-02-14,Metz,Strasbourg,1,2,1.4661,1.3967
F1,2021-02-14,Monaco,Lorient,2,2,1.9386,1.4394
F1,2021-02-14,Rennes,St Etienne,0,2,0.7972,0.3472
I1,2021-02-14,Cagliari,Atalanta,0,1,0.2033,0.9668
I1,2021-02-14,Crotone,Sassuolo,1,2,0.738,2.7814
I1,2021-02-14,Inter,Lazio,3,1,2.4161,0.9757
I1,2021-02-14,Roma,Udinese,3,0,2.9814,0.3103
I1,2021-02-14,Sampdoria,Fiorentina,2,1,1.3737,1.2804
SP1,2021-02-14,Getafe,Sociedad,0,1,0.263,1.0332
SP1,2021-02-14,Levante,Osasuna,0,1,1.7301,0.6851
SP1,2021-02-14,Real Madrid,Valencia,2,0,0.8629,0.0597
SP1,2021-02-14,Villarreal,Betis,1,2,1.1796,1.3501
D1,2021-02-15,Bayern Munich,Bielefeld,3,3,2.2929,1.718
E0,2021-02-15,Chelsea,Newcastle,2,0,2.5428,0.4326
E0,2021-02-15,West Ham,Sheffield United,3,0,2.3274,0.9267
I1,2021-02-15,Verona,Parma,2,1,1.2599,1.2819
SP1,2021-02-15,Cadiz,Ath Bilbao,0,4,0.5673,2.3611
E0,2021-02-17,Burnley,Fulham,1,1,1.2064,0.5945
E0,2021-02-17,Everton,Man City,1,3,1.0466,1.2322
F1,2021-02-17,Marseille,Nice,3,2,0.6483,1.2083
SP1,2021-02-17,Levante,Ath Madrid,1,1,0.6424,1.1696
D1,2021-02-19,Bielefeld,Wolfsburg,0,3,0.3196,1.6763
E0,2021-02-19,Wolves,Leeds,1,0,0.592,2.4793
F1,2021-02-19,Brest,Lyon,2,3,1.46,3.4748
I1,2021-02-19,Cagliari,Torino,0,1,0.8048,1.1614
I1,2021-02-19,Fiorentina,Spezia,3,0,2.0828,0.8547
SP1,2021-02-19,Betis,Getafe,1,0,2.6747,0.2771
D1,2021-02-20,Ein Frankfurt,Bayern Munich,2,1,1.9074,1.5483
D1,2021-02-20,FC Koln,Stuttgart,0,1,0.6509,0.6067
D1,2021-02-20,Freiburg,Union Berlin,0,1,0.8361,1.4968
D1,2021-02-20,M'gladbach,Mainz,1,2,0.6599,0.6655
D1,2021-02-20,Schalke 04,Dortmund,0,4,0.8303,1.8535
E0,2021-02-20,Burnley,West Brom,0,0,0.5352,1.7192
E0,2021-02-20,Fulham,Sheffield United,1,0,1.2101,0.9777
E0,2021-02-20,Liverpool,Everton,0,2,1.5405,2.0147
E0,2021-02-20,Southampton,Chelsea,1,1,0.4966,1.4485
F1,2021-02-20,Nantes,Marseille,1,1,0.7793,0.5643
F1,2021-02-20,St Etienne,Reims,1,1,1.977,0.3547
I1,2021-02-20,Genoa,Verona,2,2,0.9429,1.1783
I1,2021-02-20,Lazio,Sampdoria,1,0,1.3689,1.2723
I1,2021-02-20,Sassuolo,Bologna,1,1,1.7543,0.5471
SP1,2021-02-20,Ath Madrid,Levante,0,2,2.0615,0.7676
SP1,2021-02-20,Elche,Eibar,1,0,0.3972,1.669
SP1,2021-02-20,Valencia,Celta,2,0,1.1667,0.6892
SP1,2021-02-20,Valladolid,Real Madrid,0,1,0.9097,1.3099
D1,2021-02-21,Augsburg,Leverkusen,1,1,0.9317,0.3975
D1,2021-02-21,Hertha,RB Leipzig,0,3,0.8591,1.1634
D1,2021-02-21,Hoffenheim,Werder Bremen,4,0,2.6606,0.11
E0,2021-02-21,Arsenal,Man City,0,1,0.3312,2.0887
E0,2021-02-21,Aston Villa,Leicester,1,2,1.7084,1.2385
E0,2021-02-21,Man United,Newcastle,3,1,1.7256,0.3418
E0,2021-02-21,West Ham,Tottenham,2,1,1.0925,0.7707
F1,2021-02-21,Lens,Dijon,2,1,1.2975,0.8865
F1,2021-02-21,Lorient,Lille,1,4,0.2316,1.0467
F1,2021-02-21,Montpellier,Rennes,2,1,2.8681,1.421
F1,2021-02-21,Nice,Metz,1,2,1.0475,1.4334
F1,2021-02-21,Nimes,Bordeaux,2,0,0.3642,0.7918
F1,2021-02-21,Paris SG,Monaco,0,2,0.9538,1.0566
F1,2021-02-21,Strasbourg,Angers,0,0,1.4189,0.3251
I1,2021-02-21,Atalanta,Napoli,4,2,2.6845,0.6247
I1,2021-02-21,Benevento,Roma,0,0,0.2483,0.9174
I1,2021-02-21,Milan,Inter,0,3,0.7073,2.9552
I1,2021-02-21,Parma,Udinese,2,2,2.7189,1.3464
SP1,2021-02-21,Ath Bilbao,Villarreal,1,1,2.3222,0.068
SP1,2021-02-21,Barcelona,Cadiz,1,1,2.3901,1.3291
SP1,2021-02-21,Huesca,Granada,3,2,2.4716,0.8546
SP1,2021-02-21,Sociedad,Alaves,4,0,2.5035,0.3074
E0,2021-02-22,Brighton,Crystal Palace,1,2,2.592,0.1799
I1,2021-02-22,Juventus,Crotone,3,0,4.4206,0.6544
SP1,2021-02-22,Osasuna,Sevilla,0,2,0.4575,1.0534
E0,2021-02-23,Leeds,Southampton,3,0,1.8475,1.4798
F1,2021-02-24,Nimes,Lorient,1,0,0.9147,0.3945
SP1,2021-02-24,Barcelona,Elche,3,0,2.6608,0.3511
D1,2021-02-26,Werder Bremen,Ein Frankfurt,2,1,1.1068,1.1789
F1,2021-02-26,Rennes,Nice,1,2,0.752,1.6621
SP1,2021-02-26,Levante,Ath Bilbao,1,1,1.0593,1.9969
D1,2021-02-27,Bayern Munich,FC Koln,5,1,2.4022,0.9854
D1,2021-02-27,Dortmund,Bielefeld,3,0,2.5086,0.6367
D1,2021-02-27,RB Leipzig,M'gladbach,3,2,1.8912,1.9416
D1,2021-02-27,Stuttgart,Schalke 04,5,1,2.6863,1.6454
D1,2021-02-27,Wolfsburg,Hertha,2,0,0.621,1.1887
E0,2021-02-27,Leeds,Aston Villa,0,1,1.0011,0.8763
E0,2021-02-27,Man City,West Ham,2,1,0.7606,1.9289
E0,2021-02-27,Newcastle,Wolves,1,1,1.9519,1.2783
E0,2021-02-27,West Brom,Brighton,1,0,0.6871,3.1211
F1,2021-02-27,Bordeaux,Metz,1,2,0.9785,1.8407
F1,2021-02-27,Dijon,Paris SG,0,4,0.2497,2.1218
I1,2021-02-27,Bologna,Lazio,2,0,1.3045,2.4983
I1,2021-02-27,Spezia,Parma,2,2,1.5026,1.2244
I1,2021-02-27,Verona,Juventus,1,1,0.7004,1.2221
SP1,2021-02-27,Alaves,Osasuna,0,1,0.4835,0.9942
SP1,2021-02-27,Eibar,Huesca,1,1,1.7966,0.4807
SP1,2021-02-27,Getafe,Valencia,3,0,0.8959,0.1738
SP1,2021-02-27,Sevilla,Barcelona,0,2,0.1171,1.587
D1,2021-02-28,Leverkusen,Freiburg,1,2,1.1599,1.4764
D1,2021-02-28,Mainz,Augsburg,0,1,0.4548,1.2762
D1,2021-02-28,Union Berlin,Hoffenheim,1,1,0.9586,1.5353
E0,2021-02-28,Chelsea,Man United,0,0,1.1729,0.3595
E0,2021-02-28,Crystal Palace,Fulham,0,0,0.088,0.8131
E0,2021-02-28,Leicester,Arsenal,1,3,0.5336,2.1065
E0,2021-02-28,Sheffield United,Liverpool,0,2,0.7771,2.8055
E0,2021-02-28,Tottenham,Burnley,4,0,2.3579,0.6032
F1,2021-02-28,Angers,Lens,2,2,1.716,1.0798
F1,2021-02-28,Lille,Strasbourg,1,1,0.8663,0.9654
F1,2021-02-28,Lorient,St Etienne,2,1,0.8586,1.0187
F1,2021-02-28,Marseille,Lyon,1,1,1.3564,0.5818
F1,2021-02-28,Monaco,Brest,2,0,2.1923,0.4297
F1,2021-02-28,Nimes,Nantes,1,1,0.4743,1.4886
F1,2021-02-28,Reims,Montpellier,0,0,0.3384,0.3226
I1,2021-02-28,Crotone,Cagliari,0,2,0.8598,1.4754
I1,2021-02-28,Inter,Genoa,3,0,2.8556,0.105
I1,2021-02-28,Napoli,Benevento,2,0,2.3486,0.4302
I1,2021-02-28,Roma,Milan,1,2,1.198,3.2493
I1,2021-02-28,Sampdoria,Atalanta,0,2,0.4591,1.3743
I1,2021-02-28,Udinese,Fiorentina,1,0,1.0092,0.3936
SP1,2021-02-28,Cadiz,Betis,0,1,0.228,0.5962
SP1,2021-02-28,Celta,Valladolid,1,1,0.8608,0.7624
SP1,2021-02-28,Granada,Elche,2,1,1.452,1.2852
SP1,2021-02-28,Villarreal,Ath Madrid,0,2,1.941,0.8398
E0,2021-03-01,Everton,Southampton,1,0,1.4205,0.6657
SP1,2021-03-01,Real Madrid,Sociedad,1,1,1.9853,1.2195
E0,2021-03-02,Man City,Wolves,4,1,3.262,0.3188
I1,2021-03-02,Juventus,Spezia,3,0,2.6169,1.263
E0,2021-03-03,Burnley,Leicester,1,1,1.2679,1.2411
E0,2021-03-03,Crystal Palace,Man United,0,0,0.7424,0.584
E0,2021-03-03,Sheffield United,Aston Villa,1,0,0.7163,1.4418
F1,2021-03-03,Bordeaux,Paris SG,0,1,0.8087,1.2782
F1,2021-03-03,Brest,Dijon,3,1,1.5629,0.7161
F1,2021-03-03,Lille,Marseille,2,0,2.2298,0.0998
F1,2021-03-03,Lyon,Rennes,1,0,1.9426,0.5912
F1,2021-03-03,Metz,Angers,0,1,0.6886,1.0704
F1,2021-03-03,Montpellier,Lorient,1,1,0.6465,2.0525
F1,2021-03-03,Nantes,Reims,1,2,1.4264,0.6185
F1,2021-03-03,Nice,Nimes,2,1,1.5067,2.3786
F1,2021-03-03,St Etienne,Lens,2,3,1.7313,1.9727
F1,2021-03-03,Strasbourg,Monaco,1,0,0.7513,0.7298
I1,2021-03-03,Atalanta,Crotone,5,1,3.8342,0.5994
I1,2021-03-03,Benevento,Verona,0,3,0.3457,1.8149
I1,2021-03-03,Cagliari,Bologna,1,0,0.9185,0.5722
I1,2021-03-03,Fiorentina,Roma,1,2,0.4402,1.3818
I1,2021-03-03,Genoa,Sampdoria,1,1,0.2824,0.5545
I1,2021-03-03,Milan,Udinese,1,1,1.3128,0.7724
I1,2021-03-03,Sassuolo,Napoli,3,3,2.4724,2.5434
E0,2021-03-04,Fulham,Tottenham,0,1,1.1715,1.5519
E0,2021-03-04,Liverpool,Chelsea,0,1,0.247,1.2264
E0,2021-03-04,West Brom,Everton,0,1,1.0204,1.4079
I1,2021-03-04,Parma,Inter,1,2,0.8079,3.4593
D1,2021-03-05,Schalke 04,Mainz,0,0,0.4141,0.8489
SP1,2021-03-05,Valencia,Villarreal,2,1,1.7552,1.8463
D1,2021-03-06,Bayern Munich,Dortmund,4,2,2.6954,0.7236
D1,2021-03-06,Ein Frankfurt,Stuttgart,1,1,1.5652,1.1552
D1,2021-03-06,Freiburg,RB Leipzig,0,3,0.1974,1.9731
D1,2021-03-06,Hertha,Augsburg,2,1,2.6853,0.8362
D1,2021-03-06,Hoffenheim,Wolfsburg,2,1,0.9891,1.826
D1,2021-03-06,M'gladbach,Leverkusen,0,1,0.544,1.3684
E0,2021-03-06,Aston Villa,Wolves,0,0,0.9564,2.1509
E0,2021-03-06,Brighton,Leicester,1,2,0.7547,1.038
E0,2021-03-06,Burnley,Arsenal,1,1,1.1037,2.5369
E0,2021-03-06,Sheffield United,Southampton,0,2,0.9082,2.3739
I1,2021-03-06,Juventus,Lazio,3,1,1.4491,0.8761
I1,2021-03-06,Spezia,Benevento,1,1,1.6819,0.3197
I1,2021-03-06,Udinese,Sassuolo,2,0,1.7241,0.9449
SP1,2021-03-06,Cadiz,Eibar,1,0,1.6239,1.6003
SP1,2021-03-06,Elche,Sevilla,2,1,1.0131,0.964
SP1,2021-03-06,Osasuna,Barcelona,0,2,0.7565,1.3076
SP1,2021-03-06,Valladolid,Getafe,2,1,1.3172,0.9717
D1,2021-03-07,Bielefeld,Union Berlin,0,0,0.2134,1.4928
D1,2021-03-07,FC Koln,Werder Bremen,1,1,1.5039,1.2077
E0,2021-03-07,Liverpool,Fulham,0,1,0.7018,1.3705
E0,2021-03-07,Man City,Man United,0,2,1.2756,2.1141
E0,2021-03-07,Tottenham,Crystal Palace,4,1,2.2416,0.5594
E0,2021-03-07,West Brom,Newcastle,0,0,1.465,0.4546
I1,2021-03-07,Crotone,Torino,4,2,2.6023,1.9701
I1,2021-03-07,Fiorentina,Parma,3,3,1.2552,2.6677
I1,2021-03-07,Napoli,Bologna,3,1,1.2246,0.7701
I1,2021-03-07,Roma,Genoa,1,0,1.1129,0.2259
I1,2021-03-07,Sampdoria,Cagliari,2,2,0.5275,0.9799
I1,2021-03-07,Verona,Milan,0,2,1.1213,1.0236
SP1,2021-03-07,Ath Bilbao,Granada,2,1,1.2813,1.4552
SP1,2021-03-07,Ath Madrid,Real Madrid,1,1,1.9832,1.8841
SP1,2021-03-07,Huesca,Celta,3,4,3.1362,0.6556
SP1,2021-03-07,Sociedad,Levante,1,0,4.9518,0.1862
E0,2021-03-08,Chelsea,Everton,2,0,2.5722,0.2708
E0,2021-03-08,West Ham,Leeds,2,0,2.3756,1.3497
I1,2021-03-08,Inter,Atalanta,1,0,0.1815,0.677
SP1,2021-03-08,Betis,Alaves,3,2,2.0192,0.7982
D1,2021-03-10,Bielefeld,Werder Bremen,0,2,2.4919,1.6459
E0,2021-03-10,Man City,Southampton,5,2,3.105,1.6056
F1,2021-03-10,Marseille,Rennes,1,0,0.7513,0.5961
SP1,2021-03-10,Ath Madrid,Ath Bilbao,2,1,1.5388,0.7015
D1,2021-03-12,Augsburg,M'gladbach,3,1,1.1486,2.3061
E0,2021-03-12,Newcastle,Aston Villa,1,1,0.8732,0.7487
F1,2021-03-12,Reims,Lyon,1,1,0.7343,1.5348
I1,2021-03-12,Atalanta,Spezia,3,1,2.0127,1.2459
I1,2021-03-12,Lazio,Crotone,3,2,2.7051,1.3801
SP1,2021-03-12,Levante,Valencia,1,0,0.8531,0.4936
D1,2021-03-13,Dortmund,Hertha,2,0,1.9333,0.0761
D1,2021-03-13,Mainz,Freiburg,1,0,1.8381,1.4825
D1,2021-03-13,Union Berlin,FC Koln,2,1,2.3788,1.054
D1,2021-03-13,Werder Bremen,Bayern Munich,1,3,0.7664,3.9674
D1,2021-03-13,Wolfsburg,Schalke 04,5,0,2.5049,0.242
E0,2021-03-13,Crystal Palace,West Brom,1,0,1.3069,0.5134
E0,2021-03-13,Everton,Burnley,1,2,1.6985,0.7485
E0,2021-03-13,Fulham,Man City,0,3,0.4495,2.7258
E0,2021-03-13,Leeds,Chelsea,0,0,0.383,0.9711
F1,2021-03-13,Angers,St Etienne,0,1,0.2265,0.8723
F1,2021-03-13,Marseille,Brest,3,1,1.7215,0.4092
I1,2021-03-13,Benevento,Fiorentina,1,4,1.543,2.2693
I1,2021-03-13,Genoa,Udinese,1,1,1.6478,1.9153
I1,2021-03-13,Sassuolo,Verona,3,2,1.5638,1.4796
SP1,2021-03-13,Alaves,Cadiz,1,1,1.4899,1.7468
SP1,2021-03-13,Getafe,Ath Madrid,0,0,0.4097,1.8183
SP1,2021-03-13,Osasuna,Valladolid,0,0,0.4679,0.891
SP1,2021-03-13,Real Madrid,Elche,2,1,1.7263,0.727
D1,2021-03-14,Leverkusen,Bielefeld,1,2,2.3731,2.2812
D1,2021-03-14,RB Leipzig,Ein Frankfurt,1,1,1.813,0.6946
D1,2021-03-14,Stuttgart,Hoffenheim,2,0,1.038,0.9751
E0,2021-03-14,Arsenal,Tottenham,2,1,1.5653,0.7056
E0,2021-03-14,Leicester,Sheffield United,5,0,4.5457,0.0935
E0,2021-03-14,Man United,West Ham,1,0,1.7013,0.4637
E0,2021-03-14,Southampton,Brighton,1,2,1.035,0.896
F1,2021-03-14,Dijon,Bordeaux,1,3,0.9693,1.5005
F1,2021-03-14,Lens,Metz,2,2,2.3753,1.4608
F1,2021-03-14,Lorient,Nice,1,1,2.3105,0.5116
F1,2021-03-14,Monaco,Lille,0,0,0.6149,0.1637
F1,2021-03-14,Nimes,Montpellier,1,1,1.8316,1.5637
F1,2021-03-14,Paris SG,Nantes,1,2,0.8829,1.1577
F1,2021-03-14,Rennes,Strasbourg,1,0,1.0312,0.5896
I1,2021-03-14,Bologna,Sampdoria,3,1,2.2665,1.568
I1,2021-03-14,Cagliari,Juventus,1,3,0.657,2.34
I1,2021-03-14,Milan,Napoli,0,1,1.4836,1.3496
I1,2021-03-14,Parma,Roma,2,0,2.0969,1.6811
I1,2021-03-14,Torino,Inter,1,2,1.3549,2.5148
SP1,2021-03-14,Celta,Ath Bilbao,0,0,1.1888,0.7251
SP1,2021-03-14,Eibar,Villarreal,1,3,1.3236,2.8492
SP1,2021-03-14,Granada,Sociedad,1,0,0.332,0.3061
SP1,2021-03-14,Sevilla,Betis,1,0,0.842,0.6629
E0,2021-03-15,Wolves,Liverpool,0,1,1.2917,1.0552
SP1,2021-03-15,Barcelona,Huesca,4,1,1.5242,2.1982
I1,2021-03-17,Torino,Sassuolo,3,2,2.1526,1.4141
SP1,2021-03-17,Sevilla,Elche,2,0,1.9526,0.6128
D1,2021-03-19,Bielefeld,RB Leipzig,0,1,0.2904,2.509
E0,2021-03-19,Fulham,Leeds,1,2,1.475,1.4071
F1,2021-03-19,St Etienne,Monaco,0,4,0.4503,2.4331
I1,2021-03-19,Parma,Genoa,1,2,2.0969,0.8963
SP1,2021-03-19,Betis,Levante,2,0,2.46,0.5686
D1,2021-03-20,Bayern Munich,Stuttgart,4,0,2.6153,1.1232
D1,2021-03-20,Ein Frankfurt,Union Berlin,5,2,2.5351,2.9206
D1,2021-03-20,FC Koln,Dortmund,2,2,1.324,1.8111
D1,2021-03-20,Schalke 04,M'gladbach,0,3,0.1857,2.0667
D1,2021-03-20,Werder Bremen,Wolfsburg,1,2,1.0698,1.2029
E0,2021-03-20,Brighton,Newcastle,3,0,0.9519,0.1009
F1,2021-03-20,Metz,Rennes,1,3,0.6856,2.2674
F1,2021-03-20,Nice,Marseille,3,0,2.7496,0.3043
I1,2021-03-20,Crotone,Bologna,2,3,1.9462,3.8508
I1,2021-03-20,Spezia,Cagliari,2,1,1.0383,2.9522
SP1,2021-03-20,Ath Bilbao,Eibar,1,1,1.7273,0.5324
SP1,2021-03-20,Celta,Real Madrid,1,3,0.687,2.7957
SP1,2021-03-20,Huesca,Osasuna,0,0,0.8944,0.7349
SP1,2021-03-20,Valladolid,Sevilla,1,1,0.81,1.1125
D1,2021-03-21,Freiburg,Augsburg,2,0,2.0661,0.8213
D1,2021-03-21,Hertha,Leverkusen,3,0,2.0024,2.0025
D1,2021-03-21,Hoffenheim,Mainz,1,2,1.0507,3.203
E0,2021-03-21,Aston Villa,Tottenham,0,2,0.4397,1.7201
E0,2021-03-21,West Ham,Arsenal,3,3,2.5063,1.3522
F1,2021-03-21,Brest,Angers,0,0,0.4802,0.7579
F1,2021-03-21,Dijon,Reims,0,1,0.7921,1.3424
F1,2021-03-21,Lille,Nimes,1,2,0.7874,0.8042
F1,2021-03-21,Lyon,Paris SG,2,4,0.613,1.6505
F1,2021-03-21,Montpellier,Bordeaux,3,1,2.2412,1.3985
F1,2021-03-21,Nantes,Lorient,1,1,1.3906,0.8546
F1,2021-03-21,Strasbourg,Lens,1,2,2.1137,1.5535
I1,2021-03-21,Fiorentina,Milan,2,3,0.4451,1.8326
I1,2021-03-21,Juventus,Benevento,0,1,2.312,0.2473
I1,2021-03-21,Roma,Napoli,0,2,0.7333,1.074
I1,2021-03-21,Sampdoria,Torino,1,0,0.7743,0.7394
I1,2021-03-21,Udinese,Lazio,0,1,1.9207,1.5128
I1,2021-03-21,Verona,Atalanta,0,2,0.145,2.0679
SP1,2021-03-21,Ath Madrid,Alaves,1,0,0.6466,1.1132
SP1,2021-03-21,Getafe,Elche,1,1,1.7936,1.3871
SP1,2021-03-21,Sociedad,Barcelona,1,6,0.9171,3.3338
SP1,2021-03-21,Valencia,Granada,2,1,1.4357,0.9242
SP1,2021-03-21,Villarreal,Cadiz,2,1,2.5065,0.9066
SP1,2021-04-02,Levante,Huesca,0,2,0.4628,0.8578
D1,2021-04-03,Augsburg,Hoffenheim,2,1,0.5605,0.7546
D1,2021-04-03,Dortmund,Ein Frankfurt,1,2,2.148,1.7596
D1,2021-04-03,Leverkusen,Schalke 04,2,1,0.8613,1.0507
D1,2021-04-03,M'gladbach,Freiburg,2,1,1.4887,1.9675
D1,2021-04-03,Mainz,Bielefeld,1,1,2.4567,0.3768
D1,2021-04-03,RB Leipzig,Bayern Munich,0,1,0.4868,0.5975
D1,2021-04-03,Wolfsburg,FC Koln,1,0,0.7293,1.2091
E0,2021-04-03,Arsenal,Liverpool,0,3,0.1612,2.4373
E0,2021-04-03,Chelsea,West Brom,2,5,2.5592,1.3832
E0,2021-04-03,Leeds,Sheffield United,2,1,2.506,0.8677
E0,2021-04-03,Leicester,Man City,0,2,0.2848,1.9844
F1,2021-04-03,Lens,Lyon,1,1,0.6723,2.1081
F1,2021-04-03,Monaco,Metz,4,0,2.5,0.3565
F1,2021-04-03,Paris SG,Lille,0,1,1.0567,0.5528
I1,2021-04-03,Atalanta,Udinese,3,2,2.631,0.7381
I1,2021-04-03,Benevento,Parma,2,2,1.3882,1.2091
I1,2021-04-03,Bologna,Inter,0,1,1.2686,2.1236
I1,2021-04-03,Cagliari,Verona,0,2,1.2431,1.3014
I1,2021-04-03,Genoa,Fiorentina,1,1,1.184,0.9053
I1,2021-04-03,Lazio,Spezia,2,1,2.3651,0.9381
I1,2021-04-03,Milan,Sampdoria,1,1,0.9655,1.0154
I1,2021-04-03,Napoli,Crotone,4,3,3.4501,1.1717
I1,2021-04-03,Sassuolo,Roma,2,2,3.3812,1.555
I1,2021-04-03,Torino,Juventus,2,2,1.1591,3.297
SP1,2021-04-03,Granada,Villarreal,0,3,1.2294,3.4975
SP1,2021-04-03,Osasuna,Getafe,0,0,0.1985,0.3162
SP1,2021-04-03,Real Madrid,Eibar,2,0,1.9618,0.3
D1,2021-04-04,Stuttgart,Werder Bremen,1,0,0.6953,0.3625
D1,2021-04-04,Union Berlin,Hertha,1,1,0.8012,0.8502
E0,2021-04-04,Aston Villa,Fulham,3,1,1.5223,1.5217
E0,2021-04-04,Man United,Brighton,2,1,1.7347,1.4107
E0,2021-04-04,Newcastle,Tottenham,2,2,3.301,2.4368
E0,2021-04-04,Southampton,Burnley,3,2,2.4027,1.5029
F1,2021-04-04,Angers,Montpellier,1,1,0.9954,1.7517
F1,2021-04-04,Bordeaux,Strasbourg,2,3,1.5929,2.2841
F1,2021-04-04,Lorient,Brest,1,0,1.7611,0.2316
F1,2021-04-04,Marseille,Dijon,2,0,1.535,0.1248
F1,2021-04-04,Nantes,Nice,1,2,1.3688,2.3731
F1,2021-04-04,Nimes,St Etienne,0,2,1.5611,2.2104
F1,2021-04-04,Reims,Rennes,2,2,1.034,2.065
SP1,2021-04-04,Alaves,Celta,1,3,1.868,2.5894
SP1,2021-04-04,Cadiz,Valencia,2,1,1.0282,0.8584
SP1,2021-04-04,Elche,Betis,1,1,0.7978,1.9036
SP1,2021-04-04,Sevilla,Ath Madrid,1,0,1.8994,0.552
E0,2021-04-05,Everton,Crystal Palace,1,1,2.5339,0.6037
E0,2021-04-05,Wolves,West Ham,2,3,1.9565,1.5969
SP1,2021-04-05,Barcelona,Valladolid,1,0,1.688,0.4359
I1,2021-04-07,Inter,Sassuolo,2,1,1.2768,0.8681
I1,2021-04-07,Juventus,Napoli,2,1,1.6105,1.3643
SP1,2021-04-07,Sociedad,Ath Bilbao,1,1,0.7245,0.9904
D1,2021-04-09,Bielefeld,Freiburg,1,0,1.3563,0.4306
E0,2021-04-09,Fulham,Wolves,0,1,0.7332,0.4281
F1,2021-04-09,Metz,Lille,0,2,1.9621,0.5558
SP1,2021-04-09,Huesca,Elche,3,1,1.0939,0.8807
D1,2021-04-10,Bayern Munich,Union Berlin,1,1,0.8093,0.9085
D1,2021-04-10,Ein Frankfurt,Wolfsburg,4,3,0.7488,1.696
D1,2021-04-10,Hertha,M'gladbach,2,2,1.4178,1.2472
D1,2021-04-10,Stuttgart,Dortmund,2,3,1.516,1.1263
D1,2021-04-10,Werder Bremen,RB Leipzig,1,4,1.3279,1.6837
E0,2021-04-10,Crystal Palace,Chelsea,1,4,0.6022,3.8547
E0,2021-04-10,Liverpool,Aston Villa,2,1,2.1459,0.7606
E0,2021-04-10,Man City,Leeds,1,2,1.9883,0.1752
F1,2021-04-10,Montpellier,Marseille,3,3,2.1576,1.9416
F1,2021-04-10,Strasbourg,Paris SG,1,4,0.9459,2.1849
I1,2021-04-10,Parma,Milan,1,3,1.7023,1.0074
I1,2021-04-10,Spezia,Crotone,3,2,1.3923,1.4396
I1,2021-04-10,Udinese,Torino,0,1,1.0319,1.5385
SP1,2021-04-10,Ath Bilbao,Alaves,0,0,1.8109,0.4489
SP1,2021-04-10,Eibar,Levante,0,1,0.3606,0.3099
SP1,2021-04-10,Getafe,Cadiz,0,1,2.7838,0.6404
SP1,2021-04-10,Real Madrid,Barcelona,2,1,1.6499,1.1557
D1,2021-04-11,FC Koln,Mainz,2,3,2.4973,1.5174
D1,2021-04-11,Schalke 04,Augsburg,1,0,0.8583,1.1495
E0,2021-04-11,Burnley,Newcastle,1,2,1.8426,1.3428
E0,2021-04-11,Sheffield United,Arsenal,0,3,0.3151,1.9384
E0,2021-04-11,Tottenham,Man United,1,3,0.9218,2.0974
E0,2021-04-11,West Ham,Leicester,3,2,1.0241,1.1719
F1,2021-04-11,Brest,Nimes,1,1,1.9856,0.804
F1,2021-04-11,Lens,Lorient,4,1,3.3596,1.9479
F1,2021-04-11,Lyon,Angers,3,0,2.8494,1.0216
F1,2021-04-11,Monaco,Dijon,3,0,3.8829,0.684
F1,2021-04-11,Nice,Reims,0,0,0.5156,0.4515
F1,2021-04-11,Rennes,Nantes,1,0,0.7334,0.2246
F1,2021-04-11,St Etienne,Bordeaux,4,1,3.283,1.5225
I1,2021-04-11,Fiorentina,Atalanta,2,3,1.2876,3.0795
I1,2021-04-11,Inter,Cagliari,1,0,1.2557,0.2421
I1,2021-04-11,Juventus,Genoa,3,1,2.8283,1.4749
I1,2021-04-11,Roma,Bologna,1,0,1.3735,2.0125
I1,2021-04-11,Sampdoria,Napoli,0,2,0.9049,1.8988
I1,2021-04-11,Verona,Lazio,0,1,0.2155,0.458
SP1,2021-04-11,Betis,Ath Madrid,1,1,0.614,1.3414
SP1,2021-04-11,Valencia,Sociedad,2,2,2.3411,1.1305
SP1,2021-04-11,Valladolid,Granada,1,2,1.1921,1.2246
SP1,2021-04-11,Villarreal,Osasuna,1,2,1.6034,1.2908
D1,2021-04-12,Hoffenheim,Leverkusen,0,0,0.0917,0.3218
E0,2021-04-12,Brighton,Everton,0,0,1.1646,0.3063
E0,2021-04-12,West Brom,Southampton,3,0,2.7709,1.5002
I1,2021-04-12,Benevento,Sassuolo,0,1,0.3923,1.2825
SP1,2021-04-12,Celta,Sevilla,3,4,2.0919,1.5971
D1,2021-04-16,RB Leipzig,Hoffenheim,0,0,1.4397,0.1792
E0,2021-04-16,Everton,Tottenham,2,2,2.2602,1.4815
F1,2021-04-16,Lille,Montpellier,1,1,1.2267,0.9148
D1,2021-04-17,Augsburg,Bielefeld,0,0,0.7528,0.824
D1,2021-04-17,Freiburg,Schalke 04,4,0,2.0756,0.7167
D1,2021-04-17,Leverkusen,FC Koln,3,0,1.988,0.8288
D1,2021-04-17,M'gladbach,Ein Frankfurt,4,0,2.9545,0.6097
D1,2021-04-17,Union Berlin,Stuttgart,2,1,1.5351,0.7901
D1,2021-04-17,Wolfsburg,Bayern Munich,2,3,1.2501,1.7272
E0,2021-04-17,Newcastle,West Ham,3,2,2.4314,2.0674
E0,2021-04-17,Wolves,Sheffield United,1,0,1.226,0.2959
F1,2021-04-17,Angers,Rennes,0,3,0.4535,1.4232
F1,2021-04-17,Marseille,Lorient,3,2,2.4433,1.4738
I1,2021-04-17,Cagliari,Parma,4,3,2.3624,1.6174
I1,2021-04-17,Crotone,Udinese,1,2,1.5685,0.8274
I1,2021-04-17,Sampdoria,Verona,3,1,1.9444,1.3199
I1,2021-04-17,Sassuolo,Fiorentina,3,1,2.276,0.777
D1,2021-04-18,Dortmund,Werder Bremen,4,1,3.0711,0.9733
E0,2021-04-18,Arsenal,Fulham,1,1,2.8557,0.8391
E0,2021-04-18,Man United,Burnley,3,1,2.8746,0.9598
F1,2021-04-18,Bordeaux,Monaco,0,3,0.9273,1.871
F1,2021-04-18,Brest,Lens,1,1,0.3917,1.0649
F1,2021-04-18,Dijon,Nice,2,0,1.4174,0.7185
F1,2021-04-18,Nantes,Lyon,1,2,1.2194,1.8128
F1,2021-04-18,Nimes,Strasbourg,1,1,1.6316,1.0454
F1,2021-04-18,Paris SG,St Etienne,3,2,2.0497,1.2657
F1,2021-04-18,Reims,Metz,0,0,0.7319,0.8384
I1,2021-04-18,Atalanta,Juventus,1,0,0.9796,0.7957
I1,2021-04-18,Bologna,Spezia,4,1,3.1288,0.5326
I1,2021-04-18,Lazio,Benevento,5,3,3.6426,1.4002
I1,2021-04-18,Milan,Genoa,2,1,1.2153,1.3131
I1,2021-04-18,Napoli,Inter,1,1,0.5841,1.0199
I1,2021-04-18,Torino,Roma,3,1,3.3701,1.507
SP1,2021-04-18,Alaves,Huesca,1,0,0.317,0.7479
SP1,2021-04-18,Ath Madrid,Eibar,5,0,2.7503,0.0
SP1,2021-04-18,Betis,Valencia,2,2,0.6272,1.6174
SP1,2021-04-18,Cadiz,Celta,0,0,0.323,0.4361
SP1,2021-04-18,Getafe,Real Madrid,0,0,2.1943,0.6181
SP1,2021-04-18,Levante,Villarreal,1,5,0.8445,1.8781
SP1,2021-04-18,Osasuna,Elche,2,0,0.532,0.6996
SP1,2021-04-18,Sociedad,Sevilla,1,2,0.2928,3.6543
E0,2021-04-19,Leeds,Liverpool,1,1,2.5972,1.6004
D1,2021-04-20,Bayern Munich,Leverkusen,2,0,1.8927,0.5403
D1,2021-04-20,Bielefeld,Schalke 04,1,0,2.2983,0.2521
D1,2021-04-20,Ein Frankfurt,Augsburg,2,0,1.1689,1.4119
D1,2021-04-20,FC Koln,RB Leipzig,2,1,0.5949,2.0118
E0,2021-04-20,Chelsea,Brighton,0,0,0.8073,0.4596
I1,2021-04-20,Verona,Fiorentina,1,2,1.9565,1.1439
D1,2021-04-21,Dortmund,Union Berlin,2,0,6.3723,0.2749
D1,2021-04-21,Hoffenheim,M'gladbach,3,2,2.3102,0.8843
D1,2021-04-21,Stuttgart,Wolfsburg,1,3,1.7707,1.703
D1,2021-04-21,Werder Bremen,Mainz,0,1,0.8847,1.3829
E0,2021-04-21,Aston Villa,Man City,1,2,0.8017,1.5634
E0,2021-04-21,Tottenham,Southampton,2,1,1.2882,1.0613
I1,2021-04-21,Bologna,Torino,1,1,0.3279,1.86
I1,2021-04-21,Crotone,Sampdoria,0,1,0.6889,2.0374
I1,2021-04-21,Genoa,Benevento,2,2,1.2806,1.0397
I1,2021-04-21,Juventus,Parma,3,1,2.4969,1.3096
I1,2021-04-21,Milan,Sassuolo,1,2,1.1124,2.1378
I1,2021-04-21,Spezia,Inter,1,1,0.0316,2.8835
I1,2021-04-21,Udinese,Cagliari,0,1,0.764,1.3792
SP1,2021-04-21,Alaves,Villarreal,2,1,1.4096,1.4507
SP1,2021-04-21,Betis,Ath Bilbao,0,0,0.2448,0.8456
SP1,2021-04-21,Cadiz,Real Madrid,0,3,1.3192,3.5254
SP1,2021-04-21,Elche,Valladolid,1,1,1.3361,1.3036
SP1,2021-04-21,Levante,Sevilla,0,1,0.3103,2.0515
SP1,2021-04-21,Osasuna,Valencia,3,1,3.636,1.2034
E0,2021-04-22,Leicester,West Brom,3,0,2.6712,0.2771
I1,2021-04-22,Napoli,Lazio,5,2,1.5944,1.4395
I1,2021-04-22,Roma,Atalanta,1,1,1.1125,2.3904
SP1,2021-04-22,Ath Madrid,Huesca,2,0,2.3283,1.4066
SP1,2021-04-22,Barcelona,Getafe,5,2,2.1546,1.3954
SP1,2021-04-22,Granada,Eibar,4,1,1.762,1.3457
SP1,2021-04-22,Sociedad,Celta,2,1,2.1901,0.5043
D1,2021-04-23,Augsburg,FC Koln,2,3,1.8409,1.8248
E0,2021-04-23,Arsenal,Everton,0,1,0.7358,0.5297
F1,2021-04-23,Reims,Marseille,1,3,0.7046,2.3737
D1,2021-04-24,Freiburg,Hoffenheim,1,1,1.3176,1.5572
D1,2021-04-24,Leverkusen,Ein Frankfurt,3,1,2.0859,1.8322
D1,2021-04-24,Mainz,Bayern Munich,2,1,1.1149,1.1692
D1,2021-04-24,Union Berlin,Werder Bremen,3,1,1.6991,0.4483
D1,2021-04-24,Wolfsburg,Dortmund,0,2,1.362,1.0496
E0,2021-04-24,Liverpool,Newcastle,1,1,2.8471,0.8607
E0,2021-04-24,Sheffield United,Brighton,1,0,0.7863,2.0604
E0,2021-04-24,West Ham,Chelsea,0,1,0.2671,2.5206
F1,2021-04-24,Metz,Paris SG,1,3,0.6498,2.7068
F1,2021-04-24,St Etienne,Brest,1,2,1.1223,0.9205
I1,2021-04-24,Genoa,Spezia,2,0,2.4645,0.9324
I1,2021-04-24,Parma,Crotone,3,4,2.1345,2.7196
I1,2021-04-24,Sassuolo,Sampdoria,1,0,1.6607,0.9865
SP1,2021-04-24,Elche,Levante,1,0,0.4337,0.237
SP1,2021-04-24,Real Madrid,Betis,0,0,0.9854,0.8981
SP1,2021-04-24,Valencia,Alaves,1,1,1.0091,0.8939
SP1,2021-04-24,Valladolid,Cadiz,1,1,3.239,1.557
D1,2021-04-25,M'gladbach,Bielefeld,5,0,3.7517,0.5949
D1,2021-04-25,RB Leipzig,Stuttgart,2,0,3.7138,0.1285
E0,2021-04-25,Aston Villa,West Brom,2,2,2.6539,1.5676
E0,2021-04-25,Leeds,Man United,0,0,0.2168,1.1163
E0,2021-04-25,Wolves,Burnley,0,4,0.3517,2.2405
F1,2021-04-25,Angers,Monaco,0,1,0.1003,1.3531
F1,2021-04-25,Lens,Nimes,2,1,0.7125,1.455
F1,2021-04-25,Lorient,Bordeaux,4,1,2.1034,0.69
F1,2021-04-25,Lyon,Lille,2,3,0.9455,1.8746
F1,2021-04-25,Nice,Montpellier,3,1,2.3767,1.7303
F1,2021-04-25,Rennes,Dijon,5,1,4.1669,1.0304
F1,2021-04-25,Strasbourg,Nantes,1,2,1.3987,1.0928
I1,2021-04-25,Atalanta,Bologna,5,0,4.4585,0.9017
I1,2021-04-25,Benevento,Udinese,2,4,2.5186,1.3495
I1,2021-04-25,Cagliari,Roma,3,2,1.2629,1.5844
I1,2021-04-25,Fiorentina,Juventus,1,1,1.2114,1.156
I1,2021-04-25,Inter,Verona,1,0,0.8599,1.0614
SP1,2021-04-25,Ath Bilbao,Ath Madrid,2,1,1.4281,0.7453
SP1,2021-04-25,Celta,Osasuna,2,1,0.6019,1.4171
SP1,2021-04-25,Huesca,Getafe,0,2,0.4726,0.7119
SP1,2021-04-25,Sevilla,Granada,2,1,1.2731,0.9028
SP1,2021-04-25,Villarreal,Barcelona,1,2,0.9649,3.3806
E0,2021-04-26,Leicester,Crystal Palace,2,1,1.2342,0.7231
I1,2021-04-26,Lazio,Milan,3,0,2.2849,1.83
I1,2021-04-26,Torino,Napoli,0,2,1.0478,3.0505
SP1,2021-04-26,Eibar,Sociedad,0,1,0.7297,0.7064
SP1,2021-04-28,Ath Bilbao,Valladolid,2,2,1.7308,0.6406
SP1,2021-04-29,Barcelona,Granada,1,2,1.4367,0.8112
E0,2021-04-30,Southampton,Leicester,1,1,0.9541,2.5152
F1,2021-04-30,Marseille,Strasbourg,1,1,1.1321,0.2563
SP1,2021-04-30,Celta,Levante,2,0,2.3642,0.9767
E0,2021-05-01,Brighton,Leeds,2,0,2.5254,0.5109
E0,2021-05-01,Chelsea,Fulham,2,0,1.8433,0.29
E0,2021-05-01,Crystal Palace,Man City,0,2,0.3619,2.0444
E0,2021-05-01,Everton,Aston Villa,1,2,1.223,1.5881
F1,2021-05-01,Lille,Nice,2,0,0.6846,0.0
F1,2021-05-01,Paris SG,Lens,2,1,1.3776,1.515
I1,2021-05-01,Crotone,Inter,0,2,0.76,2.3417
I1,2021-05-01,Milan,Benevento,2,0,3.4468,0.7428
I1,2021-05-01,Verona,Spezia,1,1,2.0412,1.1764
SP1,2021-05-01,Eibar,Alaves,3,0,1.6433,0.1543
SP1,2021-05-01,Elche,Ath Madrid,0,1,1.3812,1.0152
SP1,2021-05-01,Huesca,Sociedad,1,0,0.4463,0.2984
SP1,2021-05-01,Real Madrid,Osasuna,2,0,1.6256,0.0722
E0,2021-05-02,Newcastle,Arsenal,0,2,0.173,1.7875
E0,2021-05-02,Tottenham,Sheffield United,4,0,2.2602,0.469
F1,2021-05-02,Bordeaux,Rennes,1,0,0.5889,0.7524
F1,2021-05-02,Brest,Nantes,1,4,1.6352,2.6184
F1,2021-05-02,Dijon,Metz,1,5,1.2483,1.8335
F1,2021-05-02,Lorient,Angers,2,0,2.4149,0.5842
F1,2021-05-02,Monaco,Lyon,2,3,2.1191,0.8407
F1,2021-05-02,Montpellier,St Etienne,1,2,1.0197,2.2619
F1,2021-05-02,Nimes,Reims,2,2,2.4228,0.6515
I1,2021-05-02,Bologna,Fiorentina,3,3,1.9395,2.0116
I1,2021-05-02,Lazio,Genoa,4,3,2.9049,1.1219
I1,2021-05-02,Napoli,Cagliari,1,1,2.9066,1.8855
I1,2021-05-02,Sampdoria,Roma,2,0,1.3726,1.6384
I1,2021-05-02,Sassuolo,Atalanta,1,1,1.2632,1.9483
I1,2021-05-02,Udinese,Juventus,1,2,0.3721,2.7942
SP1,2021-05-02,Granada,Cadiz,0,1,0.9244,1.6028
SP1,2021-05-02,Valencia,Barcelona,2,3,1.414,3.9846
SP1,2021-05-02,Valladolid,Betis,1,1,0.7625,1.8812
SP1,2021-05-02,Villarreal,Getafe,1,0,0.1842,0.4872
D1,2021-05-03,Mainz,Hertha,1,1,2.8172,1.5438
E0,2021-05-03,Burnley,West Ham,1,2,1.6831,2.4248
E0,2021-05-03,West Brom,Wolves,1,1,1.0713,0.8441
I1,2021-05-03,Torino,Parma,1,0,1.3536,0.4028
SP1,2021-05-03,Sevilla,Ath Bilbao,0,1,0.793,0.6882
D1,2021-05-06,Hertha,Freiburg,3,0,2.0387,0.8506
D1,2021-05-07,Stuttgart,Augsburg,2,1,1.6219,2.1105
E0,2021-05-07,Leicester,Newcastle,2,4,2.315,2.8726
F1,2021-05-07,Lens,Lille,0,3,1.3812,1.2449
SP1,2021-05-07,Sociedad,Elche,2,0,2.3944,0.0779
D1,2021-05-08,Bayern Munich,M'gladbach,6,0,3.0235,0.8066
D1,2021-05-08,Dortmund,RB Leipzig,3,2,2.0013,1.5055
D1,2021-05-08,Hoffenheim,Schalke 04,4,2,1.537,0.817
D1,2021-05-08,Werder Bremen,Leverkusen,0,0,0.5527,1.0517
D1,2021-05-08,Wolfsburg,Union Berlin,3,0,1.9426,0.577
E0,2021-05-08,Leeds,Tottenham,3,1,2.5522,1.0338
E0,2021-05-08,Liverpool,Southampton,2,0,2.2637,1.2289
E0,2021-05-08,Man City,Chelsea,1,2,1.7917,0.6197
E0,2021-05-08,Sheffield United,Crystal Palace,0,2,0.6393,2.2538
F1,2021-05-08,Lyon,Lorient,4,1,4.6427,0.612
F1,2021-05-08,Nantes,Bordeaux,3,0,1.7162,0.7213
I1,2021-05-08,Fiorentina,Lazio,2,0,1.4254,0.9809
I1,2021-05-08,Inter,Sampdoria,5,1,1.9577,1.4093
I1,2021-05-08,Spezia,Napoli,1,4,1.2716,2.321
I1,2021-05-08,Udinese,Bologna,1,1,0.4887,2.5278
SP1,2021-05-08,Alaves,Levante,2,2,1.3299,0.9876
SP1,2021-05-08,Ath Bilbao,Osasuna,2,2,1.393,1.5573
SP1,2021-05-08,Barcelona,Ath Madrid,0,0,0.8536,0.6854
SP1,2021-05-08,Cadiz,Huesca,2,1,0.9906,0.4353
D1,2021-05-09,Ein Frankfurt,Mainz,1,1,0.6914,0.5255
D1,2021-05-09,FC Koln,Freiburg,1,4,1.7208,2.4967
D1,2021-05-09,Hertha,Bielefeld,0,0,0.7579,0.5011
E0,2021-05-09,Arsenal,West Brom,3,1,1.0704,1.8308
E0,2021-05-09,Aston Villa,Man United,1,3,0.5655,1.8879
E0,2021-05-09,West Ham,Everton,0,1,1.097,1.5622
E0,2021-05-09,Wolves,Brighton,2,1,1.1199,0.2757
F1,2021-05-09,Angers,Dijon,3,0,1.7198,0.2674
F1,2021-05-09,Metz,Nimes,0,3,0.6806,2.0798
F1,2021-05-09,Nice,Brest,3,2,2.957,1.0262
F1,2021-05-09,Reims,Monaco,0,1,0.4324,1.059
F1,2021-05-09,Rennes,Paris SG,1,1,0.9467,1.5454
F1,2021-05-09,St Etienne,Marseille,1,0,1.4107,1.9283
F1,2021-05-09,Strasbourg,Montpellier,2,3,1.9728,0.7169
I1,2021-05-09,Benevento,Cagliari,1,3,1.1189,1.9485
I1,2021-05-09,Genoa,Sassuolo,1,2,0.7495,1.9197
I1,2021-05-09,Juventus,Milan,0,3,1.1029,1.2285
I1,2021-05-09,Parma,Atalanta,2,5,1.0558,3.1652
I1,2021-05-09,Roma,Crotone,5,0,2.3423,0.2856
I1,2021-05-09,Verona,Torino,1,1,1.7625,0.859
SP1,2021-05-09,Getafe,Eibar,0,1,0.767,1.0682
SP1,2021-05-09,Real Madrid,Sevilla,2,2,0.9964,1.0726
SP1,2021-05-09,Valencia,Valladolid,3,0,1.2644,0.7548
SP1,2021-05-09,Villarreal,Celta,2,4,2.5087,1.98
E0,2021-05-10,Fulham,Burnley,0,2,0.7781,1.6583
SP1,2021-05-10,Betis,Granada,2,1,1.847,2.085
E0,2021-05-11,Man United,Leicester,1,2,0.2129,0.9915
E0,2021-05-11,Southampton,Crystal Palace,3,1,1.5887,1.3259
I1,2021-05-11,Napoli,Udinese,5,1,3.3817,0.1868
SP1,2021-05-11,Elche,Alaves,0,2,0.8862,1.6614
SP1,2021-05-11,Levante,Barcelona,3,3,1.2773,3.0801
SP1,2021-05-11,Osasuna,Cadiz,3,2,2.1475,1.5469
D1,2021-05-12,Schalke 04,Hertha,1,2,1.0736,1.481
E0,2021-05-12,Chelsea,Arsenal,0,1,1.5679,0.692
I1,2021-05-12,Atalanta,Benevento,2,0,1.7907,0.1836
I1,2021-05-12,Bologna,Genoa,0,2,2.3079,1.6554
I1,2021-05-12,Cagliari,Fiorentina,0,0,0.3461,0.1061
I1,2021-05-12,Inter,Roma,3,1,2.3054,0.9616
I1,2021-05-12,Lazio,Parma,1,0,1.3556,0.5698
I1,2021-05-12,Sampdoria,Spezia,2,2,1.8364,2.7592
I1,2021-05-12,Sassuolo,Juventus,1,3,2.2373,1.369
I1,2021-05-12,Torino,Milan,0,7,0.8619,4.306
SP1,2021-05-12,Ath Madrid,Sociedad,2,1,1.7908,1.5328
SP1,2021-05-12,Celta,Getafe,1,0,0.2099,1.1408
SP1,2021-05-12,Huesca,Ath Bilbao,1,0,1.5637,0.4016
SP1,2021-05-12,Sevilla,Valencia,1,0,0.8657,0.3432
E0,2021-05-13,Aston Villa,Everton,0,0,0.559,0.9754
E0,2021-05-13,Man United,Liverpool,2,4,1.7133,2.938
I1,2021-05-13,Crotone,Verona,2,1,0.6464,0.6221
SP1,2021-05-13,Eibar,Betis,1,1,1.1075,0.6058
SP1,2021-05-13,Granada,Real Madrid,1,4,1.6953,1.3929
SP1,2021-05-13,Valladolid,Villarreal,0,2,1.3898,0.6008
E0,2021-05-14,Newcastle,Man City,3,4,2.1831,1.477
D1,2021-05-15,Augsburg,Werder Bremen,2,0,1.7067,0.6026
D1,2021-05-15,Bielefeld,Hoffenheim,1,1,1.6589,1.5771
D1,2021-05-15,Freiburg,Bayern Munich,2,2,0.9644,2.4923
D1,2021-05-15,Hertha,FC Koln,0,0,0.0753,1.6537
D1,2021-05-15,Leverkusen,Union Berlin,1,1,1.564,1.5397
D1,2021-05-15,M'gladbach,Stuttgart,1,2,0.4911,0.5322
D1,2021-05-15,Schalke 04,Ein Frankfurt,4,3,2.6937,3.0473
E0,2021-05-15,Brighton,West Ham,1,1,0.9226,1.9238
E0,2021-05-15,Burnley,Leeds,0,4,1.4134,1.8565
E0,2021-05-15,Southampton,Fulham,3,1,2.2915,0.876
I1,2021-05-15,Genoa,Atalanta,3,4,1.7247,2.2834
I1,2021-05-15,Juventus,Inter,3,2,3.1653,1.3438
I1,2021-05-15,Roma,Lazio,2,0,1.0354,0.7653
I1,2021-05-15,Spezia,Torino,4,1,2.7313,0.9406
D1,2021-05-16,Mainz,Dortmund,1,3,1.3846,2.1297
D1,2021-05-16,RB Leipzig,Wolfsburg,2,2,1.9175,1.0783
E0,2021-05-16,Crystal Palace,Aston Villa,3,2,1.9528,1.2303
E0,2021-05-16,Everton,Sheffield United,0,1,1.2461,1.391
E0,2021-05-16,Tottenham,Wolves,2,0,3.1395,1.0921
E0,2021-05-16,West Brom,Liverpool,1,2,1.142,2.0785
F1,2021-05-16,Bordeaux,Lens,3,0,2.807,1.1255
F1,2021-05-16,Dijon,Nantes,0,4,0.9884,2.58
F1,2021-05-16,Lille,St Etienne,0,0,0.9007,0.3321
F1,2021-05-16,Lorient,Metz,2,1,1.4277,0.0662
F1,2021-05-16,Marseille,Angers,3,2,2.9306,1.8429
F1,2021-05-16,Monaco,Rennes,2,1,1.5121,0.3184
F1,2021-05-16,Montpellier,Brest,0,0,0.4081,1.967
F1,2021-05-16,Nice,Strasbourg,0,2,0.7482,2.2656
F1,2021-05-16,Nimes,Lyon,2,5,0.8543,2.8414
F1,2021-05-16,Paris SG,Reims,4,0,4.7363,0.0517
I1,2021-05-16,Benevento,Crotone,1,1,1.7951,1.1027
I1,2021-05-16,Fiorentina,Napoli,0,2,0.3445,1.9077
I1,2021-05-16,Milan,Cagliari,0,0,1.4047,0.4257
I1,2021-05-16,Parma,Sassuolo,1,3,0.9988,2.4854
I1,2021-05-16,Udinese,Sampdoria,0,1,0.3445,1.4004
SP1,2021-05-16,Alaves,Granada,4,2,2.8376,0.8417
SP1,2021-05-16,Ath Bilbao,Real Madrid,0,1,0.7055,1.2187
SP1,2021-05-16,Ath Madrid,Osasuna,2,1,2.9752,0.6736
SP1,2021-05-16,Barcelona,Celta,1,2,2.1097,0.6313
SP1,2021-05-16,Betis,Huesca,1,0,1.173,0.2492
SP1,2021-05-16,Cadiz,Elche,1,3,1.0726,2.8391
SP1,2021-05-16,Getafe,Levante,2,1,0.7696,0.4412
SP1,2021-05-16,Sociedad,Valladolid,4,1,1.68,1.0464
SP1,2021-05-16,Valencia,Eibar,4,1,1.333,2.683
SP1,2021-05-16,Villarreal,Sevilla,4,0,1.6072,2.5196
I1,2021-05-17,Verona,Bologna,2,2,1.9872,2.0428
E0,2021-05-18,Brighton,Man City,3,2,1.2282,1.0714
E0,2021-05-18,Chelsea,Leicester,2,1,2.8615,0.8326
E0,2021-05-18,Man United,Fulham,1,1,0.9224,0.8726
E0,2021-05-18,Southampton,Leeds,0,2,1.3084,1.5813
I1,2021-05-18,Lazio,Torino,0,0,2.1469,0.2806
E0,2021-05-19,Burnley,Liverpool,0,3,0.837,2.7332
E0,2021-05-19,Crystal Palace,Arsenal,1,3,0.9984,1.7945
E0,2021-05-19,Everton,Wolves,1,0,0.671,0.2655
E0,2021-05-19,Newcastle,Sheffield United,1,0,1.8251,0.8822
E0,2021-05-19,Tottenham,Aston Villa,1,2,0.8928,1.6367
E0,2021-05-19,West Brom,West Ham,1,3,1.1074,3.5699
SP1,2021-05-21,Levante,Cadiz,2,2,1.5127,0.4241
D1,2021-05-22,Bayern Munich,Augsburg,5,2,4.8596,1.7384
D1,2021-05-22,Dortmund,Leverkusen,3,1,1.6298,1.5696
D1,2021-05-22,Ein Frankfurt,Freiburg,3,1,2.306,0.5252
D1,2021-05-22,FC Koln,Schalke 04,1,0,1.9899,0.3372
D1,2021-05-22,Hoffenheim,Hertha,2,1,1.9088,1.6095
D1,2021-05-22,Stuttgart,Bielefeld,0,2,0.8444,1.5299
D1,2021-05-22,Union Berlin,RB Leipzig,2,1,1.0562,2.4444
D1,2021-05-22,Werder Bremen,M'gladbach,2,4,1.88,1.9961
D1,2021-05-22,Wolfsburg,Mainz,2,3,1.3071,1.5729
I1,2021-05-22,Cagliari,Genoa,0,1,2.1662,1.6338
I1,2021-05-22,Crotone,Fiorentina,0,0,2.4131,0.4709
I1,2021-05-22,Sampdoria,Parma,3,0,1.3487,0.7202
SP1,2021-05-22,Celta,Betis,2,3,1.2183,2.0686
SP1,2021-05-22,Eibar,Barcelona,0,1,1.4497,0.2846
SP1,2021-05-22,Elche,Ath Bilbao,2,0,1.3308,0.3033
SP1,2021-05-22,Huesca,Valencia,0,0,0.9748,0.4213
SP1,2021-05-22,Osasuna,Sociedad,0,1,0.4149,2.0809
SP1,2021-05-22,Real Madrid,Villarreal,2,1,0.8043,0.6144
SP1,2021-05-22,Valladolid,Ath Madrid,1,2,0.9956,1.2916
E0,2021-05-23,Arsenal,Brighton,2,0,0.7729,0.194
E0,2021-05-23,Aston Villa,Chelsea,2,1,0.9804,3.4341
E0,2021-05-23,Fulham,Newcastle,0,2,0.989,1.6016
E0,2021-05-23,Leeds,West Brom,3,1,2.4901,1.0221
E0,2021-05-23,Leicester,Tottenham,2,4,1.8255,1.8523
E0,2021-05-23,Liverpool,Crystal Palace,2,0,2.2035,0.7723
E0,2021-05-23,Man City,Everton,5,0,2.8836,1.0726
E0,2021-05-23,Sheffield United,Burnley,1,0,0.42,0.5585
E0,2021-05-23,West Ham,Southampton,3,0,1.9834,1.3518
E0,2021-05-23,Wolves,Man United,1,2,0.7013,2.0523
F1,2021-05-23,Angers,Lille,1,2,0.737,1.5619
F1,2021-05-23,Brest,Paris SG,0,2,0.5747,2.0167
F1,2021-05-23,Lens,Monaco,0,0,0.2384,1.308
F1,2021-05-23,Lyon,Nice,2,3,1.3281,1.4737
F1,2021-05-23,Metz,Marseille,1,1,1.0894,1.1502
F1,2021-05-23,Nantes,Montpellier,1,2,1.4112,1.7075
F1,2021-05-23,Reims,Bordeaux,1,2,1.1982,1.2381
F1,2021-05-23,Rennes,Nimes,2,0,1.3327,0.3576
F1,2021-05-23,St Etienne,Dijon,0,1,1.4605,1.3803
F1,2021-05-23,Strasbourg,Lorient,1,1,0.324,0.5219
I1,2021-05-23,Atalanta,Milan,0,2,0.6129,2.0633
I1,2021-05-23,Bologna,Juventus,1,4,1.0603,3.6304
I1,2021-05-23,Inter,Udinese,5,1,3.5278,1.1604
I1,2021-05-23,Napoli,Verona,1,1,1.5713,0.517
I1,2021-05-23,Sassuolo,Lazio,2,0,1.9712,0.9747
I1,2021-05-23,Spezia,Roma,2,2,2.8746,2.7227
I1,2021-05-23,Torino,Benevento,1,1,1.3545,0.3494
SP1,2021-05-23,Granada,Getafe,0,0,0.445,0.4606
SP1,2021-05-23,Sevilla,Alaves,1,0,0.357,0.785
F1,2021-08-06,Monaco,Nantes,1,1,1.769,0.2397
F1,2021-08-07,Lyon,Brest,1,1,1.1752,1.0197
F1,2021-08-07,Troyes,Paris SG,1,2,0.6182,1.4865
F1,2021-08-08,Bordeaux,Clermont,0,2,0.5105,2.9565
F1,2021-08-08,Metz,Lille,3,3,1.0206,1.6224
F1,2021-08-08,Montpellier,Marseille,2,3,0.7647,2.158
F1,2021-08-08,Nice,Reims,0,0,1.0995,0.1584
F1,2021-08-08,Rennes,Lens,1,1,0.5984,2.1364
F1,2021-08-08,St Etienne,Lorient,1,1,1.858,0.836
F1,2021-08-08,Strasbourg,Angers,0,2,0.267,1.4162
D1,2021-08-13,M'gladbach,Bayern Munich,1,1,1.9878,2.9179
E0,2021-08-13,Brentford,Arsenal,2,0,1.8882,1.0238
F1,2021-08-13,Lorient,Monaco,1,0,0.7795,0.8654
SP1,2021-08-13,Valencia,Getafe,1,0,1.5786,1.1933
D1,2021-08-14,Augsburg,Hoffenheim,0,4,0.7347,3.4442
D1,2021-08-14,Bielefeld,Freiburg,0,0,0.575,1.6366
D1,2021-08-14,Dortmund,Ein Frankfurt,5,2,2.838,1.3671
D1,2021-08-14,Stuttgart,Greuther Furth,5,1,4.2597,1.3147
D1,2021-08-14,Union Berlin,Leverkusen,1,1,0.4438,0.7943
D1,2021-08-14,Wolfsburg,Bochum,1,0,2.7877,0.2978
E0,2021-08-14,Burnley,Brighton,1,2,1.7955,1.6853
E0,2021-08-14,Chelsea,Crystal Palace,3,0,1.1871,0.3217
E0,2021-08-14,Everton,Southampton,3,1,2.3886,0.5806
E0,2021-08-14,Leicester,Wolves,1,0,0.6681,1.3271
E0,2021-08-14,Man United,Leeds,5,1,1.6425,0.5683
E0,2021-08-14,Norwich,Liverpool,0,3,1.3333,1.7873
E0,2021-08-14,Watford,Aston Villa,3,2,1.3504,1.1372
F1,2021-08-14,Lille,Nice,0,4,0.7686,2.3369
F1,2021-08-14,Paris SG,Strasbourg,4,2,2.9003,0.5701
SP1,2021-08-14,Alaves,Real Madrid,1,4,1.411,2.1555
SP1,2021-08-14,Cadiz,Levante,1,1,0.9936,0.916
SP1,2021-08-14,Mallorca,Betis,1,1,0.5696,0.8141
SP1,2021-08-14,Osasuna,Espanol,0,0,0.5794,0.5837
D1,2021-08-15,FC Koln,Hertha,3,1,1.6257,2.1078
D1,2021-08-15,Mainz,RB Leipzig,1,0,1.2711,0.8418
E0,2021-08-15,Newcastle,West Ham,2,4,1.6793,3.0094
E0,2021-08-15,Tottenham,Man City,1,0,1.0601,2.1059
F1,2021-08-15,Angers,Lyon,3,0,1.6418,0.9771
F1,2021-08-15,Brest,Rennes,1,1,2.2991,1.3215
F1,2021-08-15,Clermont,Troyes,2,0,1.4431,0.696
F1,2021-08-15,Lens,St Etienne,2,2,1.1447,0.8517
F1,2021-08-15,Marseille,Bordeaux,2,2,1.0527,0.3183
F1,2021-08-15,Nantes,Metz,2,0,1.7221,0.8853
F1,2021-08-15,Reims,Montpellier,3,3,1.3076,1.9999
SP1,2021-08-15,Barcelona,Sociedad,4,2,3.4648,0.9023
SP1,2021-08-15,Celta,Ath Madrid,1,2,1.594,1.805
SP1,2021-08-15,Sevilla,Vallecano,3,0,3.674,0.4841
SP1,2021-08-16,Elche,Ath Bilbao,0,0,0.9336,0.6349
SP1,2021-08-16,Villarreal,Granada,0,0,1.2179,0.2467
D1,2021-08-20,RB Leipzig,Stuttgart,4,0,2.8663,0.9586
F1,2021-08-20,Brest,Paris SG,2,4,1.2487,1.515
SP1,2021-08-20,Betis,Cadiz,1,1,1.8234,1.4533
D1,2021-08-21,Bochum,Mainz,2,0,1.053,0.8174
D1,2021-08-21,Ein Frankfurt,Augsburg,0,0,1.3297,0.1659
D1,2021-08-21,Freiburg,Dortmund,2,1,1.5842,1.4963
D1,2021-08-21,Greuther Furth,Bielefeld,1,1,2.5774,0.7637
D1,2021-08-21,Hertha,Wolfsburg,1,2,1.174,0.558
D1,2021-08-21,Leverkusen,M'gladbach,4,0,1.9459,1.6605
E0,2021-08-21,Aston Villa,Newcastle,2,0,1.1843,0.6316
E0,2021-08-21,Brighton,Watford,2,0,1.779,0.4072
E0,2021-08-21,Crystal Palace,Brentford,0,0,0.6063,0.7124
E0,2021-08-21,Leeds,Everton,2,2,0.9661,1.8571
E0,2021-08-21,Liverpool,Burnley,2,0,2.6395,0.6905
E0,2021-08-21,Man City,Norwich,5,0,2.4393,0.025
F1,2021-08-21,Monaco,Lens,0,2,0.242,0.5986
F1,2021-08-21,St Etienne,Lille,1,1,0.4768,1.1966
I1,2021-08-21,Empoli,Lazio,1,3,1.1344,1.7815
I1,2021-08-21,Inter,Genoa,4,0,2.2071,0.9672
I1,2021-08-21,Torino,Atalanta,1,2,0.8648,1.0134
I1,2021-08-21,Verona,Sassuolo,2,3,2.2515,1.8668
SP1,2021-08-21,Alaves,Mallorca,0,1,0.921,0.8241
SP1,2021-08-21,Ath Bilbao,Barcelona,1,1,1.4344,1.1838
SP1,2021-08-21,Espanol,Villarreal,0,0,1.6886,0.5972
SP1,2021-08-21,Granada,Valencia,1,1,0.7527,1.5003
D1,2021-08-22,Bayern Munich,FC Koln,3,2,3.08,0.9579
D1,2021-08-22,Hoffenheim,Union Berlin,2,2,0.967,2.3512
E0,2021-08-22,Arsenal,Chelsea,0,2,0.6301,3.6413
E0,2021-08-22,Southampton,Man United,1,1,0.5875,2.2617
E0,2021-08-22,Wolves,Tottenham,0,1,1.5113,1.7264
F1,2021-08-22,Bordeaux,Angers,1,1,0.6031,1.013
F1,2021-08-22,Lyon,Clermont,3,3,3.3186,1.8209
F1,2021-08-22,Metz,Reims,1,1,0.67,1.1836
F1,2021-08-22,Montpellier,Lorient,3,1,3.6488,0.4623
F1,2021-08-22,Rennes,Nantes,1,0,0.8696,0.2642
F1,2021-08-22,Strasbourg,Troyes,1,1,2.9546,1.145
I1,2021-08-22,Bologna,Salernitana,3,2,1.7258,1.6371
I1,2021-08-22,Napoli,Venezia,2,0,2.3916,0.6099
I1,2021-08-22,Roma,Fiorentina,3,1,2.7541,0.8672
I1,2021-08-22,Udinese,Juventus,2,2,2.0857,1.4938
SP1,2021-08-22,Ath Madrid,Elche,1,0,1.0451,0.1684
SP1,2021-08-22,Levante,Real Madrid,3,3,1.6384,2.1412
SP1,2021-08-22,Sociedad,Vallecano,1,0,2.2691,0.7632
E0,2021-08-23,West Ham,Leicester,4,1,2.2861,0.6268
I1,2021-08-23,Cagliari,Spezia,2,2,3.2894,1.0309
I1,2021-08-23,Sampdoria,Milan,0,1,1.2476,0.8044
SP1,2021-08-23,Getafe,Sevilla,0,1,0.3919,0.8139
SP1,2021-08-23,Osasuna,Celta,0,0,2.5822,0.0846
D1,2021-08-27,Dortmund,Hoffenheim,3,2,3.4078,2.4249
F1,2021-08-27,Nantes,Lyon,0,1,1.3539,1.4413
I1,2021-08-27,Udinese,Venezia,3,0,3.0178,0.9089
I1,2021-08-27,Verona,Inter,1,3,0.604,1.8369
SP1,2021-08-27,Mallorca,Espanol,1,0,1.2873,0.2969
SP1,2021-08-27,Valencia,Alaves,3,0,2.34,0.3607
D1,2021-08-28,Augsburg,Leverkusen,1,4,1.6937,2.1207
D1,2021-08-28,Bayern Munich,Hertha,5,0,4.2551,0.5756
D1,2021-08-28,Bielefeld,Ein Frankfurt,1,1,0.6265,1.7856
D1,2021-08-28,FC Koln,Bochum,2,1,2.9114,0.7214
D1,2021-08-28,Mainz,Greuther Furth,3,0,2.7949,0.3042
D1,2021-08-28,Stuttgart,Freiburg,2,3,2.2806,1.3617
E0,2021-08-28,Aston Villa,Brentford,1,1,0.4315,1.1331
E0,2021-08-28,Brighton,Everton,0,2,0.7016,1.5487
E0,2021-08-28,Liverpool,Chelsea,1,1,2.0846,0.5736
E0,2021-08-28,Man City,Arsenal,5,0,4.4727,0.1168
E0,2021-08-28,Newcastle,Southampton,2,2,1.1908,3.4604
E0,2021-08-28,Norwich,Leicester,1,2,1.4408,1.2737
E0,2021-08-28,West Ham,Crystal Palace,2,2,1.4475,1.6766
F1,2021-08-28,Marseille,St Etienne,3,1,2.737,1.2278
F1,2021-08-28,Nice,Bordeaux,4,0,2.5277,0.8675
I1,2021-08-28,Atalanta,Bologna,0,0,0.9892,0.4199
I1,2021-08-28,Fiorentina,Torino,2,1,0.54,0.2938
I1,2021-08-28,Juventus,Empoli,0,1,1.8157,1.1033
I1,2021-08-28,Lazio,Spezia,6,1,2.7171,0.7354
SP1,2021-08-28,Betis,Real Madrid,0,1,0.4207,0.941
SP1,2021-08-28,Celta,Ath Bilbao,0,1,0.9346,1.4523
SP1,2021-08-28,Elche,Sevilla,1,1,0.8554,1.7004
SP1,2021-08-28,Sociedad,Levante,1,0,0.8559,0.521
D1,2021-08-29,Union Berlin,M'gladbach,2,1,1.5626,1.5284
D1,2021-08-29,Wolfsburg,RB Leipzig,1,0,1.1123,1.4391
E0,2021-08-29,Burnley,Leeds,1,1,1.711,1.5208
E0,2021-08-29,Tottenham,Watford,1,0,0.921,0.596
E0,2021-08-29,Wolves,Man United,0,1,1.7957,0.9441
F1,2021-08-29,Angers,Rennes,2,0,2.6318,1.2874
F1,2021-08-29,Clermont,Metz,2,2,1.6452,1.9026
F1,2021-08-29,Lens,Lorient,2,2,1.1394,1.2163
F1,2021-08-29,Lille,Montpellier,2,1,2.464,0.7193
F1,2021-08-29,Reims,Paris SG,0,2,0.8266,1.8246
F1,2021-08-29,Strasbourg,Brest,3,1,1.227,0.5926
F1,2021-08-29,Troyes,Monaco,1,2,0.5893,1.7407
I1,2021-08-29,Genoa,Napoli,1,2,0.3393,1.1541
I1,2021-08-29,Milan,Cagliari,4,1,2.6717,0.4067
I1,2021-08-29,Salernitana,Roma,0,4,0.2214,1.8868
I1,2021-08-29,Sassuolo,Sampdoria,0,0,1.2282,0.5771
SP1,2021-08-29,Ath Madrid,Villarreal,2,2,1.773,0.4487
SP1,2021-08-29,Barcelona,Getafe,2,1,1.0512,0.2833
SP1,2021-08-29,Cadiz,Osasuna,2,3,1.3615,2.2842
SP1,2021-08-29,Vallecano,Granada,4,0,2.1963,0.5863
F1,2021-09-10,Lorient,Lille,2,1,1.0846,1.5181
D1,2021-09-11,Freiburg,FC Koln,1,1,0.8716,1.5021
D1,2021-09-11,Greuther Furth,Wolfsburg,0,2,0.3926,1.4428
D1,2021-09-11,Hoffenheim,Mainz,0,2,0.5097,0.9335
D1,2021-09-11,Leverkusen,Dortmund,3,4,0.4711,2.2922
D1,2021-09-11,RB Leipzig,Bayern Munich,1,4,0.3479,4.3009
D1,2021-09-11,Union Berlin,Augsburg,0,0,1.7153,0.8317
E0,2021-09-11,Arsenal,Norwich,1,0,2.6852,0.5773
E0,2021-09-11,Brentford,Brighton,0,1,0.7298,0.2879
E0,2021-09-11,Chelsea,Aston Villa,3,0,1.2215,1.1735
E0,2021-09-11,Crystal Palace,Tottenham,3,0,2.8937,0.0776
E0,2021-09-11,Leicester,Man City,0,1,0.8001,2.7506
E0,2021-09-11,Man United,Newcastle,4,1,2.7733,0.622
E0,2021-09-11,Southampton,West Ham,0,0,0.6921,0.7254
E0,2021-09-11,Watford,Wolves,0,2,0.1854,2.5592
F1,2021-09-11,Monaco,Marseille,0,2,0.8907,1.3606
F1,2021-09-11,Paris SG,Clermont,4,0,2.5057,1.0353
I1,2021-09-11,Atalanta,Fiorentina,1,2,2.1153,1.8147
I1,2021-09-11,Empoli,Venezia,1,2,1.8854,2.4312
I1,2021-09-11,Napoli,Juventus,2,1,2.1871,1.5606
SP1,2021-09-11,Ath Bilbao,Mallorca,2,0,1.855,0.225
SP1,2021-09-11,Levante,Vallecano,1,1,1.1099,2.7683
D1,2021-09-12,Bochum,Hertha,1,3,1.0269,0.6052
D1,2021-09-12,Ein Frankfurt,Stuttgart,1,1,1.4676,1.2361
D1,2021-09-12,M'gladbach,Bielefeld,3,1,2.1293,1.5319
E0,2021-09-12,Leeds,Liverpool,0,3,0.6525,4.4016
F1,2021-09-12,Bordeaux,Lens,2,3,1.0081,3.1245
F1,2021-09-12,Brest,Angers,1,1,1.4798,0.9983
F1,2021-09-12,Lyon,Strasbourg,3,1,1.6993,2.0448
F1,2021-09-12,Metz,Troyes,0,2,0.7813,0.8672
F1,2021-09-12,Montpellier,St Etienne,2,0,1.0897,0.8616
F1,2021-09-12,Nantes,Nice,0,2,2.1566,2.4528
F1,2021-09-12,Rennes,Reims,0,2,0.8055,0.8711
I1,2021-09-12,Cagliari,Genoa,2,3,1.8311,1.2549
I1,2021-09-12,Milan,Lazio,2,0,3.4781,0.2465
I1,2021-09-12,Roma,Sassuolo,2,1,2.3271,2.0999
I1,2021-09-12,Sampdoria,Inter,2,2,1.4661,0.9655
I1,2021-09-12,Spezia,Udinese,0,1,0.7884,0.7806
I1,2021-09-12,Torino,Salernitana,4,0,2.9969,0.2525
SP1,2021-09-12,Cadiz,Sociedad,0,2,0.6078,2.3661
SP1,2021-09-12,Espanol,Ath Madrid,1,2,0.3739,0.7323
SP1,2021-09-12,Osasuna,Valencia,1,4,0.4573,0.9249
SP1,2021-09-12,Real Madrid,Celta,5,2,3.0373,1.9906
E0,2021-09-13,Everton,Burnley,3,1,1.8039,1.8206
I1,2021-09-13,Bologna,Verona,1,0,1.2551,0.3151
SP1,2021-09-13,Getafe,Elche,0,1,0.3796,1.074
SP1,2021-09-13,Granada,Betis,1,2,0.7801,2.4377
D1,2021-09-17,Hertha,Greuther Furth,2,1,1.5909,1.5528
E0,2021-09-17,Newcastle,Leeds,1,1,1.1767,1.43
F1,2021-09-17,Strasbourg,Metz,3,0,2.0472,0.6124
I1,2021-09-17,Sassuolo,Torino,0,1,0.7963,2.4847
SP1,2021-09-17,Celta,Cadiz,1,2,0.9939,1.0741
D1,2021-09-18,Augsburg,M'gladbach,1,0,0.4948,0.7457
D1,2021-09-18,Bayern Munich,Bochum,7,0,6.8819,1.2331
D1,2021-09-18,Bielefeld,Hoffenheim,0,0,1.0053,1.5414
D1,2021-09-18,FC Koln,RB Leipzig,1,1,1.6893,2.037
D1,2021-09-18,Mainz,Freiburg,0,0,1.2617,0.3643
E0,2021-09-18,Aston Villa,Everton,3,0,0.7777,0.755
E0,2021-09-18,Burnley,Arsenal,0,1,0.7756,1.0993
E0,2021-09-18,Liverpool,Crystal Palace,3,0,2.7679,0.6442
E0,2021-09-18,Man City,Southampton,0,0,1.2245,0.4909
E0,2021-09-18,Norwich,Watford,1,3,0.7827,2.4249
E0,2021-09-18,Wolves,Brentford,0,2,1.0232,2.3274
F1,2021-09-18,Lens,Lille,1,0,0.4866,1.2099
F1,2021-09-18,St Etienne,Bordeaux,1,2,1.7537,2.3678
I1,2021-09-18,Genoa,Fiorentina,1,2,1.2837,1.1236
I1,2021-09-18,Inter,Bologna,6,1,4.2801,0.8556
I1,2021-09-18,Salernitana,Atalanta,0,1,0.7925,1.383
SP1,2021-09-18,Alaves,Osasuna,0,2,0.2516,1.3231
SP1,2021-09-18,Ath Madrid,Ath Bilbao,0,0,1.1005,1.1058
SP1,2021-09-18,Elche,Levante,1,1,0.5365,1.1246
SP1,2021-09-18,Vallecano,Getafe,3,0,1.9866,1.1543
D1,2021-09-19,Dortmund,Union Berlin,4,2,1.0985,1.7321
D1,2021-09-19,Stuttgart,Leverkusen,1,3,1.4168,1.5933
D1,2021-09-19,Wolfsburg,Ein Frankfurt,1,1,1.8499,0.2806
E0,2021-09-19,Brighton,Leicester,2,1,1.4744,1.2537
E0,2021-09-19,Tottenham,Chelsea,0,3,0.7057,2.5869
E0,2021-09-19,West Ham,Man United,1,2,1.6671,1.8954
F1,2021-09-19,Angers,Nantes,1,4,0.609,2.5989
F1,2021-09-19,Clermont,Brest,1,1,0.7923,0.6572
F1,2021-09-19,Marseille,Rennes,2,0,2.2135,1.0611
F1,2021-09-19,Nice,Monaco,2,2,1.9446,2.5911
F1,2021-09-19,Paris SG,Lyon,2,1,2.2297,0.8228
F1,2021-09-19,Reims,Lorient,0,0,0.9779,0.1746
F1,2021-09-19,Troyes,Montpellier,1,1,0.489,0.2498
I1,2021-09-19,Empoli,Sampdoria,0,3,0.9273,1.3486
I1,2021-09-19,Juventus,Milan,1,1,1.3152,1.049
I1,2021-09-19,Lazio,Cagliari,2,2,1.7256,1.9159
I1,2021-09-19,Venezia,Spezia,1,2,0.8057,0.4785
I1,2021-09-19,Verona,Roma,3,2,1.0213,0.6617
SP1,2021-09-19,Betis,Espanol,2,2,2.3689,1.2169
SP1,2021-09-19,Mallorca,Villarreal,0,0,0.5291,1.6344
SP1,2021-09-19,Sociedad,Sevilla,0,0,1.1772,0.7654
SP1,2021-09-19,Valencia,Real Madrid,1,2,0.6474,1.3634
I1,2021-09-20,Udinese,Napoli,0,4,0.2435,3.3027
SP1,2021-09-20,Barcelona,Granada,1,1,1.8824,0.6127
I1,2021-09-21,Atalanta,Sassuolo,2,1,2.1081,0.9115
I1,2021-09-21,Bologna,Genoa,2,2,2.2881,1.6988
I1,2021-09-21,Fiorentina,Inter,1,3,1.733,2.7374
SP1,2021-09-21,Ath Bilbao,Vallecano,1,2,0.956,1.0412
SP1,2021-09-21,Getafe,Ath Madrid,1,2,0.3306,1.4791
SP1,2021-09-21,Levante,Celta,0,2,1.407,0.7397
F1,2021-09-22,Angers,Marseille,0,0,0.4702,0.4942
F1,2021-09-22,Lens,Strasbourg,0,1,2.684,1.0954
F1,2021-09-22,Lille,Reims,2,1,1.1853,1.1754
F1,2021-09-22,Lorient,Nice,1,0,0.6194,2.1692
F1,2021-09-22,Lyon,Troyes,3,1,2.4723,0.9439
F1,2021-09-22,Metz,Paris SG,1,2,0.7614,1.1472
F1,2021-09-22,Monaco,St Etienne,3,1,1.7383,0.3255
F1,2021-09-22,Montpellier,Bordeaux,3,3,1.6848,1.269
F1,2021-09-22,Nantes,Brest,3,1,1.6641,0.5636
F1,2021-09-22,Rennes,Clermont,6,0,3.1502,0.3799
I1,2021-09-22,Cagliari,Empoli,0,2,0.7547,1.1454
I1,2021-09-22,Milan,Venezia,2,0,2.1141,0.5812
I1,2021-09-22,Salernitana,Verona,2,2,2.6894,2.0619
I1,2021-09-22,Spezia,Juventus,2,3,1.0339,2.5457
SP1,2021-09-22,Espanol,Alaves,1,0,1.618,0.4248
SP1,2021-09-22,Real Madrid,Mallorca,6,1,2.3746,1.1917
SP1,2021-09-22,Sevilla,Valencia,3,1,1.2071,0.4424
SP1,2021-09-22,Villarreal,Elche,4,1,2.7786,1.0955
I1,2021-09-23,Roma,Udinese,1,0,1.383,0.8095
I1,2021-09-23,Sampdoria,Napoli,0,4,0.5686,2.106
I1,2021-09-23,Torino,Lazio,1,1,1.2724,0.8462
SP1,2021-09-23,Cadiz,Barcelona,0,0,1.4006,0.3618
SP1,2021-09-23,Granada,Sociedad,2,3,1.2502,1.5815
SP1,2021-09-23,Osasuna,Betis,1,3,0.8203,2.2031
D1,2021-09-24,Greuther Furth,Bayern Munich,1,3,0.6559,0.6779
D1,2021-09-25,Ein Frankfurt,FC Koln,1,1,0.9509,1.1098
D1,2021-09-25,Hoffenheim,Wolfsburg,3,1,1.786,0.5045
D1,2021-09-25,Leverkusen,Mainz,1,0,1.4503,0.9301
D1,2021-09-25,M'gladbach,Dortmund,1,0,1.6553,0.5687
D1,2021-09-25,RB Leipzig,Hertha,6,0,4.2507,0.3413
D1,2021-09-25,Union Berlin,Bielefeld,1,0,1.2532,0.4355
E0,2021-09-25,Brentford,Liverpool,3,3,2.9406,2.2574
E0,2021-09-25,Chelsea,Man City,0,1,0.1942,1.6924
E0,2021-09-25,Everton,Norwich,2,0,2.2668,0.8009
E0,2021-09-25,Leeds,West Ham,1,2,1.1967,1.9896
E0,2021-09-25,Leicester,Burnley,2,2,2.1623,0.4289
E0,2021-09-25,Man United,Aston Villa,0,1,1.9251,1.5725
E0,2021-09-25,Watford,Newcastle,1,1,0.9041,2.5234
F1,2021-09-25,Lyon,Lorient,1,1,0.8432,0.535
F1,2021-09-25,Paris SG,Montpellier,2,0,2.5839,0.2746
F1,2021-09-25,St Etienne,Nice,0,3,0.6634,3.1765
F1,2021-09-25,Strasbourg,Lille,1,2,0.4957,2.586
I1,2021-09-25,Genoa,Verona,3,3,1.4371,2.0726
I1,2021-09-25,Inter,Atalanta,2,2,3.5209,1.5024
I1,2021-09-25,Spezia,Milan,1,2,0.9538,1.741
SP1,2021-09-25,Alaves,Ath Madrid,1,0,1.197,0.5581
SP1,2021-09-25,Real Madrid,Villarreal,0,0,1.5364,0.6664
SP1,2021-09-25,Sevilla,Espanol,2,0,1.5753,0.4786
SP1,2021-09-25,Valencia,Ath Bilbao,1,1,1.0863,0.8305
D1,2021-09-26,Bochum,Stuttgart,0,0,0.9259,0.2944
D1,2021-09-26,Freiburg,Augsburg,3,0,3.9707,0.1917
E0,2021-09-26,Arsenal,Tottenham,3,1,1.445,0.9802
E0,2021-09-26,Southampton,Wolves,0,1,0.9093,0.9098
F1,2021-09-26,Bordeaux,Rennes,1,1,0.602,1.7812
F1,2021-09-26,Brest,Metz,1,2,1.668,0.6686
F1,2021-09-26,Clermont,Monaco,1,3,1.3094,1.7918
F1,2021-09-26,Marseille,Lens,2,3,2.0196,2.4899
F1,2021-09-26,Reims,Nantes,3,1,1.2307,0.7685
F1,2021-09-26,Troyes,Angers,1,1,1.2597,1.285
I1,2021-09-26,Empoli,Bologna,4,2,1.4769,2.4978
I1,2021-09-26,Juventus,Sampdoria,3,2,2.6279,0.6009
I1,2021-09-26,Lazio,Roma,3,2,2.4842,1.8437
I1,2021-09-26,Napoli,Cagliari,2,0,2.0583,0.1533
I1,2021-09-26,Sassuolo,Salernitana,1,0,1.6084,1.1639
I1,2021-09-26,Udinese,Fiorentina,0,1,0.492,1.1386
SP1,2021-09-26,Barcelona,Levante,3,0,3.1133,0.7127
SP1,2021-09-26,Betis,Getafe,2,0,2.4642,0.5906
SP1,2021-09-26,Mallorca,Osasuna,2,3,2.7416,1.6355
SP1,2021-09-26,Sociedad,Elche,1,0,2.1183,0.5735
SP1,2021-09-26,Vallecano,Cadiz,3,1,1.8901,1.1
E0,2021-09-27,Crystal Palace,Brighton,1,1,1.3684,0.6496
I1,2021-09-27,Venezia,Torino,1,1,1.5265,0.8526
SP1,2021-09-27,Celta,Granada,1,0,1.2666,0.5419
D1,2021-10-01,FC Koln,Greuther Furth,3,1,2.8694,0.9844
F1,2021-10-01,Lens,Reims,2,0,2.364,0.0864
I1,2021-10-01,Cagliari,Venezia,1,1,0.6584,0.4861
SP1,2021-10-01,Ath Bilbao,Alaves,1,0,2.494,0.808
D1,2021-10-02,Dortmund,Augsburg,2,1,2.7228,0.7465
D1,2021-10-02,Hertha,Freiburg,1,2,0.9135,0.861
D1,2021-10-02,RB Leipzig,Bochum,3,0,2.4646,1.5158
D1,2021-10-02,Stuttgart,Hoffenheim,3,1,0.7671,0.9782
D1,2021-10-02,Wolfsburg,M'gladbach,1,3,1.222,3.5183
E0,2021-10-02,Brighton,Arsenal,0,0,1.1155,0.3643
E0,2021-10-02,Burnley,Norwich,0,0,0.5847,0.6736
E0,2021-10-02,Chelsea,Southampton,3,1,3.7924,1.5263
E0,2021-10-02,Leeds,Watford,1,0,1.5739,0.1928
E0,2021-10-02,Man United,Everton,1,1,1.0496,1.3221
E0,2021-10-02,Wolves,Newcastle,2,1,1.1585,0.8652
F1,2021-10-02,Montpellier,Strasbourg,1,1,1.0571,0.2939
F1,2021-10-02,Nice,Brest,2,1,4.3678,0.3152
I1,2021-10-02,Salernitana,Genoa,1,0,0.5473,1.586
I1,2021-10-02,Sassuolo,Inter,1,2,1.6192,2.0417
I1,2021-10-02,Torino,Juventus,0,1,0.9083,1.8955
SP1,2021-10-02,Ath Madrid,Barcelona,2,0,1.3741,0.7475
SP1,2021-10-02,Cadiz,Valencia,0,0,0.1568,1.4376
SP1,2021-10-02,Mallorca,Levante,1,0,0.4421,1.4339
SP1,2021-10-02,Osasuna,Vallecano,1,0,0.6572,0.1485
D1,2021-10-03,Bayern Munich,Ein Frankfurt,1,2,2.1805,0.3896
D1,2021-10-03,Bielefeld,Leverkusen,0,4,0.4476,2.9692
D1,2021-10-03,Mainz,Union Berlin,1,2,1.2554,1.1103
E0,2021-10-03,Crystal Palace,Leicester,2,2,1.1703,1.0432
E0,2021-10-03,Liverpool,Man City,2,2,0.9494,1.0432
E0,2021-10-03,Tottenham,Aston Villa,2,1,1.7819,1.0739
E0,2021-10-03,West Ham,Brentford,1,2,1.3726,1.301
F1,2021-10-03,Angers,Metz,3,2,2.8138,0.8952
F1,2021-10-03,Lille,Marseille,2,0,3.5231,0.5636
F1,2021-10-03,Lorient,Clermont,1,1,0.5852,0.7747
F1,2021-10-03,Monaco,Bordeaux,3,0,1.7267,0.5748
F1,2021-10-03,Nantes,Troyes,2,0,1.7104,1.6469
F1,2021-10-03,Rennes,Paris SG,2,0,0.8782,1.3978
F1,2021-10-03,St Etienne,Lyon,1,1,2.4783,1.3481
I1,2021-10-03,Atalanta,Milan,2,3,2.631,2.5095
I1,2021-10-03,Bologna,Lazio,3,0,0.7785,0.9627
I1,2021-10-03,Fiorentina,Napoli,1,2,0.3831,1.6422
I1,2021-10-03,Roma,Empoli,2,0,1.8551,0.4376
I1,2021-10-03,Sampdoria,Udinese,3,3,1.5293,3.2819
I1,2021-10-03,Verona,Spezia,4,0,0.6906,1.5769
SP1,2021-10-03,Elche,Celta,1,0,1.3982,0.7136
SP1,2021-10-03,Espanol,Real Madrid,2,1,1.2912,1.6238
SP1,2021-10-03,Getafe,Sociedad,1,1,0.5237,0.7999
SP1,2021-10-03,Granada,Sevilla,1,0,0.0844,1.4028
SP1,2021-10-03,Villarreal,Betis,2,0,2.5864,0.5271
D1,2021-10-15,Hoffenheim,FC Koln,5,0,4.1897,0.4842
F1,2021-10-15,Paris SG,Angers,2,1,2.49,1.1589
D1,2021-10-16,Dortmund,Mainz,3,1,2.3618,0.6109
D1,2021-10-16,Ein Frankfurt,Hertha,1,2,1.7028,2.564
D1,2021-10-16,Freiburg,RB Leipzig,1,1,1.6397,1.6553
D1,2021-10-16,Greuther Furth,Bochum,0,1,0.6986,1.7221
D1,2021-10-16,M'gladbach,Stuttgart,1,1,2.283,0.2923
D1,2021-10-16,Union Berlin,Wolfsburg,2,0,1.3288,1.2838
E0,2021-10-16,Aston Villa,Wolves,2,3,1.2128,2.1963
E0,2021-10-16,Brentford,Chelsea,0,1,1.6217,0.2483
E0,2021-10-16,Leicester,Man United,4,2,2.9661,1.0249
E0,2021-10-16,Man City,Burnley,2,0,2.1571,1.0772
E0,2021-10-16,Norwich,Brighton,0,0,1.1609,1.1757
E0,2021-10-16,Southampton,Leeds,1,0,1.8308,0.4462
E0,2021-10-16,Watford,Liverpool,0,5,0.3023,3.6555
F1,2021-10-16,Clermont,Lille,1,0,0.4032,0.6071
F1,2021-10-16,Lyon,Monaco,2,0,2.8171,0.5149
I1,2021-10-16,Lazio,Inter,3,1,2.314,1.4479
I1,2021-10-16,Milan,Verona,3,2,1.5185,1.5832
I1,2021-10-16,Spezia,Salernitana,2,1,1.6772,1.6094
SP1,2021-10-16,Levante,Getafe,0,0,0.8329,0.5574
SP1,2021-10-16,Sociedad,Mallorca,1,0,0.4045,0.3598
D1,2021-10-17,Augsburg,Bielefeld,1,1,0.9133,0.2859
D1,2021-10-17,Leverkusen,Bayern Munich,1,5,0.7294,3.4491
E0,2021-10-17,Everton,West Ham,0,1,0.8542,2.0303
E0,2021-10-17,Newcastle,Tottenham,2,3,0.6457,1.5501
F1,2021-10-17,Bordeaux,Nantes,1,1,0.6738,1.2789
F1,2021-10-17,Brest,Reims,1,1,0.5081,1.0395
F1,2021-10-17,Marseille,Lorient,4,1,1.7082,2.0924
F1,2021-10-17,Metz,Rennes,0,3,0.9735,3.3602
F1,2021-10-17,Montpellier,Lens,1,0,1.6249,1.1903
F1,2021-10-17,Strasbourg,St Etienne,5,1,2.7105,0.931
F1,2021-10-17,Troyes,Nice,1,0,1.4221,0.5133
I1,2021-10-17,Cagliari,Sampdoria,3,1,1.5071,1.7862
I1,2021-10-17,Empoli,Atalanta,1,4,0.575,3.8351
I1,2021-10-17,Genoa,Sassuolo,2,2,1.3841,2.8217
I1,2021-10-17,Juventus,Roma,1,0,1.4697,1.4565
I1,2021-10-17,Napoli,Torino,1,0,1.3292,1.0748
I1,2021-10-17,Udinese,Bologna,1,1,1.3572,1.4961
SP1,2021-10-17,Barcelona,Valencia,3,1,2.3786,0.3783
SP1,2021-10-17,Celta,Sevilla,0,1,0.8889,0.8284
SP1,2021-10-17,Vallecano,Elche,2,1,1.1065,0.3261
SP1,2021-10-17,Villarreal,Osasuna,1,2,0.7131,0.9573
E0,2021-10-18,Arsenal,Crystal Palace,2,2,1.7436,0.4922
I1,2021-10-18,Venezia,Fiorentina,1,0,0.7944,0.4272
SP1,2021-10-18,Alaves,Betis,0,1,1.3577,1.4779
SP1,2021-10-18,Espanol,Cadiz,2,0,1.735,0.6036
D1,2021-10-22,Mainz,Augsburg,4,1,4.1337,0.6645
E0,2021-10-22,Arsenal,Aston Villa,3,1,3.4984,1.4109
F1,2021-10-22,St Etienne,Angers,2,2,1.5039,0.675
I1,2021-10-22,Sampdoria,Spezia,2,1,0.9741,1.0561
I1,2021-10-22,Torino,Genoa,3,2,2.2411,2.3547
SP1,2021-10-22,Osasuna,Granada,1,1,1.2446,0.4349
D1,2021-10-23,Bayern Munich,Hoffenheim,4,0,3.3115,0.4465
D1,2021-10-23,Bielefeld,Dortmund,1,3,1.4024,2.5899
D1,2021-10-23,Hertha,M'gladbach,1,0,1.4738,0.4706
D1,2021-10-23,RB Leipzig,Greuther Furth,4,1,2.303,1.9428
D1,2021-10-23,Wolfsburg,Freiburg,0,2,1.7259,2.1766
E0,2021-10-23,Brighton,Man City,1,4,1.1695,3.5738
E0,2021-10-23,Chelsea,Norwich,7,0,3.1051,0.2674
E0,2021-10-23,Crystal Palace,Newcastle,1,1,2.2559,0.7218
E0,2021-10-23,Everton,Watford,2,5,1.8409,3.1034
E0,2021-10-23,Leeds,Wolves,1,1,1.7131,0.8586
E0,2021-10-23,Southampton,Burnley,2,2,1.4257,0.6732
F1,2021-10-23,Lille,Brest,1,1,1.6786,1.1416
F1,2021-10-23,Nantes,Clermont,2,1,1.0712,0.7359
I1,2021-10-23,Bologna,Milan,2,4,0.631,0.9087
I1,2021-10-23,Salernitana,Empoli,2,4,1.3721,2.8305
I1,2021-10-23,Sassuolo,Venezia,3,1,2.1307,0.5066
SP1,2021-10-23,Ath Bilbao,Villarreal,2,1,2.6433,0.6056
SP1,2021-10-23,Cadiz,Alaves,0,2,2.0029,1.8673
SP1,2021-10-23,Elche,Espanol,2,2,0.9989,1.0543
SP1,2021-10-23,Valencia,Mallorca,2,2,1.4709,0.8076
D1,2021-10-24,Bochum,Ein Frankfurt,2,0,2.7866,1.5183
D1,2021-10-24,FC Koln,Leverkusen,2,2,1.712,1.7974
D1,2021-10-24,Stuttgart,Union Berlin,1,1,0.4264,1.0164
E0,2021-10-24,Brentford,Leicester,1,2,1.1679,1.0025
E0,2021-10-24,Man United,Liverpool,0,5,1.3558,4.0476
E0,2021-10-24,West Ham,Tottenham,1,0,1.7347,0.6722
F1,2021-10-24,Lens,Metz,4,1,2.3716,0.7901
F1,2021-10-24,Lorient,Bordeaux,1,1,1.7837,1.0648
F1,2021-10-24,Marseille,Paris SG,0,0,1.2919,2.0521
F1,2021-10-24,Monaco,Montpellier,3,1,2.1186,1.1684
F1,2021-10-24,Nice,Lyon,3,2,1.9964,1.4173
F1,2021-10-24,Reims,Troyes,1,2,1.0217,0.6751
F1,2021-10-24,Rennes,Strasbourg,1,0,1.3577,1.0259
I1,2021-10-24,Atalanta,Udinese,1,1,0.629,0.6676
I1,2021-10-24,Fiorentina,Cagliari,3,0,3.1216,0.1199
I1,2021-10-24,Inter,Juventus,1,1,0.9619,1.3449
I1,2021-10-24,Roma,Napoli,0,0,1.6324,0.594
I1,2021-10-24,Verona,Lazio,4,1,3.536,1.4246
SP1,2021-10-24,Ath Madrid,Sociedad,2,2,1.7529,0.8341
SP1,2021-10-24,Barcelona,Real Madrid,1,2,1.5879,1.5463
SP1,2021-10-24,Betis,Vallecano,3,2,1.4338,1.1677
SP1,2021-10-24,Sevilla,Levante,5,3,1.8295,1.2878
SP1,2021-10-25,Getafe,Celta,0,3,0.4611,2.4811
I1,2021-10-26,Milan,Torino,1,0,1.1249,0.488
I1,2021-10-26,Spezia,Genoa,1,1,2.4061,1.0654
I1,2021-10-26,Venezia,Salernitana,1,2,0.6241,1.5248
SP1,2021-10-26,Alaves,Elche,1,0,1.8135,0.2817
SP1,2021-10-26,Espanol,Ath Bilbao,1,1,1.2331,3.6845
SP1,2021-10-26,Villarreal,Cadiz,3,3,1.951,1.5361
F1,2021-10-27,Nice,Marseille,1,1,1.505,0.3415
I1,2021-10-27,Cagliari,Roma,1,2,1.3196,2.497
I1,2021-10-27,Empoli,Inter,0,2,0.543,3.0792
I1,2021-10-27,Juventus,Sassuolo,1,2,1.152,1.1265
I1,2021-10-27,Lazio,Fiorentina,1,0,0.6374,0.5178
I1,2021-10-27,Sampdoria,Atalanta,1,3,0.9848,1.9851
I1,2021-10-27,Udinese,Verona,1,1,0.9407,0.8432
SP1,2021-10-27,Betis,Valencia,4,1,2.5807,2.1784
SP1,2021-10-27,Mallorca,Sevilla,1,1,2.2737,1.4207
SP1,2021-10-27,Real Madrid,Osasuna,0,0,0.6554,0.7105
SP1,2021-10-27,Vallecano,Barcelona,1,0,0.7863,2.8573
I1,2021-10-28,Napoli,Bologna,3,0,2.6773,0.2516
SP1,2021-10-28,Celta,Sociedad,0,2,0.9956,1.4271
SP1,2021-10-28,Granada,Getafe,1,1,2.2635,0.5811
SP1,2021-10-28,Levante,Ath Madrid,2,2,2.1243,1.3338
D1,2021-10-29,Hoffenheim,Hertha,2,0,0.8601,0.4715
F1,2021-10-29,Paris SG,Lille,2,1,2.3097,1.8334
D1,2021-10-30,Bielefeld,Mainz,1,2,0.4979,2.9738
D1,2021-10-30,Dortmund,FC Koln,2,0,1.7577,1.2019
D1,2021-10-30,Ein Frankfurt,RB Leipzig,1,1,0.5943,3.9921
D1,2021-10-30,Freiburg,Greuther Furth,3,1,1.2181,0.4804
D1,2021-10-30,Leverkusen,Wolfsburg,0,2,1.309,1.8693
D1,2021-10-30,Union Berlin,Bayern Munich,2,5,0.7448,3.1474
E0,2021-10-30,Burnley,Brentford,3,1,2.729,0.8343
E0,2021-10-30,Leicester,Arsenal,0,2,1.988,1.1029
E0,2021-10-30,Liverpool,Brighton,2,2,1.3978,1.5103
E0,2021-10-30,Man City,Crystal Palace,0,2,0.6574,1.0503
E0,2021-10-30,Newcastle,Chelsea,0,3,0.1576,2.1661
E0,2021-10-30,Tottenham,Man United,0,3,1.1579,1.3861
E0,2021-10-30,Watford,Southampton,0,1,0.8526,1.9076
F1,2021-10-30,Lyon,Lens,2,1,2.0294,2.1297
F1,2021-10-30,Metz,St Etienne,1,1,0.3826,0.2818
I1,2021-10-30,Atalanta,Lazio,2,2,0.7237,1.4355
I1,2021-10-30,Torino,Sampdoria,3,0,2.6156,0.249
I1,2021-10-30,Verona,Juventus,2,1,1.5772,1.7897
SP1,2021-10-30,Barcelona,Alaves,1,1,1.5601,0.5996
SP1,2021-10-30,Elche,Real Madrid,1,2,1.1507,1.6074
SP1,2021-10-30,Sevilla,Osasuna,2,0,2.4338,0.7905
SP1,2021-10-30,Valencia,Villarreal,2,0,1.664,0.8042
D1,2021-10-31,Augsburg,Stuttgart,4,1,2.5957,0.9095
D1,2021-10-31,M'gladbach,Bochum,2,1,1.8174,1.0796
E0,2021-10-31,Aston Villa,West Ham,1,4,0.6876,2.6639
E0,2021-10-31,Norwich,Leeds,1,2,0.6619,1.1685
F1,2021-10-31,Angers,Nice,1,2,1.212,0.8974
F1,2021-10-31,Bordeaux,Reims,3,2,1.9485,1.814
F1,2021-10-31,Brest,Monaco,2,0,1.7712,0.5073
F1,2021-10-31,Clermont,Marseille,0,1,0.7439,1.2458
F1,2021-10-31,Montpellier,Nantes,2,0,1.4717,0.8566
F1,2021-10-31,Strasbourg,Lorient,4,0,3.0943,0.6662
F1,2021-10-31,Troyes,Rennes,2,2,1.8001,1.5134
I1,2021-10-31,Fiorentina,Spezia,3,0,2.8175,0.0883
I1,2021-10-31,Genoa,Venezia,0,0,0.721,0.4881
I1,2021-10-31,Inter,Udinese,2,0,2.0569,0.3038
I1,2021-10-31,Roma,Milan,1,2,1.2589,1.861
I1,2021-10-31,Salernitana,Napoli,0,1,0.4058,1.5406
I1,2021-10-31,Sassuolo,Empoli,1,2,1.2431,1.4834
SP1,2021-10-31,Ath Madrid,Betis,3,0,2.5506,0.5211
SP1,2021-10-31,Cadiz,Mallorca,1,1,1.8023,1.0366
SP1,2021-10-31,Getafe,Espanol,2,1,0.9518,0.6199
SP1,2021-10-31,Sociedad,Ath Bilbao,1,1,1.0581,1.0115
E0,2021-11-01,Wolves,Everton,2,1,1.6934,1.6977
I1,2021-11-01,Bologna,Cagliari,2,0,1.7361,0.4035
SP1,2021-11-01,Levante,Granada,0,3,1.3309,1.4609
SP1,2021-11-01,Vallecano,Celta,0,0,0.468,0.4378
D1,2021-11-05,Mainz,M'gladbach,1,1,0.9495,1.5084
E0,2021-11-05,Southampton,Aston Villa,1,0,0.8982,0.5361
F1,2021-11-05,Lens,Troyes,4,0,3.1681,0.5375
I1,2021-11-05,Empoli,Genoa,2,2,0.7453,1.6973
SP1,2021-11-05,Ath Bilbao,Cadiz,0,1,0.5848,0.4918
D1,2021-11-06,Bayern Munich,Freiburg,2,1,3.1685,0.9108
D1,2021-11-06,Bochum,Hoffenheim,2,0,2.1243,0.6417
D1,2021-11-06,RB Leipzig,Dortmund,2,1,2.4884,0.7347
D1,2021-11-06,Stuttgart,Bielefeld,0,1,1.1119,1.5513
D1,2021-11-06,Wolfsburg,Augsburg,1,0,0.9101,0.8673
E0,2021-11-06,Brentford,Norwich,1,2,2.7923,1.158
E0,2021-11-06,Brighton,Newcastle,1,1,1.4312,0.2273
E0,2021-11-06,Chelsea,Burnley,1,1,3.0059,0.6741
E0,2021-11-06,Crystal Palace,Wolves,2,0,2.6516,0.2542
E0,2021-11-06,Man United,Man City,0,2,0.7596,2.042
F1,2021-11-06,Bordeaux,Paris SG,2,3,1.5757,1.2399
F1,2021-11-06,Lille,Angers,1,1,1.7449,1.1506
I1,2021-11-06,Cagliari,Atalanta,1,2,0.5107,3.5419
I1,2021-11-06,Juventus,Fiorentina,1,0,0.9846,0.3202
I1,2021-11-06,Spezia,Torino,1,0,0.3338,0.4204
SP1,2021-11-06,Alaves,Levante,2,1,1.5347,0.8026
SP1,2021-11-06,Celta,Barcelona,3,3,1.7707,1.1393
SP1,2021-11-06,Espanol,Granada,2,0,1.7637,2.0687
SP1,2021-11-06,Real Madrid,Vallecano,2,1,2.7263,1.7804
D1,2021-11-07,FC Koln,Union Berlin,2,2,1.9333,1.1297
D1,2021-11-07,Greuther Furth,Ein Frankfurt,1,2,2.4344,1.2664
D1,2021-11-07,Hertha,Leverkusen,1,1,0.9035,0.774
E0,2021-11-07,Arsenal,Watford,1,0,1.4921,0.4917
E0,2021-11-07,Everton,Tottenham,0,0,0.5979,0.8018
E0,2021-11-07,Leeds,Leicester,1,1,1.9655,0.7953
E0,2021-11-07,West Ham,Liverpool,3,2,1.253,1.4564
F1,2021-11-07,Lorient,Brest,1,2,1.1696,2.3499
F1,2021-11-07,Marseille,Metz,0,0,1.6693,1.3605
F1,2021-11-07,Nantes,Strasbourg,2,2,2.2628,1.9245
F1,2021-11-07,Nice,Montpellier,0,1,1.6362,0.642
F1,2021-11-07,Reims,Monaco,0,0,0.3371,0.9739
F1,2021-11-07,Rennes,Lyon,4,1,3.9797,0.9531
F1,2021-11-07,St Etienne,Clermont,3,2,2.0562,1.3034
I1,2021-11-07,Lazio,Salernitana,3,0,1.6797,0.2396
I1,2021-11-07,Milan,Inter,1,1,1.1571,2.3476
I1,2021-11-07,Napoli,Verona,1,1,0.8009,1.2256
I1,2021-11-07,Sampdoria,Bologna,1,2,1.0557,1.8642
I1,2021-11-07,Udinese,Sassuolo,3,2,1.5911,0.694
I1,2021-11-07,Venezia,Roma,3,2,3.2254,2.7653
SP1,2021-11-07,Betis,Sevilla,0,2,0.3892,1.4216
SP1,2021-11-07,Mallorca,Elche,2,2,2.0489,0.6799
SP1,2021-11-07,Osasuna,Sociedad,0,2,0.4957,1.4326
SP1,2021-11-07,Valencia,Ath Madrid,3,3,1.5717,2.638
SP1,2021-11-07,Villarreal,Getafe,1,0,1.4926,0.1532
D1,2021-11-19,Augsburg,Bayern Munich,2,1,0.6145,1.2426
F1,2021-11-19,Monaco,Lille,2,2,0.9383,2.1649
SP1,2021-11-19,Levante,Ath Bilbao,0,0,0.6308,0.4522
D1,2021-11-20,Bielefeld,Wolfsburg,2,2,1.4058,1.3566
D1,2021-11-20,Dortmund,Stuttgart,2,1,1.9919,1.5411
D1,2021-11-20,Hoffenheim,RB Leipzig,2,0,2.8888,0.2111
D1,2021-11-20,Leverkusen,Bochum,1,0,1.6264,0.7087
D1,2021-11-20,M'gladbach,Greuther Furth,4,0,2.4744,0.3076
D1,2021-11-20,Union Berlin,Hertha,2,0,1.8911,0.2115
E0,2021-11-20,Aston Villa,Brighton,2,0,1.0695,0.5828
E0,2021-11-20,Burnley,Crystal Palace,3,3,1.0422,1.7484
E0,2021-11-20,Leicester,Chelsea,0,3,0.4995,2.5718
E0,2021-11-20,Liverpool,Arsenal,4,0,3.9737,0.268
E0,2021-11-20,Newcastle,Brentford,3,3,2.1839,1.2328
E0,2021-11-20,Norwich,Southampton,2,1,0.4378,1.1312
E0,2021-11-20,Watford,Man United,4,1,2.7339,1.6679
E0,2021-11-20,Wolves,West Ham,1,0,1.319,0.4363
F1,2021-11-20,Paris SG,Nantes,3,1,1.2672,0.9988
F1,2021-11-20,Rennes,Montpellier,2,0,3.9966,0.2987
I1,2021-11-20,Atalanta,Spezia,5,2,2.5762,0.9282
I1,2021-11-20,Fiorentina,Milan,4,3,1.5087,1.5742
I1,2021-11-20,Lazio,Juventus,0,2,0.2549,2.7672
SP1,2021-11-20,Ath Madrid,Osasuna,1,0,1.6104,0.379
SP1,2021-11-20,Barcelona,Espanol,1,0,1.5126,1.4129
SP1,2021-11-20,Celta,Villarreal,1,1,0.9098,2.7193
SP1,2021-11-20,Sevilla,Alaves,2,2,1.3751,1.4737
D1,2021-11-21,Freiburg,Ein Frankfurt,0,2,1.5667,1.2427
D1,2021-11-21,Mainz,FC Koln,1,1,0.9413,1.7556
E0,2021-11-21,Man City,Everton,3,0,2.613,0.2669
E0,2021-11-21,Tottenham,Leeds,2,1,2.3174,1.4669
F1,2021-11-21,Angers,Lorient,1,0,1.4621,0.4207
F1,2021-11-21,Brest,Lens,4,0,1.4449,1.7144
F1,2021-11-21,Clermont,Nice,1,2,0.7797,0.6176
F1,2021-11-21,Metz,Bordeaux,3,3,1.3267,2.6818
F1,2021-11-21,Strasbourg,Reims,1,1,2.0252,1.2589
F1,2021-11-21,Troyes,St Etienne,0,1,1.1909,1.2403
I1,2021-11-21,Bologna,Venezia,0,1,0.9951,1.0189
I1,2021-11-21,Genoa,Roma,0,2,0.1027,2.3427
I1,2021-11-21,Inter,Napoli,3,2,2.196,0.9416
I1,2021-11-21,Salernitana,Sampdoria,0,2,0.9821,1.5286
I1,2021-11-21,Sassuolo,Cagliari,2,2,3.4795,1.231
SP1,2021-11-21,Elche,Betis,0,3,0.8248,1.6007
SP1,2021-11-21,Getafe,Cadiz,4,0,1.543,0.3702
SP1,2021-11-21,Granada,Real Madrid,1,4,0.5642,3.7785
SP1,2021-11-21,Sociedad,Valencia,0,0,0.4054,0.5849
I1,2021-11-22,Torino,Udinese,2,1,1.9357,1.0029
I1,2021-11-22,Verona,Empoli,2,1,1.3023,1.5626
SP1,2021-11-22,Vallecano,Mallorca,3,1,1.9496,0.8276
D1,2021-11-26,Stuttgart,Mainz,2,1,0.2769,1.1774
F1,2021-11-26,Lens,Angers,2,2,1.6025,2.0018
I1,2021-11-26,Cagliari,Salernitana,1,1,1.7188,0.238
SP1,2021-11-26,Ath Bilbao,Granada,2,2,1.3394,0.9776
D1,2021-11-27,Bayern Munich,Bielefeld,1,0,2.6773,0.3854
D1,2021-11-27,Bochum,Freiburg,2,1,0.956,2.1214
D1,2021-11-27,FC Koln,M'gladbach,4,1,1.4869,1.3029
D1,2021-11-27,Greuther Furth,Hoffenheim,3,6,1.3649,3.017
D1,2021-11-27,Hertha,Augsburg,1,1,1.9266,1.613
D1,2021-11-27,Wolfsburg,Dortmund,1,3,2.1715,2.3513
E0,2021-11-27,Arsenal,Newcastle,2,0,2.8449,0.1854
E0,2021-11-27,Brighton,Leeds,0,0,1.905,0.8648
E0,2021-11-27,Crystal Palace,Aston Villa,1,2,0.9621,0.4543
E0,2021-11-27,Liverpool,Southampton,4,0,3.0728,0.9661
E0,2021-11-27,Norwich,Wolves,0,0,1.4047,0.2972
F1,2021-11-27,Lille,Nantes,1,1,1.468,0.359
F1,2021-11-27,Nice,Metz,0,1,1.3496,0.5266
I1,2021-11-27,Empoli,Fiorentina,2,1,2.1411,2.3955
I1,2021-11-27,Juventus,Atalanta,0,1,0.8182,0.5735
I1,2021-11-27,Sampdoria,Verona,3,1,0.7505,0.6977
I1,2021-11-27,Venezia,Inter,0,2,0.1925,2.6034
SP1,2021-11-27,Alaves,Celta,1,2,0.6772,1.5431
SP1,2021-11-27,Mallorca,Getafe,0,0,0.4727,0.7393
SP1,2021-11-27,Valencia,Vallecano,1,1,1.5813,2.0285
SP1,2021-11-27,Villarreal,Barcelona,1,3,1.5598,3.3725
D1,2021-11-28,Ein Frankfurt,Union Berlin,2,1,1.6969,1.0739
D1,2021-11-28,RB Leipzig,Leverkusen,1,3,1.4323,1.2355
E0,2021-11-28,Brentford,Everton,1,0,1.1981,0.9681
E0,2021-11-28,Chelsea,Man United,1,1,2.3453,0.5634
E0,2021-11-28,Leicester,Watford,4,2,2.1603,2.3838
E0,2021-11-28,Man City,West Ham,2,1,2.7219,0.1718
F1,2021-11-28,Bordeaux,Brest,1,2,1.4572,2.2659
F1,2021-11-28,Lorient,Rennes,0,2,0.634,0.9892
F1,2021-11-28,Marseille,Troyes,1,0,1.1532,0.1459
F1,2021-11-28,Monaco,Strasbourg,1,1,1.5822,0.9451
F1,2021-11-28,Montpellier,Lyon,0,1,1.0218,1.1788
F1,2021-11-28,Reims,Clermont,1,0,0.7076,0.27
F1,2021-11-28,St Etienne,Paris SG,1,3,0.97,3.435
I1,2021-11-28,Milan,Sassuolo,1,3,0.8805,1.1849
I1,2021-11-28,Napoli,Lazio,4,0,1.1953,0.2728
I1,2021-11-28,Roma,Torino,1,0,0.9622,0.7984
I1,2021-11-28,Spezia,Bologna,0,1,0.6384,2.5461
I1,2021-11-28,Udinese,Genoa,0,0,0.7828,0.602
SP1,2021-11-28,Betis,Levante,3,1,2.3097,0.6459
SP1,2021-11-28,Cadiz,Ath Madrid,1,4,0.7665,3.3257
SP1,2021-11-28,Espanol,Sociedad,1,0,0.3781,1.3264
SP1,2021-11-28,Real Madrid,Sevilla,2,1,1.2476,1.3017
SP1,2021-11-29,Osasuna,Elche,1,1,2.1373,1.0568
E0,2021-11-30,Leeds,Crystal Palace,1,0,1.9818,0.7073
E0,2021-11-30,Newcastle,Norwich,1,1,1.1564,1.5108
I1,2021-11-30,Atalanta,Venezia,4,0,2.9031,0.5202
I1,2021-11-30,Fiorentina,Sampdoria,3,1,2.8733,0.634
I1,2021-11-30,Salernitana,Juventus,0,2,0.4617,2.5444
I1,2021-11-30,Verona,Cagliari,0,0,1.1601,0.5751
E0,2021-12-01,Aston Villa,Man City,1,2,0.7721,1.019
E0,2021-12-01,Everton,Liverpool,1,4,0.5123,2.8607
E0,2021-12-01,Southampton,Leicester,2,2,1.9117,1.4401
E0,2021-12-01,Watford,Chelsea,1,2,0.9909,0.9086
E0,2021-12-01,West Ham,Brighton,1,1,1.1468,1.2607
E0,2021-12-01,Wolves,Burnley,0,0,0.7117,0.1955
F1,2021-12-01,Angers,Monaco,1,3,1.033,3.5055
F1,2021-12-01,Brest,St Etienne,1,0,1.892,0.4568
F1,2021-12-01,Clermont,Lens,2,2,1.8054,0.5684
F1,2021-12-01,Lyon,Reims,1,2,2.8505,1.0535
F1,2021-12-01,Metz,Montpellier,1,3,1.4754,1.4119
F1,2021-12-01,Nantes,Marseille,0,1,0.1741,1.6372
F1,2021-12-01,Paris SG,Nice,0,0,1.6179,0.9575
F1,2021-12-01,Rennes,Lille,1,2,0.7995,0.7081
F1,2021-12-01,Strasbourg,Bordeaux,5,2,3.4312,1.488
F1,2021-12-01,Troyes,Lorient,2,0,1.1218,0.4337
I1,2021-12-01,Bologna,Roma,1,0,0.2206,0.9051
I1,2021-12-01,Genoa,Milan,0,3,0.3575,1.1025
I1,2021-12-01,Inter,Spezia,2,0,2.8514,0.2515
I1,2021-12-01,Sassuolo,Napoli,2,2,0.3066,0.9226
SP1,2021-12-01,Real Madrid,Ath Bilbao,1,0,1.6053,2.702
E0,2021-12-02,Man United,Arsenal,3,2,1.856,1.1664
E0,2021-12-02,Tottenham,Brentford,2,0,2.0725,0.2255
I1,2021-12-02,Lazio,Udinese,4,4,1.4592,2.0422
I1,2021-12-02,Torino,Empoli,2,2,1.378,0.9725
D1,2021-12-03,Union Berlin,RB Leipzig,2,1,3.7649,1.1439
SP1,2021-12-03,Granada,Alaves,2,1,1.0827,1.3847
D1,2021-12-04,Augsburg,Bochum,2,3,2.8661,2.0452
D1,2021-12-04,Bielefeld,FC Koln,1,1,1.0173,1.1869
D1,2021-12-04,Dortmund,Bayern Munich,2,3,1.4306,2.4214
D1,2021-12-04,Hoffenheim,Ein Frankfurt,3,2,0.925,1.5786
D1,2021-12-04,Leverkusen,Greuther Furth,7,1,2.4319,0.2797
D1,2021-12-04,Mainz,Wolfsburg,3,0,1.4116,0.7605
E0,2021-12-04,Newcastle,Burnley,1,0,1.7061,0.6046
E0,2021-12-04,Southampton,Brighton,1,1,1.3424,1.4872
E0,2021-12-04,Watford,Man City,1,3,0.6751,4.0322
E0,2021-12-04,West Ham,Chelsea,3,2,2.0174,1.3705
E0,2021-12-04,Wolves,Liverpool,0,1,0.0952,2.4233
F1,2021-12-04,Lens,Paris SG,1,1,0.8244,2.2913
F1,2021-12-04,Lille,Troyes,2,1,1.7941,0.2899
F1,2021-12-04,Marseille,Brest,1,2,1.9228,1.5539
I1,2021-12-04,Milan,Salernitana,2,0,2.5822,0.1943
I1,2021-12-04,Napoli,Atalanta,2,3,1.1174,1.5297
I1,2021-12-04,Roma,Inter,0,3,0.5305,1.6741
SP1,2021-12-04,Ath Madrid,Mallorca,1,2,2.0705,0.7759
SP1,2021-12-04,Barcelona,Betis,0,1,1.2087,0.6427
SP1,2021-12-04,Sevilla,Villarreal,1,0,0.4697,1.9092
SP1,2021-12-04,Sociedad,Real Madrid,0,2,0.5852,2.1925
D1,2021-12-05,M'gladbach,Freiburg,0,6,1.0756,2.708
D1,2021-12-05,Stuttgart,Hertha,2,2,0.9219,1.2585
E0,2021-12-05,Aston Villa,Leicester,2,1,1.8482,0.9826
E0,2021-12-05,Leeds,Brentford,2,2,1.419,1.1996
E0,2021-12-05,Man United,Crystal Palace,1,0,0.8704,0.5206
E0,2021-12-05,Tottenham,Norwich,3,0,2.0067,1.0656
F1,2021-12-05,Bordeaux,Lyon,2,2,2.6009,1.8467
F1,2021-12-05,Lorient,Nantes,0,1,0.6197,0.2689
F1,2021-12-05,Monaco,Metz,4,0,1.9142,0.5477
F1,2021-12-05,Montpellier,Clermont,1,0,0.8559,0.3942
F1,2021-12-05,Nice,Strasbourg,0,3,1.3682,2.7263
F1,2021-12-05,Reims,Angers,1,2,1.3427,1.7715
F1,2021-12-05,St Etienne,Rennes,0,5,0.3579,3.1151
I1,2021-12-05,Bologna,Fiorentina,2,3,0.5874,1.2138
I1,2021-12-05,Juventus,Genoa,2,0,3.0054,0.0
I1,2021-12-05,Sampdoria,Lazio,1,3,1.1477,1.1516
I1,2021-12-05,Spezia,Sassuolo,2,2,2.3606,1.4473
I1,2021-12-05,Venezia,Verona,3,4,1.4872,2.0884
SP1,2021-12-05,Celta,Valencia,1,2,0.6451,1.0115
SP1,2021-12-05,Elche,Cadiz,3,1,2.3308,1.5059
SP1,2021-12-05,Levante,Osasuna,0,0,0.51,0.2506
SP1,2021-12-05,Vallecano,Espanol,1,0,0.6492,0.4748
E0,2021-12-06,Everton,Arsenal,2,1,1.0611,1.0572
I1,2021-12-06,Cagliari,Torino,1,1,1.2096,1.9019
I1,2021-12-06,Empoli,Udinese,3,1,2.0252,2.0872
SP1,2021-12-06,Getafe,Ath Bilbao,0,0,1.3574,0.466
D1,2021-12-10,FC Koln,Augsburg,0,2,1.1589,1.1763
E0,2021-12-10,Brentford,Watford,2,1,1.828,0.5616
F1,2021-12-10,Nantes,Lens,3,2,1.4366,0.8407
I1,2021-12-10,Genoa,Sampdoria,1,3,1.0104,2.0293
SP1,2021-12-10,Mallorca,Celta,0,0,0.8981,1.3348
D1,2021-12-11,Bayern Munich,Mainz,2,1,1.7861,0.8727
D1,2021-12-11,Bochum,Dortmund,1,1,0.9665,2.6828
D1,2021-12-11,Freiburg,Hoffenheim,1,2,2.252,1.5054
D1,2021-12-11,Hertha,Bielefeld,2,0,2.238,0.4548
D1,2021-12-11,RB Leipzig,M'gladbach,4,1,4.8026,0.8475
D1,2021-12-11,Wolfsburg,Stuttgart,0,2,1.4699,1.533
E0,2021-12-11,Arsenal,Southampton,3,0,2.0843,0.5022
E0,2021-12-11,Chelsea,Leeds,3,2,2.7484,1.7293
E0,2021-12-11,Liverpool,Aston Villa,1,0,2.7118,0.1406
E0,2021-12-11,Man City,Wolves,1,0,2.9992,0.0763
E0,2021-12-11,Norwich,Man United,0,1,0.9861,2.0982
F1,2021-12-11,Brest,Montpellier,0,4,0.6914,1.6764
F1,2021-12-11,Reims,St Etienne,2,0,2.7175,0.1194
I1,2021-12-11,Fiorentina,Salernitana,4,0,2.7425,0.9246
I1,2021-12-11,Udinese,Milan,1,1,2.2839,1.151
I1,2021-12-11,Venezia,Juventus,1,1,0.4337,1.539
SP1,2021-12-11,Alaves,Getafe,1,1,0.9891,1.0468
SP1,2021-12-11,Ath Bilbao,Sevilla,0,1,2.3566,0.2145
SP1,2021-12-11,Espanol,Levante,4,3,2.1352,3.3876
SP1,2021-12-11,Valencia,Elche,2,1,1.6754,1.13
D1,2021-12-12,Ein Frankfurt,Leverkusen,5,2,1.4442,1.6014
D1,2021-12-12,Greuther Furth,Union Berlin,1,0,0.6802,1.8365
E0,2021-12-12,Burnley,West Ham,0,0,0.548,0.9988
E0,2021-12-12,Crystal Palace,Everton,3,1,2.0986,1.2756
E0,2021-12-12,Leicester,Newcastle,4,0,2.0577,0.5119
F1,2021-12-12,Angers,Clermont,0,1,1.5268,1.7067
F1,2021-12-12,Lille,Lyon,0,0,2.156,0.4221
F1,2021-12-12,Metz,Lorient,4,1,1.1423,1.7068
F1,2021-12-12,Paris SG,Monaco,2,0,1.9029,0.8155
F1,2021-12-12,Rennes,Nice,1,2,1.6077,1.8035
F1,2021-12-12,Strasbourg,Marseille,0,2,1.7897,0.7089
F1,2021-12-12,Troyes,Bordeaux,1,2,1.2692,1.1399
I1,2021-12-12,Inter,Cagliari,4,0,3.6391,0.2224
I1,2021-12-12,Napoli,Empoli,0,1,1.6171,0.6445
I1,2021-12-12,Sassuolo,Lazio,2,1,0.894,0.7335
I1,2021-12-12,Torino,Bologna,2,1,2.1253,0.9453
I1,2021-12-12,Verona,Atalanta,1,2,0.9969,1.0193
SP1,2021-12-12,Betis,Sociedad,4,0,1.217,1.0674
SP1,2021-12-12,Osasuna,Barcelona,2,2,0.3676,1.3894
SP1,2021-12-12,Real Madrid,Ath Madrid,2,0,0.5878,0.7697
SP1,2021-12-12,Villarreal,Vallecano,2,0,2.1096,1.4125
I1,2021-12-13,Roma,Spezia,2,0,2.2988,0.6093
SP1,2021-12-13,Cadiz,Granada,1,1,0.6189,1.1244
D1,2021-12-14,Bielefeld,Bochum,2,0,0.6428,0.748
D1,2021-12-14,Mainz,Hertha,4,0,3.1059,0.3934
D1,2021-12-14,Stuttgart,Bayern Munich,0,5,1.0471,4.9815
D1,2021-12-14,Wolfsburg,FC Koln,2,3,2.4269,3.1469
E0,2021-12-14,Man City,Leeds,7,0,3.3135,0.2275
E0,2021-12-14,Norwich,Aston Villa,0,2,0.5026,1.9626
D1,2021-12-15,Augsburg,RB Leipzig,1,1,1.5674,3.0825
D1,2021-12-15,Dortmund,Greuther Furth,3,0,1.9157,0.379
D1,2021-12-15,Leverkusen,Hoffenheim,2,2,2.4255,1.6811
D1,2021-12-15,M'gladbach,Ein Frankfurt,2,3,2.2298,2.5029
D1,2021-12-15,Union Berlin,Freiburg,0,0,2.2501,1.2247
E0,2021-12-15,Arsenal,West Ham,2,0,2.8148,0.3389
E0,2021-12-15,Brighton,Wolves,0,1,1.2012,1.1174
E0,2021-12-15,Crystal Palace,Southampton,2,2,1.4924,0.6252
E0,2021-12-16,Chelsea,Everton,1,1,3.2024,0.6275
E0,2021-12-16,Liverpool,Newcastle,3,1,2.9391,0.2064
D1,2021-12-17,Bayern Munich,Wolfsburg,4,0,4.3129,1.4163
I1,2021-12-17,Lazio,Genoa,3,1,2.0708,0.1728
I1,2021-12-17,Salernitana,Inter,0,5,1.0917,3.3133
SP1,2021-12-17,Celta,Espanol,3,1,1.6562,0.3777
D1,2021-12-18,Bochum,Union Berlin,0,1,1.0421,0.9997
D1,2021-12-18,Ein Frankfurt,Mainz,1,0,1.528,0.8324
D1,2021-12-18,Greuther Furth,Augsburg,0,0,0.0902,1.485
D1,2021-12-18,Hertha,Dortmund,3,2,1.6163,1.5726
D1,2021-12-18,Hoffenheim,M'gladbach,1,1,2.2442,1.6249
D1,2021-12-18,RB Leipzig,Bielefeld,0,2,1.645,1.3345
E0,2021-12-18,Leeds,Arsenal,1,4,1.3141,3.6901
I1,2021-12-18,Atalanta,Roma,1,4,1.4711,1.9952
I1,2021-12-18,Bologna,Juventus,0,2,0.8443,1.3968
I1,2021-12-18,Cagliari,Udinese,0,4,0.1837,0.5217
SP1,2021-12-18,Barcelona,Elche,3,2,2.964,1.2655
SP1,2021-12-18,Sevilla,Ath Madrid,2,1,0.3731,1.245
SP1,2021-12-18,Sociedad,Villarreal,1,3,1.3456,3.0224
SP1,2021-12-18,Vallecano,Alaves,2,0,1.8728,0.1985
D1,2021-12-19,FC Koln,Stuttgart,1,0,1.3582,0.3336
D1,2021-12-19,Freiburg,Leverkusen,2,1,2.0786,0.8186
E0,2021-12-19,Newcastle,Man City,0,4,0.1742,3.6469
E0,2021-12-19,Tottenham,Liverpool,2,2,2.7978,1.5494
E0,2021-12-19,Wolves,Chelsea,0,0,0.3214,0.794
I1,2021-12-19,Fiorentina,Sassuolo,2,2,2.2695,1.0012
I1,2021-12-19,Milan,Napoli,0,1,0.3691,0.9944
I1,2021-12-19,Sampdoria,Venezia,1,1,1.8088,0.8114
I1,2021-12-19,Spezia,Empoli,1,1,1.3697,1.224
I1,2021-12-19,Torino,Verona,1,0,0.8608,0.2614
SP1,2021-12-19,Ath Bilbao,Betis,3,2,1.1909,2.0193
SP1,2021-12-19,Getafe,Osasuna,1,0,1.091,0.7122
SP1,2021-12-19,Granada,Mallorca,4,1,2.7154,1.0861
SP1,2021-12-19,Real Madrid,Cadiz,0,0,2.7961,0.2422
SP1,2021-12-20,Levante,Valencia,3,4,2.7354,2.1062
I1,2021-12-21,Genoa,Atalanta,0,0,0.0227,1.4178
I1,2021-12-21,Juventus,Cagliari,2,0,2.2439,1.1348
SP1,2021-12-21,Sevilla,Barcelona,1,1,0.2994,1.9058
SP1,2021-12-21,Villarreal,Alaves,5,2,3.8799,0.3101
F1,2021-12-22,Bordeaux,Lille,2,3,1.0092,1.2312
F1,2021-12-22,Lorient,Paris SG,1,1,1.4767,2.1993
F1,2021-12-22,Lyon,Metz,1,1,2.7902,0.3539
F1,2021-12-22,Marseille,Reims,1,1,1.7053,1.0569
F1,2021-12-22,Monaco,Rennes,2,1,1.6282,1.2949
F1,2021-12-22,Montpellier,Angers,4,1,0.9988,0.747
F1,2021-12-22,Nice,Lens,2,1,0.8662,1.7223
F1,2021-12-22,St Etienne,Nantes,0,1,1.0075,0.7913
F1,2021-12-22,Troyes,Brest,1,1,1.0592,0.6611
I1,2021-12-22,Empoli,Milan,2,4,1.6609,1.965
I1,2021-12-22,Inter,Torino,1,0,1.0299,0.5364
I1,2021-12-22,Napoli,Spezia,0,1,1.4536,0.3551
I1,2021-12-22,Roma,Sampdoria,1,1,1.4527,1.1808
I1,2021-12-22,Sassuolo,Bologna,0,3,0.776,1.4889
I1,2021-12-22,Venezia,Lazio,1,3,0.756,1.552
I1,2021-12-22,Verona,Fiorentina,1,1,0.9488,1.2893
SP1,2021-12-22,Ath Bilbao,Real Madrid,1,2,1.0933,1.5852
SP1,2021-12-22,Granada,Ath Madrid,2,1,0.9111,1.7794
E0,2021-12-26,Aston Villa,Chelsea,1,3,0.474,2.8285
E0,2021-12-26,Brighton,Brentford,2,0,0.9434,1.1034
E0,2021-12-26,Man City,Leicester,6,3,3.8287,2.4343
E0,2021-12-26,Norwich,Arsenal,0,5,0.1542,2.8754
E0,2021-12-26,Tottenham,Crystal Palace,3,0,2.8215,0.1783
E0,2021-12-26,West Ham,Southampton,2,3,1.5374,1.3564
E0,2021-12-27,Newcastle,Man United,1,1,1.2659,1.7559
E0,2021-12-28,Crystal Palace,Norwich,3,0,2.3898,0.5941
E0,2021-12-28,Leicester,Liverpool,1,0,0.6159,2.7268
E0,2021-12-28,Southampton,Tottenham,1,1,0.353,2.8092
E0,2021-12-28,Watford,West Ham,1,4,1.0143,2.8408
E0,2021-12-29,Brentford,Man City,0,1,0.2388,1.0176
E0,2021-12-29,Chelsea,Brighton,1,1,0.7635,0.7866
E0,2021-12-30,Man United,Burnley,3,1,1.8078,0.8717
SP1,2021-12-31,Valencia,Espanol,1,2,0.8641,2.1483
E0,2022-01-01,Arsenal,Man City,1,2,0.8369,1.9462
E0,2022-01-01,Crystal Palace,West Ham,2,3,2.692,2.2315
E0,2022-01-01,Watford,Tottenham,0,1,0.3035,1.9375
E0,2022-01-02,Brentford,Aston Villa,2,1,0.5013,1.1382
E0,2022-01-02,Chelsea,Liverpool,2,2,1.389,1.789
E0,2022-01-02,Everton,Brighton,2,3,1.827,1.484
E0,2022-01-02,Leeds,Burnley,3,1,2.0419,0.9605
SP1,2022-01-02,Alaves,Sociedad,1,1,1.5407,1.3811
SP1,2022-01-02,Ath Madrid,Vallecano,2,0,1.981,0.1041
SP1,2022-01-02,Betis,Celta,0,2,0.8894,1.872
SP1,2022-01-02,Elche,Granada,0,0,1.4482,0.966
SP1,2022-01-02,Getafe,Real Madrid,1,0,0.9,0.9132
SP1,2022-01-02,Mallorca,Barcelona,0,1,0.9885,1.6179
E0,2022-01-03,Man United,Wolves,0,1,0.7688,0.8409
SP1,2022-01-03,Cadiz,Sevilla,0,1,0.2386,1.2839
SP1,2022-01-03,Osasuna,Ath Bilbao,1,3,0.5219,2.4854
SP1,2022-01-03,Villarreal,Levante,5,0,4.1905,0.4234
I1,2022-01-06,Juventus,Napoli,1,1,1.0796,0.8847
I1,2022-01-06,Lazio,Empoli,3,3,3.0901,2.1543
I1,2022-01-06,Milan,Roma,3,1,3.019,0.8612
I1,2022-01-06,Sampdoria,Cagliari,1,2,0.7315,2.1896
I1,2022-01-06,Sassuolo,Genoa,1,1,2.1565,0.2132
I1,2022-01-06,Spezia,Verona,1,2,1.3241,2.1603
D1,2022-01-07,Bayern Munich,M'gladbach,1,2,1.356,1.5107
F1,2022-01-07,Bordeaux,Marseille,0,1,0.4131,2.1562
D1,2022-01-08,Ein Frankfurt,Dortmund,2,3,1.7784,2.3823
D1,2022-01-08,Freiburg,Bielefeld,2,2,2.2042,1.1145
D1,2022-01-08,Greuther Furth,Stuttgart,0,0,1.1239,1.627
D1,2022-01-08,Hoffenheim,Augsburg,3,1,2.7623,0.7497
D1,2022-01-08,Leverkusen,Union Berlin,2,2,2.2053,3.0421
D1,2022-01-08,RB Leipzig,Mainz,4,1,3.5539,0.3198
F1,2022-01-08,Lens,Rennes,1,0,0.58,0.3282
SP1,2022-01-08,Granada,Barcelona,1,1,0.7478,0.9672
SP1,2022-01-08,Levante,Mallorca,2,0,1.3249,1.1653
SP1,2022-01-08,Real Madrid,Valencia,4,1,4.1129,1.1205
SP1,2022-01-08,Sociedad,Celta,1,0,2.3211,0.314
D1,2022-01-09,Bochum,Wolfsburg,1,0,1.573,0.4004
D1,2022-01-09,Hertha,FC Koln,1,3,0.7918,2.4699
F1,2022-01-09,Brest,Nice,0,3,1.6174,1.4495
F1,2022-01-09,Clermont,Reims,0,0,0.7629,0.8085
F1,2022-01-09,Lyon,Paris SG,1,1,1.036,1.1287
F1,2022-01-09,Metz,Strasbourg,0,2,0.2706,3.7038
F1,2022-01-09,Nantes,Monaco,0,0,0.365,0.6948
I1,2022-01-09,Empoli,Sassuolo,1,5,1.0255,4.0481
I1,2022-01-09,Genoa,Spezia,0,1,0.9564,1.7571
I1,2022-01-09,Inter,Lazio,2,1,2.1545,0.7475
I1,2022-01-09,Napoli,Sampdoria,1,0,1.4294,0.3692
I1,2022-01-09,Roma,Juventus,3,4,2.5326,1.45
I1,2022-01-09,Udinese,Atalanta,2,6,0.7257,3.6595
I1,2022-01-09,Venezia,Milan,0,3,0.5113,3.8729
I1,2022-01-09,Verona,Salernitana,1,2,1.3847,1.2842
SP1,2022-01-09,Alaves,Ath Bilbao,0,0,0.5855,0.4637
SP1,2022-01-09,Osasuna,Cadiz,2,0,3.134,0.2102
SP1,2022-01-09,Sevilla,Getafe,1,0,0.5923,0.1146
SP1,2022-01-09,Vallecano,Betis,1,1,1.4792,1.2669
SP1,2022-01-09,Villarreal,Ath Madrid,2,2,2.5612,0.8824
I1,2022-01-10,Torino,Fiorentina,4,0,2.524,0.4726
SP1,2022-01-10,Espanol,Elche,1,2,1.3022,0.6623
E0,2022-01-11,Southampton,Brentford,4,1,1.5931,0.6215
I1,2022-01-11,Cagliari,Bologna,2,1,1.4712,0.693
E0,2022-01-12,West Ham,Norwich,2,0,2.8922,0.3433
D1,2022-01-14,Dortmund,Freiburg,5,1,2.4275,1.0485
E0,2022-01-14,Brighton,Crystal Palace,1,1,2.1805,0.5097
F1,2022-01-14,Nice,Nantes,2,1,2.2769,0.3966
D1,2022-01-15,FC Koln,Bayern Munich,0,4,1.0312,3.8733
D1,2022-01-15,M'gladbach,Leverkusen,1,2,1.4447,6.4973
D1,2022-01-15,Mainz,Bochum,1,0,1.603,1.3264
D1,2022-01-15,Stuttgart,RB Leipzig,0,2,1.1879,1.601
D1,2022-01-15,Union Berlin,Hoffenheim,2,1,1.7668,0.6149
D1,2022-01-15,Wolfsburg,Hertha,0,0,1.8017,0.3139
E0,2022-01-15,Aston Villa,Man United,2,2,1.8278,1.3538
E0,2022-01-15,Man City,Chelsea,1,0,0.9017,0.6138
E0,2022-01-15,Newcastle,Watford,1,1,1.0386,1.4962
E0,2022-01-15,Norwich,Everton,2,1,1.0015,0.541
E0,2022-01-15,Wolves,Southampton,3,1,2.2992,0.9173
F1,2022-01-15,Paris SG,Brest,2,0,2.7095,0.7246
F1,2022-01-15,St Etienne,Lens,1,2,0.9509,0.7469
I1,2022-01-15,Juventus,Udinese,2,0,1.7053,0.5525
I1,2022-01-15,Salernitana,Lazio,0,3,0.2322,1.7378
I1,2022-01-15,Sampdoria,Torino,1,2,1.2867,1.3124
D1,2022-01-16,Augsburg,Ein Frankfurt,1,1,0.835,2.1473
D1,2022-01-16,Bielefeld,Greuther Furth,2,2,0.5347,0.5513
E0,2022-01-16,Liverpool,Brentford,3,0,3.491,0.3767
E0,2022-01-16,West Ham,Leeds,2,3,2.3549,2.2688
F1,2022-01-16,Lorient,Angers,0,0,0.4806,0.5547
F1,2022-01-16,Marseille,Lille,1,1,1.6274,0.9669
F1,2022-01-16,Monaco,Clermont,4,0,4.2588,0.2489
F1,2022-01-16,Reims,Metz,0,1,0.6519,0.7134
F1,2022-01-16,Rennes,Bordeaux,6,0,4.0784,0.4126
F1,2022-01-16,Strasbourg,Montpellier,3,1,1.4597,1.0292
F1,2022-01-16,Troyes,Lyon,0,1,0.4853,3.0267
I1,2022-01-16,Atalanta,Inter,0,0,1.5151,1.5065
I1,2022-01-16,Roma,Cagliari,1,0,2.0147,0.6426
I1,2022-01-16,Sassuolo,Verona,2,4,0.8555,4.1164
I1,2022-01-16,Venezia,Empoli,1,1,1.0377,1.123
SP1,2022-01-16,Elche,Villarreal,1,0,0.2042,0.7554
I1,2022-01-17,Bologna,Napoli,0,2,0.8017,2.2007
I1,2022-01-17,Fiorentina,Genoa,6,0,3.7562,0.0786
I1,2022-01-17,Milan,Spezia,1,2,2.8503,1.5675
E0,2022-01-18,Brighton,Chelsea,1,1,0.7476,0.573
SP1,2022-01-18,Betis,Alaves,4,0,2.1016,0.2601
SP1,2022-01-18,Cadiz,Espanol,2,2,0.802,1.9158
E0,2022-01-19,Brentford,Man United,1,3,2.081,2.0597
E0,2022-01-19,Leicester,Tottenham,2,3,1.9503,4.2471
F1,2022-01-19,Clermont,Strasbourg,0,2,0.3484,1.749
F1,2022-01-19,Lille,Lorient,3,1,1.5863,1.218
F1,2022-01-19,Montpellier,Troyes,0,1,0.5751,0.5485
SP1,2022-01-19,Celta,Osasuna,2,0,1.5243,0.4656
SP1,2022-01-19,Valencia,Sevilla,1,1,0.5734,1.18
SP1,2022-01-20,Getafe,Granada,4,2,1.1806,0.8565
D1,2022-01-21,Ein Frankfurt,Bielefeld,0,2,1.4495,1.5614
E0,2022-01-21,Watford,Norwich,0,3,1.3061,0.9252
F1,2022-01-21,Lyon,St Etienne,1,0,2.1901,0.243
I1,2022-01-21,Verona,Bologna,2,1,2.0517,0.4167
SP1,2022-01-21,Espanol,Betis,1,4,1.5709,2.8569
D1,2022-01-22,Bochum,FC Koln,2,2,1.7793,1.5434
D1,2022-01-22,Freiburg,Stuttgart,2,0,1.582,0.2218
D1,2022-01-22,Greuther Furth,Mainz,2,1,1.2937,1.4077
D1,2022-01-22,Hoffenheim,Dortmund,2,3,1.1625,1.3361
D1,2022-01-22,Leverkusen,Augsburg,5,1,3.5188,1.2126
D1,2022-01-22,M'gladbach,Union Berlin,1,2,1.2991,1.3051
E0,2022-01-22,Brentford,Wolves,1,2,0.7426,0.2182
E0,2022-01-22,Everton,Aston Villa,0,1,1.2384,0.8602
E0,2022-01-22,Leeds,Newcastle,0,1,1.1299,1.159
E0,2022-01-22,Man United,West Ham,1,0,1.7586,0.238
E0,2022-01-22,Southampton,Man City,1,1,1.0022,1.6291
F1,2022-01-22,Brest,Lille,2,0,1.2939,1.375
F1,2022-01-22,Lens,Marseille,0,2,0.6181,1.3549
I1,2022-01-22,Genoa,Udinese,0,0,1.7338,0.0599
I1,2022-01-22,Inter,Venezia,2,1,2.8689,0.2228
I1,2022-01-22,Lazio,Atalanta,0,0,0.2729,0.311
SP1,2022-01-22,Ath Madrid,Valencia,3,2,2.2597,0.7266
SP1,2022-01-22,Levante,Cadiz,0,2,1.0849,0.9115
SP1,2022-01-22,Sevilla,Celta,2,2,0.8851,0.4697
SP1,2022-01-22,Villarreal,Mallorca,3,0,2.1982,1.5998
D1,2022-01-23,Hertha,Bayern Munich,1,4,0.8479,5.185
D1,2022-01-23,RB Leipzig,Wolfsburg,2,0,1.6943,0.871
E0,2022-01-23,Arsenal,Burnley,0,0,1.3551,0.389
E0,2022-01-23,Chelsea,Tottenham,2,0,1.0421,0.3288
E0,2022-01-23,Crystal Palace,Liverpool,1,3,1.6261,1.497
E0,2022-01-23,Leicester,Brighton,1,1,1.7098,1.1974
F1,2022-01-23,Angers,Troyes,2,1,2.2972,1.6368
F1,2022-01-23,Bordeaux,Strasbourg,4,3,1.6539,1.4904
F1,2022-01-23,Clermont,Rennes,2,1,1.0984,2.4911
F1,2022-01-23,Metz,Nice,0,2,0.2339,1.9467
F1,2022-01-23,Montpellier,Monaco,3,2,2.2292,1.2425
F1,2022-01-23,Nantes,Lorient,4,2,1.4026,2.0314
F1,2022-01-23,Paris SG,Reims,4,0,2.9534,0.3445
I1,2022-01-23,Cagliari,Fiorentina,1,1,2.4228,2.5609
I1,2022-01-23,Empoli,Roma,2,4,1.2314,2.1797
I1,2022-01-23,Milan,Juventus,0,0,0.7055,0.3529
I1,2022-01-23,Napoli,Salernitana,4,1,4.5487,0.0823
I1,2022-01-23,Spezia,Sampdoria,1,0,0.53,0.4383
I1,2022-01-23,Torino,Sassuolo,1,1,3.2506,0.6283
SP1,2022-01-23,Alaves,Barcelona,0,1,0.7332,1.1495
SP1,2022-01-23,Granada,Osasuna,0,2,0.5828,2.1706
SP1,2022-01-23,Real Madrid,Elche,2,2,3.8285,0.7254
SP1,2022-01-23,Sociedad,Getafe,0,0,1.2134,0.3505
SP1,2022-01-23,Vallecano,Ath Bilbao,0,1,1.4534,0.4129
F1,2022-01-26,Angers,St Etienne,0,1,0.3541,0.3524
F1,2022-02-02,Lyon,Marseille,2,1,1.5519,1.122
D1,2022-02-04,Hertha,Bochum,1,1,0.4442,0.9933
F1,2022-02-04,Marseille,Angers,5,2,2.3472,0.6869
SP1,2022-02-04,Getafe,Levante,3,0,1.1718,0.556
D1,2022-02-05,Augsburg,Union Berlin,2,0,1.8321,2.0972
D1,2022-02-05,Bayern Munich,RB Leipzig,3,2,3.0334,2.6567
D1,2022-02-05,Bielefeld,M'gladbach,1,1,0.5965,1.4844
D1,2022-02-05,FC Koln,Freiburg,1,0,1.096,0.6837
D1,2022-02-05,Mainz,Hoffenheim,2,0,1.7787,1.3177
D1,2022-02-05,Stuttgart,Ein Frankfurt,2,3,2.1205,0.842
E0,2022-02-05,Burnley,Watford,0,0,0.7659,0.934
F1,2022-02-05,Monaco,Lyon,2,0,2.2897,1.3068
F1,2022-02-05,St Etienne,Montpellier,3,1,2.1229,0.6984
I1,2022-02-05,Fiorentina,Lazio,0,3,0.7096,2.4881
I1,2022-02-05,Inter,Milan,1,2,1.0638,1.1701
I1,2022-02-05,Roma,Genoa,0,0,1.4581,0.5371
SP1,2022-02-05,Celta,Vallecano,2,0,0.6544,0.6788
SP1,2022-02-05,Elche,Alaves,3,1,1.7738,1.1223
SP1,2022-02-05,Mallorca,Cadiz,2,1,2.235,0.8874
SP1,2022-02-05,Osasuna,Sevilla,0,0,0.3972,1.3498
D1,2022-02-06,Dortmund,Leverkusen,2,5,1.6034,1.8135
D1,2022-02-06,Wolfsburg,Greuther Furth,4,1,2.0638,1.1042
F1,2022-02-06,Lille,Paris SG,1,5,0.8638,3.0381
F1,2022-02-06,Lorient,Lens,2,0,1.5701,0.3922
F1,2022-02-06,Nice,Clermont,0,1,0.6985,1.2993
F1,2022-02-06,Reims,Bordeaux,5,0,2.0599,0.1206
F1,2022-02-06,Rennes,Brest,2,0,2.7754,0.2207
F1,2022-02-06,Strasbourg,Nantes,1,0,1.3281,0.2618
F1,2022-02-06,Troyes,Metz,0,0,0.4351,0.5668
I1,2022-02-06,Atalanta,Cagliari,1,2,0.984,1.6259
I1,2022-02-06,Bologna,Empoli,0,0,0.5533,1.8771
I1,2022-02-06,Juventus,Verona,2,0,1.3842,0.4347
I1,2022-02-06,Sampdoria,Sassuolo,4,0,2.4194,1.3256
I1,2022-02-06,Udinese,Torino,2,0,1.1827,0.2312
I1,2022-02-06,Venezia,Napoli,0,2,0.3873,1.7973
SP1,2022-02-06,Barcelona,Ath Madrid,4,2,0.9267,1.6146
SP1,2022-02-06,Betis,Villarreal,0,2,0.7375,1.3413
SP1,2022-02-06,Real Madrid,Granada,1,0,1.4717,0.3952
SP1,2022-02-06,Valencia,Sociedad,0,0,1.1906,0.5396
I1,2022-02-07,Salernitana,Spezia,2,2,0.4198,1.9983
SP1,2022-02-07,Ath Bilbao,Espanol,2,1,1.0755,0.58
E0,2022-02-08,Burnley,Man United,1,1,0.7727,1.8339
E0,2022-02-08,Newcastle,Everton,3,1,2.6873,0.8236
E0,2022-02-08,West Ham,Watford,1,0,0.9051,0.3355
E0,2022-02-09,Aston Villa,Leeds,3,3,1.5013,2.5291
E0,2022-02-09,Man City,Brentford,2,0,1.9825,0.4613
E0,2022-02-09,Norwich,Crystal Palace,1,1,0.2964,1.2288
E0,2022-02-09,Tottenham,Southampton,2,3,1.7429,1.7329
E0,2022-02-10,Liverpool,Leicester,2,0,2.73,0.545
E0,2022-02-10,Wolves,Arsenal,0,1,0.6414,1.4525
D1,2022-02-11,RB Leipzig,FC Koln,3,1,0.8505,0.7947
F1,2022-02-11,Paris SG,Rennes,1,0,0.7978,0.5897
SP1,2022-02-11,Sevilla,Elche,2,0,0.7679,0.2873
D1,2022-02-12,Bochum,Bayern Munich,4,2,1.3485,1.8708
D1,2022-02-12,Ein Frankfurt,Wolfsburg,0,2,0.8793,1.6197
D1,2022-02-12,Freiburg,Mainz,1,1,1.691,3.1575
D1,2022-02-12,Greuther Furth,Hertha,2,1,2.6963,1.8451
D1,2022-02-12,Leverkusen,Stuttgart,4,2,2.4192,1.1723
D1,2022-02-12,M'gladbach,Augsburg,3,2,3.0306,1.6276
E0,2022-02-12,Brentford,Crystal Palace,0,0,1.9758,0.498
E0,2022-02-12,Everton,Leeds,3,0,2.5856,0.2427
E0,2022-02-12,Man United,Southampton,1,1,2.9921,0.6774
E0,2022-02-12,Norwich,Man City,0,4,0.3568,4.4465
E0,2022-02-12,Watford,Brighton,0,2,0.533,1.8046
F1,2022-02-12,Lyon,Nice,2,0,2.7521,0.0805
F1,2022-02-12,Montpellier,Lille,0,1,0.7409,1.5129
I1,2022-02-12,Lazio,Bologna,3,0,2.1593,0.9751
I1,2022-02-12,Napoli,Inter,1,1,1.879,0.7704
I1,2022-02-12,Torino,Venezia,1,2,0.546,0.4688
SP1,2022-02-12,Ath Madrid,Getafe,4,3,3.2082,2.2661
SP1,2022-02-12,Cadiz,Celta,0,0,0.8807,0.9008
SP1,2022-02-12,Vallecano,Osasuna,0,3,0.59,2.1232
SP1,2022-02-12,Villarreal,Real Madrid,0,0,0.46,2.111
D1,2022-02-13,Hoffenheim,Bielefeld,2,0,4.1657,0.652
D1,2022-02-13,Union Berlin,Dortmund,0,3,1.4708,2.5962
E0,2022-02-13,Burnley,Liverpool,0,1,1.1608,1.9572
E0,2022-02-13,Leicester,West Ham,2,2,1.4069,0.7451
E0,2022-02-13,Newcastle,Aston Villa,1,0,0.5276,0.4552
E0,2022-02-13,Tottenham,Wolves,0,2,0.8382,1.8703
F1,2022-02-13,Angers,Strasbourg,0,1,0.2587,0.3354
F1,2022-02-13,Brest,Troyes,5,1,2.7684,0.7907
F1,2022-02-13,Clermont,St Etienne,1,2,0.8343,1.1863
F1,2022-02-13,Lens,Bordeaux,3,2,2.1863,0.758
F1,2022-02-13,Metz,Marseille,1,2,0.7924,2.3185
F1,2022-02-13,Monaco,Lorient,0,0,1.3138,0.1327
F1,2022-02-13,Nantes,Reims,1,0,0.6607,0.6133
I1,2022-02-13,Atalanta,Juventus,1,1,2.4593,1.0421
I1,2022-02-13,Empoli,Cagliari,1,1,0.6207,0.8333
I1,2022-02-13,Genoa,Salernitana,1,1,2.5911,0.9655
I1,2022-02-13,Milan,Sampdoria,1,0,1.5861,0.1712
I1,2022-02-13,Sassuolo,Roma,2,2,1.0819,1.7424
I1,2022-02-13,Verona,Udinese,4,0,0.6221,1.0107
SP1,2022-02-13,Alaves,Valencia,2,1,2.0349,1.1808
SP1,2022-02-13,Espanol,Barcelona,2,2,0.6243,1.6222
SP1,2022-02-13,Levante,Betis,2,4,1.6676,2.097
SP1,2022-02-13,Sociedad,Granada,2,0,3.4376,0.7738
I1,2022-02-14,Spezia,Fiorentina,1,2,0.4895,2.3638
SP1,2022-02-14,Mallorca,Ath Bilbao,3,2,1.8172,1.5439
E0,2022-02-15,Man United,Brighton,2,0,2.7494,1.2618
SP1,2022-02-16,Ath Madrid,Levante,0,1,1.106,0.8133
D1,2022-02-18,Mainz,Leverkusen,3,2,1.0062,0.8277
F1,2022-02-18,Lille,Metz,0,0,1.1887,0.2792
I1,2022-02-18,Juventus,Torino,1,1,0.7738,0.8483
SP1,2022-02-18,Elche,Vallecano,2,1,2.9571,0.8322
D1,2022-02-19,Augsburg,Freiburg,1,2,0.9514,2.5608
D1,2022-02-19,Bielefeld,Union Berlin,1,0,1.4144,0.7715
D1,2022-02-19,FC Koln,Ein Frankfurt,1,0,1.4328,0.6788
D1,2022-02-19,Stuttgart,Bochum,1,1,1.3748,1.9343
D1,2022-02-19,Wolfsburg,Hoffenheim,1,2,1.503,1.0713
E0,2022-02-19,Arsenal,Brentford,2,1,1.5225,0.6407
E0,2022-02-19,Aston Villa,Watford,0,1,1.0267,1.8205
E0,2022-02-19,Brighton,Burnley,0,3,0.4459,0.8212
E0,2022-02-19,Crystal Palace,Chelsea,0,1,0.624,1.1234
E0,2022-02-19,Liverpool,Norwich,3,1,3.1545,0.6697
E0,2022-02-19,Man City,Tottenham,2,3,2.3177,2.0023
E0,2022-02-19,Southampton,Everton,2,0,2.7285,0.1999
E0,2022-02-19,West Ham,Newcastle,1,1,0.8479,0.9326
F1,2022-02-19,Lens,Lyon,1,1,0.6559,1.184
F1,2022-02-19,Nantes,Paris SG,3,1,2.5959,3.6534
I1,2022-02-19,Roma,Verona,2,2,0.3138,0.8227
I1,2022-02-19,Salernitana,Milan,2,2,0.6028,1.2011
I1,2022-02-19,Sampdoria,Empoli,2,0,0.565,1.3186
SP1,2022-02-19,Cadiz,Getafe,1,1,0.6538,0.8854
SP1,2022-02-19,Granada,Villarreal,1,4,2.1275,5.3419
SP1,2022-02-19,Osasuna,Ath Madrid,0,3,0.6895,0.9287
SP1,2022-02-19,Real Madrid,Alaves,3,0,3.0228,0.6372
D1,2022-02-20,Bayern Munich,Greuther Furth,4,1,2.5233,0.6607
D1,2022-02-20,Dortmund,M'gladbach,6,0,3.5959,0.7691
D1,2022-02-20,Hertha,RB Leipzig,1,6,1.0916,3.4208
E0,2022-02-20,Leeds,Man United,2,4,1.7448,2.61
E0,2022-02-20,Wolves,Leicester,2,1,0.4728,1.5505
F1,2022-02-20,Bordeaux,Monaco,1,1,0.8547,0.9519
F1,2022-02-20,Lorient,Montpellier,0,1,0.6238,0.3761
F1,2022-02-20,Marseille,Clermont,0,2,1.0237,0.7698
F1,2022-02-20,Nice,Angers,1,0,1.2997,0.9833
F1,2022-02-20,Reims,Brest,1,1,0.5401,1.6946
F1,2022-02-20,Rennes,Troyes,4,1,3.2623,0.7622
F1,2022-02-20,St Etienne,Strasbourg,2,2,1.2897,1.5165
I1,2022-02-20,Fiorentina,Atalanta,1,0,0.7138,0.4021
I1,2022-02-20,Inter,Sassuolo,0,2,3.3469,1.9441
I1,2022-02-20,Udinese,Lazio,1,1,1.8492,1.3388
I1,2022-02-20,Venezia,Genoa,1,1,1.0996,1.7652
SP1,2022-02-20,Ath Bilbao,Sociedad,4,0,3.0882,0.5284
SP1,2022-02-20,Betis,Mallorca,2,1,1.4728,0.3399
SP1,2022-02-20,Espanol,Sevilla,1,1,1.602,0.9585
SP1,2022-02-20,Valencia,Barcelona,1,4,0.7749,2.4686
I1,2022-02-21,Bologna,Spezia,2,1,2.0119,0.2621
I1,2022-02-21,Cagliari,Napoli,1,1,2.2485,1.4526
SP1,2022-02-21,Celta,Levante,1,1,1.4046,1.5468
E0,2022-02-23,Burnley,Tottenham,1,0,1.5558,0.6917
E0,2022-02-23,Liverpool,Leeds,6,0,5.3303,0.1415
E0,2022-02-23,Watford,Crystal Palace,1,4,1.7192,0.8184
E0,2022-02-24,Arsenal,Wolves,2,1,2.5096,1.1093
D1,2022-02-25,Hoffenheim,Stuttgart,2,1,2.6535,1.8394
E0,2022-02-25,Southampton,Norwich,2,0,3.0886,0.4249
F1,2022-02-25,Montpellier,Rennes,2,4,1.1699,1.8199
I1,2022-02-25,Genoa,Inter,0,0,0.7709,1.159
I1,2022-02-25,Milan,Udinese,1,1,0.778,0.6985
SP1,2022-02-25,Levante,Elche,3,0,2.1307,1.0394
D1,2022-02-26,Ein Frankfurt,Bayern Munich,0,1,1.1892,2.6081
D1,2022-02-26,Freiburg,Hertha,3,0,3.6671,1.5463
D1,2022-02-26,Greuther Furth,FC Koln,1,1,0.6406,0.5695
D1,2022-02-26,Leverkusen,Bielefeld,3,0,3.0525,0.3073
D1,2022-02-26,M'gladbach,Wolfsburg,2,2,2.7626,1.2699
D1,2022-02-26,Union Berlin,Mainz,3,1,0.884,0.7595
E0,2022-02-26,Brentford,Newcastle,0,2,0.4942,2.2537
E0,2022-02-26,Brighton,Aston Villa,0,2,0.6271,1.3027
E0,2022-02-26,Crystal Palace,Burnley,1,1,1.0376,0.256
E0,2022-02-26,Everton,Man City,0,1,0.7708,1.9342
E0,2022-02-26,Leeds,Tottenham,0,4,1.8957,2.4703
E0,2022-02-26,Man United,Watford,0,0,2.4146,0.4372
F1,2022-02-26,Paris SG,St Etienne,3,1,2.8199,0.642
F1,2022-02-26,Strasbourg,Nice,0,0,1.0309,0.1487
I1,2022-02-26,Empoli,Juventus,2,3,1.3712,2.1365
I1,2022-02-26,Salernitana,Bologna,1,1,1.3232,0.6116
I1,2022-02-26,Sassuolo,Fiorentina,2,1,1.7261,2.1377
SP1,2022-02-26,Ath Madrid,Celta,2,0,0.7717,0.725
SP1,2022-02-26,Getafe,Alaves,2,2,1.2384,1.3386
SP1,2022-02-26,Mallorca,Valencia,0,1,1.3885,0.7196
SP1,2022-02-26,Vallecano,Real Madrid,0,1,1.1981,1.927
D1,2022-02-27,Augsburg,Dortmund,1,1,0.856,0.6408
D1,2022-02-27,Bochum,RB Leipzig,0,1,0.9988,0.6131
E0,2022-02-27,West Ham,Wolves,1,0,1.6224,0.892
F1,2022-02-27,Angers,Lens,1,2,0.6012,0.6888
F1,2022-02-27,Brest,Lorient,0,1,0.2104,2.1689
F1,2022-02-27,Clermont,Bordeaux,1,1,0.5526,0.8942
F1,2022-02-27,Lyon,Lille,0,1,1.4866,0.7351
F1,2022-02-27,Metz,Nantes,0,0,0.2639,0.6121
F1,2022-02-27,Monaco,Reims,1,2,1.7487,1.6699
F1,2022-02-27,Troyes,Marseille,1,1,2.0065,1.0164
I1,2022-02-27,Lazio,Napoli,1,2,1.4314,0.8492
I1,2022-02-27,Spezia,Roma,0,1,0.3643,4.5571
I1,2022-02-27,Torino,Cagliari,1,2,1.3681,1.6985
I1,2022-02-27,Verona,Venezia,3,1,3.5334,0.974
SP1,2022-02-27,Barcelona,Ath Bilbao,4,0,3.2427,0.3325
SP1,2022-02-27,Sevilla,Betis,2,1,1.7341,0.7457
SP1,2022-02-27,Sociedad,Osasuna,1,0,1.5227,0.4107
SP1,2022-02-27,Villarreal,Espanol,5,1,4.8055,0.6414
I1,2022-02-28,Atalanta,Sampdoria,4,0,2.6943,0.4761
SP1,2022-02-28,Granada,Cadiz,0,0,0.2409,0.9021
E0,2022-03-01,Burnley,Leicester,0,2,1.0421,1.7956
SP1,2022-03-02,Mallorca,Sociedad,0,2,0.4558,1.449
D1,2022-03-04,Bielefeld,Augsburg,0,1,0.1437,0.3084
F1,2022-03-04,Lorient,Lyon,1,4,1.2624,2.6113
I1,2022-03-04,Inter,Salernitana,5,0,4.693,0.837
SP1,2022-03-04,Alaves,Sevilla,0,0,2.034,1.0797
D1,2022-03-05,Bayern Munich,Leverkusen,1,1,1.6659,2.2641
D1,2022-03-05,Bochum,Greuther Furth,2,1,1.6566,0.5793
D1,2022-03-05,Hertha,Ein Frankfurt,1,4,0.4832,1.3704
D1,2022-03-05,RB Leipzig,Freiburg,1,1,0.7537,0.4849
D1,2022-03-05,Stuttgart,M'gladbach,3,2,2.3675,1.208
D1,2022-03-05,Wolfsburg,Union Berlin,1,0,0.4117,1.5564
E0,2022-03-05,Aston Villa,Southampton,4,0,2.8538,1.3295
E0,2022-03-05,Burnley,Chelsea,0,4,0.8492,2.2868
E0,2022-03-05,Leicester,Leeds,1,0,0.3591,2.1439
E0,2022-03-05,Liverpool,West Ham,1,0,2.1886,1.3383
E0,2022-03-05,Newcastle,Brighton,2,1,1.5803,1.65
E0,2022-03-05,Norwich,Brentford,1,3,0.7733,2.2206
E0,2022-03-05,Wolves,Crystal Palace,0,2,0.7109,2.5376
F1,2022-03-05,Lens,Brest,0,1,1.8307,0.3721
F1,2022-03-05,Nice,Paris SG,1,0,1.2053,0.6527
I1,2022-03-05,Cagliari,Lazio,0,3,0.5965,2.6826
I1,2022-03-05,Roma,Atalanta,1,0,1.7473,1.0595
I1,2022-03-05,Udinese,Sampdoria,2,1,2.5704,0.6615
SP1,2022-03-05,Espanol,Getafe,2,0,0.1217,0.4777
SP1,2022-03-05,Osasuna,Villarreal,1,0,1.5266,0.5229
SP1,2022-03-05,Real Madrid,Sociedad,4,1,2.0877,0.7433
SP1,2022-03-05,Valencia,Granada,3,1,1.8345,0.2098
D1,2022-03-06,FC Koln,Hoffenheim,0,1,1.2202,2.8734
E0,2022-03-06,Man City,Man United,4,1,2.7443,0.3618
E0,2022-03-06,Watford,Arsenal,2,3,1.296,1.0046
F1,2022-03-06,Bordeaux,Troyes,0,2,0.8844,2.3042
F1,2022-03-06,Lille,Clermont,4,0,2.0408,0.4779
F1,2022-03-06,Marseille,Monaco,0,1,0.8654,0.6944
F1,2022-03-06,Nantes,Montpellier,2,0,1.5593,0.2004
F1,2022-03-06,Reims,Strasbourg,1,1,0.9099,0.7445
F1,2022-03-06,Rennes,Angers,2,0,2.3906,0.3168
F1,2022-03-06,St Etienne,Metz,1,0,1.3206,0.3132
I1,2022-03-06,Bologna,Torino,0,0,0.2449,0.7542
I1,2022-03-06,Fiorentina,Verona,1,1,1.5352,0.9739
I1,2022-03-06,Genoa,Empoli,0,0,1.2629,0.3193
I1,2022-03-06,Juventus,Spezia,1,0,1.418,0.9848
I1,2022-03-06,Napoli,Milan,0,1,0.3772,1.2986
I1,2022-03-06,Venezia,Sassuolo,1,4,3.0991,3.7061
SP1,2022-03-06,Betis,Ath Madrid,1,3,1.315,2.6744
SP1,2022-03-06,Cadiz,Vallecano,2,0,1.1663,0.9084
SP1,2022-03-06,Celta,Mallorca,4,3,2.8002,1.5908
SP1,2022-03-06,Elche,Barcelona,1,2,0.85,4.0864
E0,2022-03-07,Tottenham,Everton,5,0,3.2428,0.2083
SP1,2022-03-07,Ath Bilbao,Levante,3,1,3.4866,0.5522
E0,2022-03-10,Leeds,Aston Villa,0,3,0.194,1.2729
E0,2022-03-10,Norwich,Chelsea,1,3,0.9657,2.1308
E0,2022-03-10,Southampton,Newcastle,1,2,1.7983,0.8122
E0,2022-03-10,Wolves,Watford,4,0,1.5504,0.4987
F1,2022-03-11,Lille,St Etienne,0,0,1.248,0.4868
SP1,2022-03-11,Ath Madrid,Cadiz,2,1,0.6597,0.8175
D1,2022-03-12,Freiburg,Wolfsburg,3,2,1.5423,0.9086
D1,2022-03-12,Hoffenheim,Bayern Munich,1,1,2.0267,3.9853
D1,2022-03-12,M'gladbach,Hertha,2,0,1.7559,0.4431
D1,2022-03-12,Union Berlin,Stuttgart,1,1,1.8994,1.7318
E0,2022-03-12,Brentford,Burnley,2,0,1.82,0.8253
E0,2022-03-12,Brighton,Liverpool,0,2,0.6293,2.4831
E0,2022-03-12,Man United,Tottenham,3,2,1.0181,1.6237
F1,2022-03-12,Montpellier,Nice,0,0,2.4909,0.7572
F1,2022-03-12,Troyes,Nantes,1,0,1.1861,0.4909
I1,2022-03-12,Milan,Empoli,1,0,0.8684,0.6989
I1,2022-03-12,Salernitana,Sassuolo,2,2,1.6374,1.5945
I1,2022-03-12,Sampdoria,Juventus,1,3,1.3947,1.4377
I1,2022-03-12,Spezia,Cagliari,2,0,2.3007,0.4907
SP1,2022-03-12,Getafe,Valencia,0,0,1.2066,0.2508
SP1,2022-03-12,Granada,Elche,0,1,1.3421,1.3294
SP1,2022-03-12,Levante,Espanol,1,1,1.2565,0.4792
SP1,2022-03-12,Villarreal,Celta,1,0,1.1699,0.9333
D1,2022-03-13,Dortmund,Bielefeld,1,0,2.0697,0.691
D1,2022-03-13,Ein Frankfurt,Bochum,2,1,1.5528,1.2093
D1,2022-03-13,Greuther Furth,RB Leipzig,1,6,0.3778,2.1417
D1,2022-03-13,Leverkusen,FC Koln,0,1,2.4012,0.5975
E0,2022-03-13,Arsenal,Leicester,2,0,2.9367,0.5491
E0,2022-03-13,Chelsea,Newcastle,1,0,1.0707,0.246
E0,2022-03-13,Everton,Wolves,0,1,0.3973,0.7121
E0,2022-03-13,Leeds,Norwich,2,1,3.1176,1.4015
E0,2022-03-13,Southampton,Watford,1,2,1.257,1.2938
E0,2022-03-13,West Ham,Aston Villa,2,1,1.5847,1.0539
F1,2022-03-13,Angers,Reims,0,1,1.8822,1.5238
F1,2022-03-13,Brest,Marseille,1,4,0.4249,1.9453
F1,2022-03-13,Clermont,Lorient,0,2,1.2708,1.3967
F1,2022-03-13,Lyon,Rennes,2,4,1.1852,1.2793
F1,2022-03-13,Metz,Lens,0,0,0.6964,0.822
F1,2022-03-13,Paris SG,Bordeaux,3,0,2.0539,0.7565
F1,2022-03-13,Strasbourg,Monaco,1,0,0.8346,0.6955
I1,2022-03-13,Atalanta,Genoa,0,0,1.1714,0.732
I1,2022-03-13,Fiorentina,Bologna,1,0,2.7402,0.9668
I1,2022-03-13,Torino,Inter,1,1,2.3025,2.6573
I1,2022-03-13,Udinese,Roma,1,1,0.9282,1.0767
I1,2022-03-13,Verona,Napoli,1,2,0.8709,2.0695
SP1,2022-03-13,Barcelona,Osasuna,4,0,3.9034,0.1109
SP1,2022-03-13,Betis,Ath Bilbao,1,0,0.8464,0.7076
SP1,2022-03-13,Sociedad,Alaves,1,0,3.0477,0.6664
SP1,2022-03-13,Vallecano,Sevilla,1,1,0.6269,0.4128
E0,2022-03-14,Crystal Palace,Man City,0,0,0.474,2.0402
I1,2022-03-14,Lazio,Venezia,1,0,1.4554,0.3994
SP1,2022-03-14,Mallorca,Real Madrid,0,3,1.1768,1.8171
D1,2022-03-16,Mainz,Dortmund,0,1,0.7824,1.3904
E0,2022-03-16,Arsenal,Liverpool,0,2,0.5343,1.2768
E0,2022-03-16,Brighton,Tottenham,0,2,1.0417,2.052
E0,2022-03-17,Everton,Newcastle,1,0,0.7088,0.758
D1,2022-03-18,Bochum,M'gladbach,0,2,1.6563,0.6164
E0,2022-03-18,Wolves,Leeds,2,3,1.2408,2.821
F1,2022-03-18,St Etienne,Troyes,1,1,1.2127,1.0612
I1,2022-03-18,Genoa,Torino,1,0,0.9535,0.5172
I1,2022-03-18,Sassuolo,Spezia,4,1,2.4405,0.2843
SP1,2022-03-18,Ath Bilbao,Getafe,1,1,2.6435,0.5628
D1,2022-03-19,Bayern Munich,Union Berlin,4,0,2.8203,1.3897
D1,2022-03-19,Greuther Furth,Freiburg,0,0,0.7813,1.0571
D1,2022-03-19,Hertha,Hoffenheim,3,0,1.7635,0.5764
D1,2022-03-19,Mainz,Bielefeld,4,0,4.3264,0.2362
D1,2022-03-19,Stuttgart,Augsburg,3,2,2.1831,0.7709
E0,2022-03-19,Aston Villa,Arsenal,0,1,0.3094,1.1452
F1,2022-03-19,Lens,Clermont,3,1,1.0672,1.7505
F1,2022-03-19,Nantes,Lille,0,1,0.5311,1.5848
I1,2022-03-19,Cagliari,Milan,0,1,0.7481,2.4162
I1,2022-03-19,Inter,Fiorentina,1,1,0.9964,1.0536
I1,2022-03-19,Napoli,Udinese,2,1,1.2821,0.7714
SP1,2022-03-19,Alaves,Granada,2,3,2.1309,2.1906
SP1,2022-03-19,Elche,Valencia,0,1,0.5094,0.9797
SP1,2022-03-19,Osasuna,Levante,3,1,2.674,1.2187
SP1,2022-03-19,Vallecano,Ath Madrid,0,1,1.8847,1.1919
D1,2022-03-20,FC Koln,Dortmund,1,1,1.265,1.0401
D1,2022-03-20,RB Leipzig,Ein Frankfurt,0,0,1.0599,0.2588
D1,2022-03-20,Wolfsburg,Leverkusen,0,2,1.318,1.4394
E0,2022-03-20,Leicester,Brentford,2,1,1.2787,1.7247
E0,2022-03-20,Tottenham,West Ham,3,1,2.548,0.645
F1,2022-03-20,Angers,Brest,1,0,1.2018,0.5626
F1,2022-03-20,Bordeaux,Montpellier,0,2,2.6097,0.7084
F1,2022-03-20,Lorient,Strasbourg,0,0,0.4101,1.3387
F1,2022-03-20,Marseille,Nice,2,1,1.5881,1.6911
F1,2022-03-20,Monaco,Paris SG,3,0,2.4996,1.5062
F1,2022-03-20,Reims,Lyon,0,0,0.5463,1.595
F1,2022-03-20,Rennes,Metz,6,1,3.3969,0.6854
I1,2022-03-20,Bologna,Atalanta,0,1,1.5951,1.5809
I1,2022-03-20,Empoli,Verona,1,1,0.9343,1.5447
I1,2022-03-20,Juventus,Salernitana,2,0,2.4055,0.4381
I1,2022-03-20,Roma,Lazio,3,0,2.477,0.3584
I1,2022-03-20,Venezia,Sampdoria,0,2,1.6459,1.3957
SP1,2022-03-20,Cadiz,Villarreal,1,0,1.4273,0.1929
SP1,2022-03-20,Celta,Betis,0,0,1.2616,0.4443
SP1,2022-03-20,Espanol,Mallorca,1,0,1.5403,0.3062
SP1,2022-03-20,Real Madrid,Barcelona,0,4,0.6278,4.2598
SP1,2022-03-20,Sevilla,Sociedad,0,0,0.3554,1.2206
D1,2022-04-01,Union Berlin,FC Koln,1,0,1.0725,0.2206
D1,2022-04-02,Bielefeld,Stuttgart,1,1,1.0103,2.7342
D1,2022-04-02,Dortmund,RB Leipzig,1,4,0.97,1.2327
D1,2022-04-02,Ein Frankfurt,Greuther Furth,0,0,1.3193,0.4664
D1,2022-04-02,Freiburg,Bayern Munich,1,4,0.7543,3.1561
D1,2022-04-02,Hoffenheim,Bochum,1,2,1.9687,1.7021
D1,2022-04-02,Leverkusen,Hertha,2,1,1.7874,0.8723
E0,2022-04-02,Brighton,Norwich,0,0,2.383,0.4941
E0,2022-04-02,Burnley,Man City,0,2,0.0591,1.6201
E0,2022-04-02,Chelsea,Brentford,1,4,1.2901,2.4342
E0,2022-04-02,Leeds,Southampton,1,1,1.5071,2.0639
E0,2022-04-02,Liverpool,Watford,2,0,2.2365,0.7533
E0,2022-04-02,Man United,Leicester,1,1,0.9021,1.0764
E0,2022-04-02,Wolves,Aston Villa,2,1,1.6215,1.9126
F1,2022-04-02,Lille,Bordeaux,0,0,3.1751,0.1139
F1,2022-04-02,Nice,Rennes,1,1,1.0623,0.8963
I1,2022-04-02,Lazio,Sassuolo,2,1,2.0912,1.7148
I1,2022-04-02,Salernitana,Torino,0,1,1.082,1.4523
I1,2022-04-02,Spezia,Venezia,1,0,1.1412,0.5345
SP1,2022-04-02,Ath Madrid,Alaves,4,1,2.8643,0.5181
SP1,2022-04-02,Celta,Real Madrid,1,2,1.0739,2.9459
SP1,2022-04-02,Getafe,Mallorca,1,0,1.6945,0.3081
SP1,2022-04-02,Levante,Villarreal,2,0,1.7174,1.1017
D1,2022-04-03,Augsburg,Wolfsburg,3,0,2.5284,1.1892
D1,2022-04-03,M'gladbach,Mainz,1,1,1.5519,1.78
E0,2022-04-03,Tottenham,Newcastle,5,1,3.6081,0.5382
E0,2022-04-03,West Ham,Everton,2,1,1.4966,0.6578
F1,2022-04-03,Clermont,Nantes,2,3,0.919,1.9559
F1,2022-04-03,Lyon,Angers,3,2,1.5802,1.6771
F1,2022-04-03,Metz,Monaco,1,2,0.7044,2.1555
F1,2022-04-03,Montpellier,Brest,1,2,1.2649,0.7033
F1,2022-04-03,Paris SG,Lorient,5,1,1.9632,0.8419
F1,2022-04-03,St Etienne,Marseille,2,4,0.208,3.7391
F1,2022-04-03,Strasbourg,Lens,1,0,2.6615,1.224
F1,2022-04-03,Troyes,Reims,1,0,1.1721,0.4805
I1,2022-04-03,Atalanta,Napoli,1,3,1.6679,1.8468
I1,2022-04-03,Fiorentina,Empoli,1,0,1.7192,0.2076
I1,2022-04-03,Juventus,Inter,0,1,1.8982,1.0453
I1,2022-04-03,Sampdoria,Roma,0,1,0.4496,1.1837
I1,2022-04-03,Udinese,Cagliari,5,1,5.374,0.2565
SP1,2022-04-03,Ath Bilbao,Elche,2,1,2.081,0.4519
SP1,2022-04-03,Barcelona,Sevilla,1,0,1.9336,0.4882
SP1,2022-04-03,Betis,Osasuna,4,1,4.8578,0.311
SP1,2022-04-03,Granada,Vallecano,2,2,2.2637,1.0465
SP1,2022-04-03,Valencia,Cadiz,0,0,0.1079,0.1962
E0,2022-04-04,Crystal Palace,Arsenal,3,0,1.3971,1.052
I1,2022-04-04,Milan,Bologna,0,0,1.8356,0.7928
I1,2022-04-04,Verona,Genoa,1,0,1.209,0.7092
SP1,2022-04-04,Sociedad,Espanol,1,0,1.9578,0.7148
D1,2022-04-06,Augsburg,Mainz,2,1,1.9251,1.8456
E0,2022-04-06,Burnley,Everton,3,2,2.2444,2.3157
D1,2022-04-08,Stuttgart,Dortmund,0,2,2.0316,1.4965
E0,2022-04-08,Newcastle,Wolves,1,0,1.4388,0.3069
F1,2022-04-08,Lorient,St Etienne,6,2,4.1419,1.1741
SP1,2022-04-08,Sevilla,Granada,4,2,3.3082,0.9816
D1,2022-04-09,Bayern Munich,Augsburg,1,0,1.4314,0.2773
D1,2022-04-09,FC Koln,Mainz,3,2,1.9058,0.9264
D1,2022-04-09,Greuther Furth,M'gladbach,0,2,0.6518,3.4846
D1,2022-04-09,Hertha,Union Berlin,1,4,0.8546,1.8541
D1,2022-04-09,Wolfsburg,Bielefeld,4,0,1.991,0.4769
E0,2022-04-09,Arsenal,Brighton,1,2,2.3515,0.5961
E0,2022-04-09,Aston Villa,Tottenham,0,4,1.4871,0.9836
E0,2022-04-09,Everton,Man United,1,0,0.3573,0.7624
E0,2022-04-09,Southampton,Chelsea,0,6,0.5647,4.3968
E0,2022-04-09,Watford,Leeds,0,3,1.0742,0.8956
F1,2022-04-09,Clermont,Paris SG,1,6,1.0286,3.5737
F1,2022-04-09,Reims,Rennes,2,3,2.5661,1.1266
I1,2022-04-09,Cagliari,Juventus,1,2,0.2134,1.5817
I1,2022-04-09,Empoli,Spezia,0,0,0.8888,1.5223
I1,2022-04-09,Inter,Verona,2,0,2.6809,0.9166
SP1,2022-04-09,Cadiz,Betis,1,2,1.1555,1.2285
SP1,2022-04-09,Mallorca,Ath Madrid,1,0,1.0805,0.5753
SP1,2022-04-09,Real Madrid,Getafe,2,0,1.622,0.4079
SP1,2022-04-09,Villarreal,Ath Bilbao,1,1,0.9199,2.0498
D1,2022-04-10,Bochum,Leverkusen,0,0,1.0518,1.2193
D1,2022-04-10,Ein Frankfurt,Freiburg,1,2,1.0992,1.4611
D1,2022-04-10,RB Leipzig,Hoffenheim,3,0,1.6114,0.171
E0,2022-04-10,Brentford,West Ham,2,0,1.8553,0.2448
E0,2022-04-10,Leicester,Crystal Palace,2,1,0.8792,1.5277
E0,2022-04-10,Man City,Liverpool,2,2,1.3465,1.2998
E0,2022-04-10,Norwich,Burnley,2,0,1.6723,1.4465
F1,2022-04-10,Angers,Lille,1,1,0.6799,0.8989
F1,2022-04-10,Bordeaux,Metz,3,1,2.2897,0.3352
F1,2022-04-10,Brest,Nantes,1,1,1.256,0.7786
F1,2022-04-10,Lens,Nice,3,0,0.7902,1.3837
F1,2022-04-10,Marseille,Montpellier,2,0,2.8108,0.4778
F1,2022-04-10,Monaco,Troyes,2,1,0.4419,0.9675
F1,2022-04-10,Strasbourg,Lyon,1,1,1.4538,2.101
I1,2022-04-10,Genoa,Lazio,1,4,0.5799,2.1566
I1,2022-04-10,Napoli,Fiorentina,2,3,1.4544,0.8948
I1,2022-04-10,Roma,Salernitana,2,1,1.9556,0.5447
I1,2022-04-10,Sassuolo,Atalanta,2,1,1.6611,1.8564
I1,2022-04-10,Torino,Milan,0,0,0.6359,0.6919
I1,2022-04-10,Venezia,Udinese,1,2,1.1844,3.0844
SP1,2022-04-10,Elche,Sociedad,1,2,1.0483,2.0821
SP1,2022-04-10,Espanol,Celta,1,0,1.5582,0.6961
SP1,2022-04-10,Levante,Barcelona,2,3,2.987,1.3607
SP1,2022-04-10,Osasuna,Alaves,1,0,2.673,0.7798
I1,2022-04-11,Bologna,Sampdoria,2,0,2.5626,0.5668
SP1,2022-04-11,Vallecano,Valencia,1,1,0.5562,0.5696
F1,2022-04-15,Rennes,Monaco,2,3,2.2786,2.9582
I1,2022-04-15,Milan,Genoa,2,0,1.8152,0.2522
I1,2022-04-15,Spezia,Inter,1,3,0.4138,2.7437
SP1,2022-04-15,Sociedad,Betis,0,0,0.868,0.3775
D1,2022-04-16,Augsburg,Hertha,0,1,0.7775,1.6343
D1,2022-04-16,Dortmund,Wolfsburg,6,1,3.3151,1.9602
D1,2022-04-16,Freiburg,Bochum,3,0,2.4574,0.4275
D1,2022-04-16,M'gladbach,FC Koln,1,3,1.198,3.0129
D1,2022-04-16,Mainz,Stuttgart,0,0,0.723,0.6338
E0,2022-04-16,Man United,Norwich,3,2,1.6674,1.7975
E0,2022-04-16,Southampton,Arsenal,1,0,1.0401,1.35
E0,2022-04-16,Tottenham,Brighton,0,1,0.5862,0.7112
E0,2022-04-16,Watford,Brentford,1,2,1.5038,2.1246
F1,2022-04-16,Lille,Lens,1,2,0.6629,1.1512
F1,2022-04-16,St Etienne,Brest,2,1,1.8446,0.4884
I1,2022-04-16,Cagliari,Sassuolo,1,0,1.9081,0.2945
I1,2022-04-16,Fiorentina,Venezia,1,0,3.7857,0.1317
I1,2022-04-16,Juventus,Bologna,1,1,2.2424,0.9914
I1,2022-04-16,Lazio,Torino,1,1,0.9872,0.9813
I1,2022-04-16,Sampdoria,Salernitana,1,2,0.9049,0.5054
I1,2022-04-16,Udinese,Empoli,4,1,1.1214,1.9603
SP1,2022-04-16,Alaves,Vallecano,1,0,0.5314,1.2203
SP1,2022-04-16,Elche,Mallorca,3,0,1.4999,1.0643
SP1,2022-04-16,Getafe,Villarreal,1,2,0.9392,2.8239
SP1,2022-04-16,Valencia,Osasuna,1,2,1.209,1.0632
D1,2022-04-17,Bielefeld,Bayern Munich,0,3,0.4631,3.4991
D1,2022-04-17,Hoffenheim,Greuther Furth,0,0,0.9736,0.2842
D1,2022-04-17,Leverkusen,RB Leipzig,0,1,0.7287,0.5075
D1,2022-04-17,Union Berlin,Ein Frankfurt,2,0,1.3196,0.5139
E0,2022-04-17,Newcastle,Leicester,2,1,2.5429,0.5411
E0,2022-04-17,West Ham,Burnley,1,1,2.7917,1.8814
F1,2022-04-17,Lyon,Bordeaux,6,1,2.4938,1.8639
F1,2022-04-17,Metz,Clermont,1,1,0.4044,2.7405
F1,2022-04-17,Montpellier,Reims,0,0,0.9094,1.1945
F1,2022-04-17,Nantes,Angers,1,1,3.4012,0.4172
F1,2022-04-17,Nice,Lorient,2,1,2.1994,0.2504
F1,2022-04-17,Paris SG,Marseille,2,1,1.3902,0.3048
F1,2022-04-17,Troyes,Strasbourg,1,1,1.3267,1.8313
SP1,2022-04-17,Ath Bilbao,Celta,0,2,0.9106,0.8826
SP1,2022-04-17,Ath Madrid,Espanol,2,1,1.5891,0.8146
SP1,2022-04-17,Granada,Levante,1,4,1.1564,4.4589
SP1,2022-04-17,Sevilla,Real Madrid,2,3,1.1724,1.5353
I1,2022-04-18,Atalanta,Verona,1,2,1.27,3.7472
I1,2022-04-18,Napoli,Roma,1,1,1.2951,1.3462
SP1,2022-04-18,Barcelona,Cadiz,0,1,1.354,1.9277
E0,2022-04-19,Liverpool,Man United,4,0,2.2597,0.1102
SP1,2022-04-19,Betis,Elche,0,1,1.3439,0.8347
SP1,2022-04-19,Mallorca,Alaves,2,1,0.9137,0.5618
SP1,2022-04-19,Villarreal,Valencia,2,0,2.7951,0.3133
E0,2022-04-20,Chelsea,Arsenal,2,4,0.5938,1.8733
E0,2022-04-20,Everton,Leicester,1,1,1.6882,0.7863
E0,2022-04-20,Man City,Brighton,3,0,1.5284,0.1174
E0,2022-04-20,Newcastle,Crystal Palace,1,0,0.7679,0.4328
F1,2022-04-20,Angers,Paris SG,0,3,0.3957,1.4184
F1,2022-04-20,Bordeaux,St Etienne,2,2,0.9278,0.8582
F1,2022-04-20,Brest,Lyon,2,1,1.1528,2.6306
F1,2022-04-20,Lens,Montpellier,2,0,0.9888,0.2167
F1,2022-04-20,Lorient,Metz,1,0,1.2504,1.6998
F1,2022-04-20,Marseille,Nantes,3,2,3.1185,0.6071
F1,2022-04-20,Monaco,Nice,1,0,2.0697,0.7624
F1,2022-04-20,Reims,Lille,2,1,0.7271,0.9449
F1,2022-04-20,Strasbourg,Rennes,2,1,2.6206,0.8512
F1,2022-04-20,Troyes,Clermont,0,1,0.9961,0.4111
I1,2022-04-20,Udinese,Salernitana,0,1,0.4809,1.0923
SP1,2022-04-20,Ath Madrid,Granada,0,0,1.1476,0.151
SP1,2022-04-20,Celta,Getafe,0,2,0.3263,1.459
SP1,2022-04-20,Osasuna,Real Madrid,1,3,0.8729,4.6046
E0,2022-04-21,Burnley,Southampton,2,0,2.1474,1.3184
SP1,2022-04-21,Cadiz,Ath Bilbao,2,3,3.4262,2.3323
SP1,2022-04-21,Espanol,Vallecano,0,1,0.4547,1.0158
SP1,2022-04-21,Levante,Sevilla,2,3,2.6211,2.4601
SP1,2022-04-21,Sociedad,Barcelona,0,1,1.0324,1.965
D1,2022-04-22,Wolfsburg,Mainz,5,0,3.6526,0.614
D1,2022-04-23,Bayern Munich,Dortmund,3,1,2.0232,1.1721
D1,2022-04-23,Ein Frankfurt,Hoffenheim,2,2,1.0654,0.7572
D1,2022-04-23,FC Koln,Bielefeld,3,1,1.915,0.7405
D1,2022-04-23,Freiburg,M'gladbach,3,3,2.4991,1.5212
D1,2022-04-23,Greuther Furth,Leverkusen,1,4,1.1832,2.1136
D1,2022-04-23,RB Leipzig,Union Berlin,1,2,0.5737,1.9363
E0,2022-04-23,Arsenal,Man United,3,1,2.5417,2.0424
E0,2022-04-23,Brentford,Tottenham,0,0,1.3153,0.5178
E0,2022-04-23,Leicester,Aston Villa,0,0,0.2356,0.5932
E0,2022-04-23,Man City,Watford,5,1,3.68,0.4263
E0,2022-04-23,Norwich,Newcastle,0,3,0.6577,1.8756
F1,2022-04-23,Lyon,Montpellier,5,2,3.3889,2.0242
F1,2022-04-23,Paris SG,Lens,1,1,2.1826,0.6663
F1,2022-04-23,St Etienne,Monaco,1,4,0.9717,3.2849
I1,2022-04-23,Inter,Roma,3,1,1.7851,1.2318
I1,2022-04-23,Torino,Spezia,2,1,2.6861,0.9895
I1,2022-04-23,Venezia,Atalanta,1,3,0.7034,3.551
I1,2022-04-23,Verona,Sampdoria,1,1,1.4267,0.9137
D1,2022-04-24,Bochum,Augsburg,0,2,1.1866,1.9949
D1,2022-04-24,Hertha,Stuttgart,2,0,0.9474,0.4517
E0,2022-04-24,Brighton,Southampton,2,2,1.8734,0.9268
E0,2022-04-24,Burnley,Wolves,1,0,1.273,0.5929
E0,2022-04-24,Chelsea,West Ham,1,0,2.3496,0.389
E0,2022-04-24,Liverpool,Everton,2,0,1.704,0.425
F1,2022-04-24,Clermont,Angers,2,2,1.74,1.3986
F1,2022-04-24,Lille,Strasbourg,1,0,0.3541,0.5191
F1,2022-04-24,Metz,Brest,0,1,0.3871,1.9328
F1,2022-04-24,Nantes,Bordeaux,5,3,2.5449,2.6115
F1,2022-04-24,Nice,Troyes,1,0,2.3618,0.4656
F1,2022-04-24,Reims,Marseille,0,1,0.6618,0.4581
F1,2022-04-24,Rennes,Lorient,5,0,1.7453,0.5339
I1,2022-04-24,Bologna,Udinese,2,2,0.9334,1.7142
I1,2022-04-24,Empoli,Napoli,3,2,1.8035,1.3067
I1,2022-04-24,Genoa,Cagliari,1,0,0.7281,0.9234
I1,2022-04-24,Lazio,Milan,1,2,0.7532,2.4533
I1,2022-04-24,Salernitana,Fiorentina,2,1,1.3246,0.5079
SP1,2022-04-24,Barcelona,Vallecano,0,1,1.1081,0.2477
E0,2022-04-25,Crystal Palace,Leeds,0,0,1.6166,0.374
I1,2022-04-25,Sassuolo,Juventus,1,2,1.3833,0.5433
I1,2022-04-27,Atalanta,Torino,4,4,2.6329,2.441
I1,2022-04-27,Bologna,Inter,2,1,1.3815,2.4432
I1,2022-04-27,Fiorentina,Udinese,0,4,2.8147,3.3303
E0,2022-04-28,Man United,Chelsea,1,1,0.6185,2.4687
D1,2022-04-29,Union Berlin,Greuther Furth,1,1,0.8578,0.2374
F1,2022-04-29,Strasbourg,Paris SG,3,3,1.626,1.9495
SP1,2022-04-29,Sevilla,Cadiz,1,1,0.8735,0.8995
D1,2022-04-30,Augsburg,FC Koln,1,4,1.7363,3.0406
D1,2022-04-30,Bielefeld,Hertha,1,1,0.4031,1.6625
D1,2022-04-30,Dortmund,Bochum,3,4,3.3425,1.9049
D1,2022-04-30,Hoffenheim,Freiburg,3,4,2.6002,2.694
D1,2022-04-30,Mainz,Bayern Munich,3,1,3.1723,1.236
D1,2022-04-30,Stuttgart,Wolfsburg,1,1,0.8267,1.1606
E0,2022-04-30,Aston Villa,Norwich,2,0,2.3119,0.3522
E0,2022-04-30,Leeds,Man City,0,4,1.0361,3.0143
E0,2022-04-30,Newcastle,Liverpool,0,1,0.1154,2.7344
E0,2022-04-30,Southampton,Crystal Palace,1,2,0.6503,0.7562
E0,2022-04-30,Watford,Burnley,1,2,0.7857,1.3702
E0,2022-04-30,Wolves,Brighton,0,3,0.5259,2.9068
F1,2022-04-30,Lens,Nantes,2,2,1.809,1.258
F1,2022-04-30,Rennes,St Etienne,2,0,1.2938,0.5686
I1,2022-04-30,Cagliari,Verona,1,2,0.6987,1.5873
I1,2022-04-30,Napoli,Sassuolo,6,1,3.2441,1.1511
I1,2022-04-30,Sampdoria,Genoa,1,0,1.5497,1.5466
I1,2022-04-30,Spezia,Lazio,3,4,1.5986,3.1361
SP1,2022-04-30,Alaves,Villarreal,2,1,1.8531,1.1404
SP1,2022-04-30,Ath Bilbao,Ath Madrid,2,0,1.2471,0.5032
SP1,2022-04-30,Real Madrid,Espanol,4,0,2.317,1.6416
SP1,2022-04-30,Valencia,Levante,1,1,0.7373,1.7028
E0,2022-05-01,Everton,Chelsea,1,0,1.1171,1.2114
E0,2022-05-01,Tottenham,Leicester,3,1,1.6534,0.2741
E0,2022-05-01,West Ham,Arsenal,1,2,0.452,0.9646
F1,2022-05-01,Bordeaux,Nice,0,1,0.1816,2.5433
F1,2022-05-01,Brest,Clermont,2,0,1.3151,0.9939
F1,2022-05-01,Lorient,Reims,1,2,1.7373,1.4008
F1,2022-05-01,Marseille,Lyon,0,3,1.257,2.7386
F1,2022-05-01,Monaco,Angers,2,0,2.2194,0.6144
F1,2022-05-01,Montpellier,Metz,2,2,1.996,1.3311
F1,2022-05-01,Troyes,Lille,3,0,2.9962,0.5984
I1,2022-05-01,Empoli,Torino,1,3,0.722,3.025
I1,2022-05-01,Juventus,Venezia,2,1,2.2771,0.7462
I1,2022-05-01,Milan,Fiorentina,1,0,1.549,0.516
I1,2022-05-01,Roma,Bologna,0,0,0.9857,1.4481
I1,2022-05-01,Udinese,Inter,1,2,1.2272,2.5231
SP1,2022-05-01,Barcelona,Mallorca,2,1,1.6411,1.2398
SP1,2022-05-01,Elche,Osasuna,1,1,0.8094,1.119
SP1,2022-05-01,Granada,Celta,1,1,0.9994,1.3014
SP1,2022-05-01,Vallecano,Sociedad,1,1,1.1995,0.875
D1,2022-05-02,Leverkusen,Ein Frankfurt,2,0,2.1754,0.349
D1,2022-05-02,M'gladbach,RB Leipzig,3,1,1.5703,1.226
E0,2022-05-02,Man United,Brentford,3,0,1.8411,0.6814
I1,2022-05-02,Atalanta,Salernitana,1,1,1.4844,1.4366
SP1,2022-05-02,Getafe,Betis,0,0,0.8518,0.4702
I1,2022-05-05,Salernitana,Venezia,2,1,1.9794,1.3217
D1,2022-05-06,Bochum,Bielefeld,2,1,2.6889,0.8453
F1,2022-05-06,Lille,Monaco,1,2,0.9556,0.2971
I1,2022-05-06,Genoa,Juventus,2,1,3.1145,1.9585
I1,2022-05-06,Inter,Empoli,4,2,5.5605,0.6829
SP1,2022-05-06,Levante,Sociedad,2,1,2.2222,2.3065
D1,2022-05-07,FC Koln,Wolfsburg,0,1,0.9755,1.1433
D1,2022-05-07,Freiburg,Union Berlin,1,4,1.6486,2.4011
D1,2022-05-07,Greuther Furth,Dortmund,1,3,1.2265,1.1274
D1,2022-05-07,Hertha,Mainz,1,2,1.1113,0.7564
D1,2022-05-07,Hoffenheim,Leverkusen,2,4,2.0921,3.9336
E0,2022-05-07,Brentford,Southampton,3,0,3.6822,0.9886
E0,2022-05-07,Brighton,Man United,4,0,2.8264,0.9307
E0,2022-05-07,Burnley,Aston Villa,1,3,1.3103,1.8126
E0,2022-05-07,Chelsea,Wolves,2,2,1.821,1.6842
E0,2022-05-07,Crystal Palace,Watford,1,0,2.4914,0.2554
E0,2022-05-07,Liverpool,Tottenham,1,1,1.0481,0.9826
F1,2022-05-07,Brest,Strasbourg,0,1,0.7741,2.1945
I1,2022-05-07,Lazio,Sampdoria,2,0,2.3596,0.7265
I1,2022-05-07,Sassuolo,Udinese,1,1,1.506,2.4338
I1,2022-05-07,Torino,Napoli,0,1,0.5694,1.5765
SP1,2022-05-07,Ath Bilbao,Valencia,0,0,1.545,0.1274
SP1,2022-05-07,Betis,Barcelona,1,2,0.6278,1.1966
SP1,2022-05-07,Cadiz,Elche,3,0,2.0238,0.0634
SP1,2022-05-07,Celta,Alaves,4,0,2.9993,0.1363
SP1,2022-05-07,Mallorca,Granada,2,6,1.7794,2.6463
D1,2022-05-08,Bayern Munich,Stuttgart,2,2,2.7746,1.9584
D1,2022-05-08,Ein Frankfurt,M'gladbach,1,1,0.8082,2.0264
D1,2022-05-08,RB Leipzig,Augsburg,4,0,3.4379,0.1736
E0,2022-05-08,Arsenal,Leeds,2,1,2.7227,0.6968
E0,2022-05-08,Leicester,Everton,1,2,1.4748,1.5563
E0,2022-05-08,Man City,Newcastle,5,0,4.0561,0.9951
E0,2022-05-08,Norwich,West Ham,0,4,0.779,3.2589
F1,2022-05-08,Angers,Bordeaux,4,1,2.3967,0.702
F1,2022-05-08,Clermont,Montpellier,2,1,1.8119,1.1104
F1,2022-05-08,Lorient,Marseille,0,3,0.2187,2.4306
F1,2022-05-08,Metz,Lyon,3,2,1.9568,2.4582
F1,2022-05-08,Paris SG,Troyes,2,2,2.0022,1.9554
F1,2022-05-08,Reims,Lens,1,2,0.3456,1.3136
I1,2022-05-08,Salernitana,Cagliari,1,1,1.629,0.383
I1,2022-05-08,Spezia,Atalanta,1,3,1.0958,2.4171
I1,2022-05-08,Venezia,Bologna,4,3,2.4739,2.4282
I1,2022-05-08,Verona,Milan,1,3,1.0797,3.1251
SP1,2022-05-08,Ath Madrid,Real Madrid,1,0,2.4537,1.1361
SP1,2022-05-08,Espanol,Osasuna,1,1,0.5692,1.1101
SP1,2022-05-08,Getafe,Vallecano,0,0,0.6293,0.8165
SP1,2022-05-08,Villarreal,Sevilla,1,1,2.7005,0.9869
I1,2022-05-09,Fiorentina,Roma,2,0,1.7034,0.5806
E0,2022-05-10,Aston Villa,Liverpool,1,2,1.4473,1.7542
SP1,2022-05-10,Barcelona,Celta,3,1,1.2336,0.8511
SP1,2022-05-10,Granada,Ath Bilbao,1,0,1.0197,0.3558
SP1,2022-05-10,Valencia,Betis,0,3,1.1193,1.8364
E0,2022-05-11,Leeds,Chelsea,0,3,0.4998,1.4685
E0,2022-05-11,Leicester,Norwich,3,0,2.5706,1.2197
E0,2022-05-11,Watford,Everton,0,0,0.2322,0.8122
E0,2022-05-11,Wolves,Man City,1,5,0.4119,3.393
F1,2022-05-11,Nantes,Rennes,2,1,1.2379,1.5373
F1,2022-05-11,Nice,St Etienne,4,2,1.2773,1.9078
SP1,2022-05-11,Alaves,Espanol,2,1,2.4573,0.9022
SP1,2022-05-11,Elche,Ath Madrid,0,2,0.1692,2.6126
SP1,2022-05-11,Osasuna,Getafe,1,1,0.6082,0.5827
SP1,2022-05-11,Sevilla,Mallorca,0,0,1.652,0.5534
E0,2022-05-12,Tottenham,Arsenal,3,0,3.4252,0.3874
SP1,2022-05-12,Real Madrid,Levante,6,0,4.8955,0.6959
SP1,2022-05-12,Sociedad,Cadiz,3,0,2.6581,0.6754
SP1,2022-05-12,Vallecano,Villarreal,1,5,1.8933,2.9178
D1,2022-05-14,Augsburg,Greuther Furth,2,1,1.172,0.3375
D1,2022-05-14,Bielefeld,RB Leipzig,1,1,1.6697,3.4579
D1,2022-05-14,Dortmund,Hertha,2,1,1.3269,0.8765
D1,2022-05-14,Leverkusen,Freiburg,2,1,1.8214,1.1463
D1,2022-05-14,M'gladbach,Hoffenheim,5,1,3.8283,1.9275
D1,2022-05-14,Mainz,Ein Frankfurt,2,2,0.8504,1.7021
D1,2022-05-14,Stuttgart,FC Koln,2,1,3.8368,1.1189
D1,2022-05-14,Union Berlin,Bochum,3,2,3.3747,0.3913
D1,2022-05-14,Wolfsburg,Bayern Munich,2,2,1.1411,2.0709
F1,2022-05-14,Bordeaux,Lorient,0,0,1.0391,0.6052
F1,2022-05-14,Lyon,Nantes,3,2,3.1289,1.2836
F1,2022-05-14,Metz,Angers,1,0,0.742,0.6095
F1,2022-05-14,Monaco,Brest,4,2,3.8454,1.9945
F1,2022-05-14,Montpellier,Paris SG,0,4,0.2926,2.5793
F1,2022-05-14,Nice,Lille,1,3,0.9858,2.5206
F1,2022-05-14,Rennes,Marseille,2,0,1.1964,0.2981
F1,2022-05-14,St Etienne,Reims,1,2,1.6338,2.1296
F1,2022-05-14,Strasbourg,Clermont,1,0,0.6357,0.4006
F1,2022-05-14,Troyes,Lens,1,3,0.1983,0.8564
I1,2022-05-14,Empoli,Salernitana,1,1,1.7694,3.3428
I1,2022-05-14,Roma,Venezia,1,1,3.0171,0.3433
I1,2022-05-14,Udinese,Spezia,2,3,1.4024,2.649
I1,2022-05-14,Verona,Torino,0,1,0.6928,1.7411
E0,2022-05-15,Aston Villa,Crystal Palace,1,1,0.7994,1.3901
E0,2022-05-15,Everton,Brentford,2,3,2.6959,1.8163
E0,2022-05-15,Leeds,Brighton,1,1,2.2228,2.259
E0,2022-05-15,Tottenham,Burnley,1,0,2.3945,0.6299
E0,2022-05-15,Watford,Leicester,1,5,2.5897,2.273
E0,2022-05-15,West Ham,Man City,2,2,1.0088,2.1472
E0,2022-05-15,Wolves,Norwich,1,1,0.9991,1.5321
I1,2022-05-15,Bologna,Sassuolo,1,3,1.6474,2.6132
I1,2022-05-15,Cagliari,Inter,1,3,0.6697,2.6309
I1,2022-05-15,Milan,Atalanta,2,0,1.5336,0.7795
I1,2022-05-15,Napoli,Genoa,3,0,2.3453,1.0345
SP1,2022-05-15,Ath Bilbao,Osasuna,2,0,1.4783,0.7643
SP1,2022-05-15,Ath Madrid,Sevilla,1,1,0.8928,0.7942
SP1,2022-05-15,Betis,Granada,2,0,1.7015,1.1558
SP1,2022-05-15,Cadiz,Real Madrid,1,1,2.6663,1.9248
SP1,2022-05-15,Celta,Elche,1,0,1.5573,0.4457
SP1,2022-05-15,Espanol,Valencia,1,1,0.5987,2.2262
SP1,2022-05-15,Getafe,Barcelona,0,0,0.2375,0.1955
SP1,2022-05-15,Levante,Alaves,3,1,2.1472,0.5717
SP1,2022-05-15,Mallorca,Vallecano,2,1,0.9454,2.0455
SP1,2022-05-15,Villarreal,Sociedad,1,2,1.0101,2.7268
E0,2022-05-16,Newcastle,Arsenal,2,0,1.683,0.4925
I1,2022-05-16,Juventus,Lazio,2,2,0.7677,0.8395
I1,2022-05-16,Sampdoria,Fiorentina,4,1,1.7651,1.5728
E0,2022-05-17,Southampton,Liverpool,1,2,0.1215,1.1918
E0,2022-05-19,Aston Villa,Burnley,1,1,0.9964,1.6312
E0,2022-05-19,Chelsea,Leicester,1,1,1.62,0.0418
E0,2022-05-19,Everton,Crystal Palace,3,2,0.8132,1.6023
I1,2022-05-20,Torino,Roma,0,3,0.5168,2.7247
SP1,2022-05-20,Real Madrid,Betis,0,0,1.8155,1.4356
SP1,2022-05-20,Vallecano,Levante,2,4,2.7327,3.2849
F1,2022-05-21,Angers,Montpellier,2,0,2.2649,1.2975
F1,2022-05-21,Brest,Bordeaux,2,4,1.2197,3.433
F1,2022-05-21,Clermont,Lyon,1,2,2.3146,2.4705
F1,2022-05-21,Lens,Monaco,2,2,1.5479,2.0638
F1,2022-05-21,Lille,Rennes,2,2,1.7131,1.1367
F1,2022-05-21,Lorient,Troyes,1,1,1.147,0.5976
F1,2022-05-21,Marseille,Strasbourg,4,0,2.1035,1.4588
F1,2022-05-21,Nantes,St Etienne,1,1,1.8491,1.7872
F1,2022-05-21,Paris SG,Metz,5,0,5.5667,0.6932
F1,2022-05-21,Reims,Nice,2,3,0.6651,1.8827
I1,2022-05-21,Atalanta,Empoli,0,1,3.2782,0.29
I1,2022-05-21,Fiorentina,Juventus,2,0,1.3857,0.0656
I1,2022-05-21,Genoa,Bologna,0,1,0.9161,1.0693
I1,2022-05-21,Lazio,Verona,3,3,3.4553,1.9727
SP1,2022-05-21,Valencia,Celta,2,0,1.4789,1.4094
E0,2022-05-22,Arsenal,Everton,5,1,4.356,1.086
E0,2022-05-22,Brentford,Leeds,1,2,0.845,1.4779
E0,2022-05-22,Brighton,West Ham,3,1,1.6777,0.2688
E0,2022-05-22,Burnley,Newcastle,1,2,1.4916,1.7429
E0,2022-05-22,Chelsea,Watford,2,1,2.5923,0.5758
E0,2022-05-22,Crystal Palace,Man United,1,0,0.3546,0.782
E0,2022-05-22,Leicester,Southampton,4,1,3.4206,1.0514
E0,2022-05-22,Liverpool,Wolves,3,1,3.1938,1.1171
E0,2022-05-22,Man City,Aston Villa,3,2,3.3209,0.2478
E0,2022-05-22,Norwich,Tottenham,0,5,0.3108,3.815
I1,2022-05-22,Inter,Sampdoria,3,0,2.9643,0.8368
I1,2022-05-22,Salernitana,Udinese,0,4,2.3826,2.3606
I1,2022-05-22,Sassuolo,Milan,0,3,0.2934,4.0057
I1,2022-05-22,Spezia,Napoli,0,3,1.7041,1.7779
I1,2022-05-22,Venezia,Cagliari,0,0,0.6653,1.5754
SP1,2022-05-22,Alaves,Cadiz,0,1,0.3915,1.8409
SP1,2022-05-22,Barcelona,Villarreal,0,2,0.6282,0.6866
SP1,2022-05-22,Elche,Getafe,3,1,3.0254,1.0686
SP1,2022-05-22,Granada,Espanol,0,0,2.0332,0.3868
SP1,2022-05-22,Osasuna,Mallorca,0,2,0.897,1.2351
SP1,2022-05-22,Sevilla,Ath Bilbao,1,0,1.4124,0.4872
SP1,2022-05-22,Sociedad,Ath Madrid,1,2,2.2174,0.5866
D1,2022-08-05,Ein Frankfurt,Bayern Munich,1,6,0.7562,4.5602
E0,2022-08-05,Crystal Palace,Arsenal,0,2,1.2064,1.436
F1,2022-08-05,Lyon,Ajaccio,2,1,1.8567,1.1385
D1,2022-08-06,Augsburg,Freiburg,0,4,0.5859,1.5426
D1,2022-08-06,Bochum,Mainz,1,2,0.8182,1.5944
D1,2022-08-06,Dortmund,Leverkusen,1,0,2.3835,1.2357
D1,2022-08-06,M'gladbach,Hoffenheim,3,1,2.0746,0.1191
D1,2022-08-06,Union Berlin,Hertha,3,1,1.1826,0.351
D1,2022-08-06,Wolfsburg,Werder Bremen,2,2,0.9549,1.0423
E0,2022-08-06,Bournemouth,Aston Villa,2,0,0.5883,0.4889
E0,2022-08-06,Everton,Chelsea,0,1,0.542,1.9231
E0,2022-08-06,Fulham,Liverpool,2,2,1.2682,2.3411
E0,2022-08-06,Leeds,Wolves,2,1,0.8892,1.1012
E0,2022-08-06,Newcastle,Nott'm Forest,2,0,1.8591,0.2358
E0,2022-08-06,Tottenham,Southampton,4,1,1.6172,0.3865
F1,2022-08-06,Clermont,Paris SG,0,5,0.1949,4.1189
F1,2022-08-06,Strasbourg,Monaco,1,2,1.3912,2.4796
D1,2022-08-07,FC Koln,Schalke 04,3,1,4.4224,0.2277
D1,2022-08-07,Stuttgart,RB Leipzig,1,1,0.5655,2.1315
E0,2022-08-07,Leicester,Brentford,2,2,0.4557,0.9311
E0,2022-08-07,Man United,Brighton,1,2,1.421,1.7289
E0,2022-08-07,West Ham,Man City,0,2,0.2462,2.5874
F1,2022-08-07,Angers,Nantes,0,0,1.9161,1.1472
F1,2022-08-07,Lens,Brest,3,2,3.3168,1.0423
F1,2022-08-07,Lille,Auxerre,4,1,1.2999,0.7699
F1,2022-08-07,Marseille,Reims,4,1,2.7702,0.6761
F1,2022-08-07,Montpellier,Troyes,3,2,1.5776,1.8427
F1,2022-08-07,Rennes,Lorient,0,1,1.4048,0.7057
F1,2022-08-07,Toulouse,Nice,1,1,1.8544,0.6994
D1,2022-08-12,Freiburg,Dortmund,1,3,1.0831,0.7815
F1,2022-08-12,Nantes,Lille,1,1,2.0799,2.5344
SP1,2022-08-12,Osasuna,Sevilla,2,1,1.3557,0.9656
D1,2022-08-13,Hertha,Ein Frankfurt,1,1,2.065,1.2042
D1,2022-08-13,Hoffenheim,Bochum,3,2,2.3761,1.4744
D1,2022-08-13,Leverkusen,Augsburg,1,2,2.7843,0.7492
D1,2022-08-13,RB Leipzig,FC Koln,2,2,1.1788,1.5158
D1,2022-08-13,Schalke 04,M'gladbach,2,2,1.6932,1.4114
D1,2022-08-13,Werder Bremen,Stuttgart,2,2,0.7044,1.3164
E0,2022-08-13,Arsenal,Leicester,4,2,3.0107,0.6907
E0,2022-08-13,Aston Villa,Everton,2,1,2.667,1.3751
E0,2022-08-13,Brentford,Man United,4,0,1.3879,0.896
E0,2022-08-13,Brighton,Newcastle,0,0,1.6083,0.184
E0,2022-08-13,Man City,Bournemouth,4,0,1.6906,0.1239
E0,2022-08-13,Southampton,Leeds,2,2,1.4091,1.9969
E0,2022-08-13,Wolves,Fulham,0,0,0.9754,1.0881
F1,2022-08-13,Monaco,Rennes,1,1,2.3952,2.0249
F1,2022-08-13,Paris SG,Montpellier,5,2,3.3388,0.7785
I1,2022-08-13,Lecce,Inter,1,2,0.753,2.5282
I1,2022-08-13,Milan,Udinese,4,2,2.681,0.4397
I1,2022-08-13,Monza,Torino,1,2,1.0301,3.1365
I1,2022-08-13,Sampdoria,Atalanta,0,2,0.6177,2.2868
SP1,2022-08-13,Barcelona,Vallecano,0,0,1.3713,0.7715
SP1,2022-08-13,Celta,Espanol,2,2,0.3474,1.0334
SP1,2022-08-13,Valladolid,Villarreal,0,3,0.8591,1.3951
D1,2022-08-14,Bayern Munich,Wolfsburg,2,0,1.4017,0.4433
D1,2022-08-14,Mainz,Union Berlin,0,0,0.6485,0.3014
E0,2022-08-14,Chelsea,Tottenham,2,2,1.8395,1.5871
E0,2022-08-14,Nott'm Forest,West Ham,1,0,1.9717,2.0863
F1,2022-08-14,Ajaccio,Lens,0,0,0.7073,1.0275
F1,2022-08-14,Auxerre,Angers,2,2,0.8987,1.6552
F1,2022-08-14,Brest,Marseille,1,1,1.6413,1.3096
F1,2022-08-14,Nice,Strasbourg,1,1,1.5102,1.5721
F1,2022-08-14,Reims,Clermont,2,4,2.6544,1.567
F1,2022-08-14,Troyes,Toulouse,0,3,0.9254,2.0768
I1,2022-08-14,Fiorentina,Cremonese,3,2,2.0125,1.7664
I1,2022-08-14,Lazio,Bologna,2,1,0.7097,1.5963
I1,2022-08-14,Salernitana,Roma,0,1,0.5051,2.9826
I1,2022-08-14,Spezia,Empoli,1,0,0.8619,0.9878
SP1,2022-08-14,Almeria,Real Madrid,1,2,0.8007,3.1141
SP1,2022-08-14,Cadiz,Sociedad,0,1,0.2944,2.6437
SP1,2022-08-14,Valencia,Girona,1,0,1.8788,0.1322
E0,2022-08-15,Liverpool,Crystal Palace,1,1,2.236,1.6447
I1,2022-08-15,Juventus,Sassuolo,3,0,2.242,0.8786
I1,2022-08-15,Verona,Napoli,2,5,1.1309,2.798
SP1,2022-08-15,Ath Bilbao,Mallorca,0,0,1.6056,0.4764
SP1,2022-08-15,Betis,Elche,3,0,3.9966,0.2938
SP1,2022-08-15,Getafe,Ath Madrid,0,3,1.1404,1.4842
D1,2022-08-19,M'gladbach,Hertha,1,0,2.2658,0.9677
F1,2022-08-19,Lyon,Troyes,4,1,3.5459,0.9483
SP1,2022-08-19,Espanol,Vallecano,0,2,0.904,1.6979
SP1,2022-08-19,Sevilla,Valladolid,1,1,1.9511,0.5576
D1,2022-08-20,Augsburg,Mainz,1,2,0.3064,2.0461
D1,2022-08-20,Dortmund,Werder Bremen,2,3,0.6255,1.2006
D1,2022-08-20,Leverkusen,Hoffenheim,0,3,1.1014,1.301
D1,2022-08-20,Stuttgart,Freiburg,0,1,0.7667,0.904
D1,2022-08-20,Union Berlin,RB Leipzig,2,1,0.6423,0.9588
D1,2022-08-20,Wolfsburg,Schalke 04,0,0,1.2065,1.033
E0,2022-08-20,Bournemouth,Arsenal,0,3,0.2113,1.7108
E0,2022-08-20,Crystal Palace,Aston Villa,3,1,2.9114,0.8038
E0,2022-08-20,Everton,Nott'm Forest,1,1,1.4341,0.9183
E0,2022-08-20,Fulham,Brentford,3,2,2.8993,1.5935
E0,2022-08-20,Leicester,Southampton,1,2,0.2429,1.2415
E0,2022-08-20,Tottenham,Wolves,1,0,1.4661,0.6861
F1,2022-08-20,Marseille,Nantes,2,1,1.7165,2.3583
F1,2022-08-20,Monaco,Lens,1,4,2.2789,2.4581
I1,2022-08-20,Inter,Spezia,3,0,2.6274,0.4829
I1,2022-08-20,Sassuolo,Lecce,1,0,0.8035,0.7038
I1,2022-08-20,Torino,Lazio,0,0,0.9964,0.7133
I1,2022-08-20,Udinese,Salernitana,0,0,1.4287,1.5018
SP1,2022-08-20,Celta,Real Madrid,1,4,1.3197,3.5963
SP1,2022-08-20,Mallorca,Betis,1,2,1.4676,2.2165
SP1,2022-08-20,Osasuna,Cadiz,2,0,2.9236,1.0174
D1,2022-08-21,Bochum,Bayern Munich,0,7,0.7476,3.9812
D1,2022-08-21,Ein Frankfurt,FC Koln,1,1,0.5401,0.2365
E0,2022-08-21,Leeds,Chelsea,3,0,2.2097,0.6925
E0,2022-08-21,Newcastle,Man City,3,3,2.2127,3.6738
E0,2022-08-21,West Ham,Brighton,0,2,0.7686,1.8264
F1,2022-08-21,Angers,Brest,1,3,1.053,2.2269
F1,2022-08-21,Clermont,Nice,1,0,0.7123,1.6314
F1,2022-08-21,Lille,Paris SG,1,7,1.5034,4.3704
F1,2022-08-21,Montpellier,Auxerre,1,2,0.603,1.2918
F1,2022-08-21,Rennes,Ajaccio,2,1,0.9798,1.4427
F1,2022-08-21,Strasbourg,Reims,1,1,1.4462,2.0351
F1,2022-08-21,Toulouse,Lorient,2,2,2.4802,2.9657
I1,2022-08-21,Atalanta,Milan,1,1,0.5384,1.5364
I1,2022-08-21,Bologna,Verona,1,1,1.1347,2.4681
I1,2022-08-21,Empoli,Fiorentina,0,0,0.7574,0.7962
I1,2022-08-21,Napoli,Monza,4,0,3.2635,0.1215
SP1,2022-08-21,Ath Bilbao,Valencia,1,0,0.7616,0.6762
SP1,2022-08-21,Ath Madrid,Villarreal,0,2,1.5852,1.9825
SP1,2022-08-21,Sociedad,Barcelona,1,4,0.7991,2.0404
E0,2022-08-22,Man United,Liverpool,2,1,2.0176,1.523
I1,2022-08-22,Roma,Cremonese,1,0,2.9143,0.5089
I1,2022-08-22,Sampdoria,Juventus,0,0,0.9488,0.8076
SP1,2022-08-22,Elche,Almeria,1,1,0.899,0.9697
SP1,2022-08-22,Girona,Getafe,3,1,1.5217,0.6928
D1,2022-08-26,Freiburg,Bochum,1,0,4.4093,1.1301
F1,2022-08-26,Ajaccio,Lille,1,3,0.5131,1.8055
I1,2022-08-26,Lazio,Inter,3,1,0.997,1.6284
I1,2022-08-26,Monza,Udinese,1,2,0.9885,2.2619
SP1,2022-08-26,Betis,Osasuna,1,0,0.5071,0.9103
SP1,2022-08-26,Girona,Celta,0,1,0.5662,0.6255
D1,2022-08-27,Bayern Munich,M'gladbach,1,1,3.1738,0.5481
D1,2022-08-27,Hertha,Dortmund,0,1,0.353,2.9743
D1,2022-08-27,Hoffenheim,Augsburg,1,0,2.0023,0.4587
D1,2022-08-27,Mainz,Leverkusen,0,3,1.6203,1.4043
D1,2022-08-27,RB Leipzig,Wolfsburg,2,0,3.7924,0.5204
D1,2022-08-27,Schalke 04,Union Berlin,1,6,1.8662,1.0651
E0,2022-08-27,Arsenal,Fulham,2,1,2.4743,0.926
E0,2022-08-27,Brentford,Everton,1,1,2.2839,1.6546
E0,2022-08-27,Brighton,Leeds,1,0,1.6099,1.1487
E0,2022-08-27,Chelsea,Leicester,2,1,1.7492,1.9602
E0,2022-08-27,Liverpool,Bournemouth,9,0,4.8604,0.181
E0,2022-08-27,Man City,Crystal Palace,4,2,2.3853,0.092
E0,2022-08-27,Southampton,Man United,0,1,1.3589,1.3436
F1,2022-08-27,Auxerre,Strasbourg,1,0,0.7701,1.6553
F1,2022-08-27,Lens,Rennes,2,1,1.1583,0.8882
I1,2022-08-27,Cremonese,Torino,1,2,0.8158,2.714
I1,2022-08-27,Juventus,Roma,1,1,0.6333,0.964
I1,2022-08-27,Milan,Bologna,2,0,2.8369,0.5053
I1,2022-08-27,Spezia,Sassuolo,2,2,1.1755,2.8392
SP1,2022-08-27,Almeria,Sevilla,2,1,2.1541,1.3789
SP1,2022-08-27,Elche,Sociedad,0,1,1.235,1.8117
SP1,2022-08-27,Vallecano,Mallorca,0,2,0.8648,0.8557
D1,2022-08-28,FC Koln,Stuttgart,0,0,0.386,1.9654
D1,2022-08-28,Werder Bremen,Ein Frankfurt,3,4,1.8892,1.8731
E0,2022-08-28,Aston Villa,West Ham,0,1,0.3046,0.3346
E0,2022-08-28,Nott'm Forest,Tottenham,0,2,0.8014,2.4447
E0,2022-08-28,Wolves,Newcastle,1,1,1.1325,1.9336
F1,2022-08-28,Brest,Montpellier,0,7,0.1631,2.2067
F1,2022-08-28,Lorient,Clermont,2,1,3.4663,0.4325
F1,2022-08-28,Nantes,Toulouse,3,1,1.8036,0.5314
F1,2022-08-28,Nice,Marseille,0,3,0.7972,1.4143
F1,2022-08-28,Paris SG,Monaco,1,1,2.7156,0.2378
F1,2022-08-28,Reims,Lyon,1,1,0.8891,1.3705
F1,2022-08-28,Troyes,Angers,3,1,2.2319,1.0011
I1,2022-08-28,Fiorentina,Napoli,0,0,0.3816,1.6855
I1,2022-08-28,Lecce,Empoli,1,1,0.8134,0.3781
I1,2022-08-28,Salernitana,Sampdoria,4,0,1.7646,1.669
I1,2022-08-28,Verona,Atalanta,0,1,0.3695,0.8432
SP1,2022-08-28,Barcelona,Valladolid,4,0,3.2867,0.7201
SP1,2022-08-28,Espanol,Real Madrid,1,3,1.6336,2.046
SP1,2022-08-28,Getafe,Villarreal,0,0,0.274,1.132
SP1,2022-08-29,Cadiz,Ath Bilbao,0,4,0.2393,3.1868
SP1,2022-08-29,Valencia,Ath Madrid,0,1,0.654,1.9751
E0,2022-08-30,Crystal Palace,Brentford,1,1,0.7774,1.6181
E0,2022-08-30,Fulham,Brighton,2,1,1.0709,1.7536
E0,2022-08-30,Leeds,Everton,1,1,1.0455,1.1719
E0,2022-08-30,Southampton,Chelsea,2,1,1.4409,1.5047
I1,2022-08-30,Inter,Cremonese,3,1,2.798,1.0676
I1,2022-08-30,Roma,Monza,3,0,2.6713,0.5607
I1,2022-08-30,Sassuolo,Milan,0,0,1.063,0.9143
E0,2022-08-31,Arsenal,Aston Villa,2,1,2.7997,0.2972
E0,2022-08-31,Bournemouth,Wolves,0,0,0.362,1.5325
E0,2022-08-31,Liverpool,Newcastle,2,1,1.7612,0.6435
E0,2022-08-31,Man City,Nott'm Forest,6,0,3.8376,0.7298
E0,2022-08-31,West Ham,Tottenham,1,1,1.5227,0.7233
F1,2022-08-31,Angers,Reims,2,4,1.4342,2.3523
F1,2022-08-31,Lens,Lorient,5,2,3.0112,1.4489
F1,2022-08-31,Lille,Nice,1,2,0.9364,1.5437
F1,2022-08-31,Lyon,Auxerre,2,1,3.3391,0.4114
F1,2022-08-31,Marseille,Clermont,1,0,2.5088,0.1641
F1,2022-08-31,Monaco,Troyes,2,4,1.6946,2.6843
F1,2022-08-31,Montpellier,Ajaccio,2,0,1.8241,0.8942
F1,2022-08-31,Rennes,Brest,3,1,1.4425,0.266
F1,2022-08-31,Strasbourg,Nantes,1,1,0.2604,0.5822
F1,2022-08-31,Toulouse,Paris SG,0,3,0.5826,3.9356
I1,2022-08-31,Empoli,Verona,1,1,0.7785,0.5892
I1,2022-08-31,Juventus,Spezia,2,0,1.765,0.1751
I1,2022-08-31,Napoli,Lecce,1,1,2.0024,1.0219
I1,2022-08-31,Sampdoria,Lazio,1,1,0.741,1.6105
I1,2022-08-31,Udinese,Fiorentina,1,0,0.8795,0.4435
E0,2022-09-01,Leicester,Man United,0,1,0.6153,1.0997
I1,2022-09-01,Atalanta,Torino,3,1,2.8697,0.3986
I1,2022-09-01,Bologna,Salernitana,1,1,1.9613,1.1965
D1,2022-09-02,Dortmund,Hoffenheim,1,0,2.521,0.3604
SP1,2022-09-02,Celta,Cadiz,3,0,1.5099,0.2348
D1,2022-09-03,Bochum,Werder Bremen,0,2,1.2297,1.9903
D1,2022-09-03,Ein Frankfurt,RB Leipzig,4,0,3.6263,0.2204
D1,2022-09-03,Leverkusen,Freiburg,2,3,1.7973,2.3538
D1,2022-09-03,Stuttgart,Schalke 04,1,1,0.7062,2.1048
D1,2022-09-03,Union Berlin,Bayern Munich,1,1,0.4431,1.382
D1,2022-09-03,Wolfsburg,FC Koln,2,4,0.9673,3.0837
E0,2022-09-03,Aston Villa,Man City,1,1,0.2794,1.9214
E0,2022-09-03,Brentford,Leeds,5,2,2.7485,1.796
E0,2022-09-03,Chelsea,West Ham,2,1,0.7073,1.4196
E0,2022-09-03,Everton,Liverpool,0,0,1.3917,1.3862
E0,2022-09-03,Newcastle,Crystal Palace,0,0,2.9067,0.9206
E0,2022-09-03,Nott'm Forest,Bournemouth,2,3,1.329,0.905
E0,2022-09-03,Tottenham,Fulham,2,1,2.6782,0.3816
E0,2022-09-03,Wolves,Southampton,1,0,1.1004,1.2084
F1,2022-09-03,Auxerre,Marseille,0,2,0.623,1.5445
F1,2022-09-03,Lyon,Angers,5,0,1.4094,0.685
F1,2022-09-03,Nantes,Paris SG,0,3,0.4141,3.4988
I1,2022-09-03,Fiorentina,Juventus,1,1,1.8326,1.0752
I1,2022-09-03,Lazio,Napoli,1,2,0.2998,2.0197
I1,2022-09-03,Milan,Inter,3,2,1.6373,2.0769
SP1,2022-09-03,Mallorca,Girona,1,1,0.8958,1.095
SP1,2022-09-03,Real Madrid,Betis,2,1,3.2059,0.3334
SP1,2022-09-03,Sevilla,Barcelona,0,3,0.8292,4.6784
SP1,2022-09-03,Sociedad,Ath Madrid,1,1,1.7515,2.2479
D1,2022-09-04,Augsburg,Hertha,0,2,0.311,2.8715
D1,2022-09-04,M'gladbach,Mainz,0,1,1.7082,0.6309
E0,2022-09-04,Brighton,Leicester,5,2,2.7317,1.0655
E0,2022-09-04,Man United,Arsenal,3,1,2.029,1.4224
F1,2022-09-04,Ajaccio,Lorient,0,1,0.5204,0.509
F1,2022-09-04,Brest,Strasbourg,1,1,0.7269,2.653
F1,2022-09-04,Clermont,Toulouse,2,0,1.5073,1.4484
F1,2022-09-04,Montpellier,Lille,1,3,0.4603,1.2823
F1,2022-09-04,Nice,Monaco,0,1,1.1289,1.1663
F1,2022-09-04,Reims,Lens,1,1,1.7585,2.234
F1,2022-09-04,Troyes,Rennes,1,1,0.5648,2.6104
I1,2022-09-04,Cremonese,Sassuolo,0,0,0.4173,1.7082
I1,2022-09-04,Spezia,Bologna,2,2,1.0626,1.0232
I1,2022-09-04,Udinese,Roma,4,0,1.282,0.8622
I1,2022-09-04,Verona,Sampdoria,2,1,2.3433,0.7987
SP1,2022-09-04,Ath Bilbao,Espanol,0,1,1.2466,1.1137
SP1,2022-09-04,Osasuna,Vallecano,2,1,3.1751,0.1799
SP1,2022-09-04,Valencia,Getafe,5,1,2.9276,0.5725
SP1,2022-09-04,Villarreal,Elche,4,0,3.5829,0.2192
I1,2022-09-05,Monza,Atalanta,0,2,0.9435,1.9499
I1,2022-09-05,Salernitana,Empoli,2,2,1.8081,0.9847
I1,2022-09-05,Torino,Lecce,1,0,1.0247,0.4514
SP1,2022-09-05,Valladolid,Almeria,1,0,2.1249,0.5054
F1,2022-09-07,Lorient,Lyon,3,1,1.4876,2.2982
D1,2022-09-09,Werder Bremen,Augsburg,0,1,1.837,1.7824
F1,2022-09-09,Lens,Troyes,1,0,1.448,0.6744
SP1,2022-09-09,Girona,Valladolid,2,1,2.5925,0.5106
D1,2022-09-10,Bayern Munich,Stuttgart,2,2,2.2976,1.1875
D1,2022-09-10,Ein Frankfurt,Wolfsburg,0,1,0.4534,0.9697
D1,2022-09-10,Hertha,Leverkusen,2,2,2.3514,1.7683
D1,2022-09-10,Hoffenheim,Mainz,4,1,4.6489,1.0862
D1,2022-09-10,RB Leipzig,Dortmund,3,0,1.7049,0.3346
D1,2022-09-10,Schalke 04,Bochum,3,1,1.4133,1.3129
F1,2022-09-10,Marseille,Lille,2,1,2.2574,0.7749
F1,2022-09-10,Paris SG,Brest,1,0,2.0127,1.3444
I1,2022-09-10,Inter,Torino,1,0,1.5361,0.595
I1,2022-09-10,Napoli,Spezia,1,0,1.9463,0.6645
I1,2022-09-10,Sampdoria,Milan,1,2,0.923,1.6646
SP1,2022-09-10,Ath Madrid,Celta,4,1,0.9234,1.3056
SP1,2022-09-10,Cadiz,Barcelona,0,4,0.2482,2.6686
SP1,2022-09-10,Espanol,Sevilla,2,3,2.3706,2.3204
SP1,2022-09-10,Vallecano,Valencia,2,1,2.0116,2.182
D1,2022-09-11,FC Koln,Union Berlin,0,1,0.8785,1.5116
D1,2022-09-11,Freiburg,M'gladbach,0,0,0.9911,1.3789
F1,2022-09-11,Ajaccio,Nice,0,1,0.4278,1.0495
F1,2022-09-11,Angers,Montpellier,2,1,2.9134,1.0264
F1,2022-09-11,Lorient,Nantes,3,2,1.3031,0.5866
F1,2022-09-11,Monaco,Lyon,2,1,1.649,2.2812
F1,2022-09-11,Rennes,Auxerre,5,0,3.7342,0.4388
F1,2022-09-11,Strasbourg,Clermont,0,0,2.6047,0.9594
F1,2022-09-11,Toulouse,Reims,1,0,2.111,0.4614
I1,2022-09-11,Atalanta,Cremonese,1,1,0.6366,0.6202
I1,2022-09-11,Bologna,Fiorentina,2,1,1.2523,1.1788
I1,2022-09-11,Juventus,Salernitana,2,2,1.8393,2.0745
I1,2022-09-11,Lazio,Verona,2,0,1.8453,0.4044
I1,2022-09-11,Lecce,Monza,1,1,1.469,0.0824
I1,2022-09-11,Sassuolo,Udinese,1,3,0.3496,2.2122
SP1,2022-09-11,Betis,Villarreal,1,0,1.6151,2.4423
SP1,2022-09-11,Elche,Ath Bilbao,1,4,0.7481,3.2386
SP1,2022-09-11,Getafe,Sociedad,2,1,1.0691,1.3214
SP1,2022-09-11,Real Madrid,Mallorca,4,1,2.2179,0.951
I1,2022-09-12,Empoli,Roma,1,2,1.152,3.837
SP1,2022-09-12,Almeria,Osasuna,0,1,0.1665,2.14
D1,2022-09-16,Mainz,Hertha,1,1,0.3898,0.4376
E0,2022-09-16,Aston Villa,Southampton,1,0,1.3437,0.2183
E0,2022-09-16,Nott'm Forest,Fulham,2,3,1.4154,1.3496
F1,2022-09-16,Auxerre,Lorient,1,3,2.2732,3.4895
I1,2022-09-16,Salernitana,Lecce,1,2,1.0814,1.3087
SP1,2022-09-16,Valladolid,Cadiz,0,1,1.9883,0.5233
D1,2022-09-17,Augsburg,Bayern Munich,1,0,2.2092,1.8206
D1,2022-09-17,Dortmund,Schalke 04,1,0,2.5349,0.0971
D1,2022-09-17,Leverkusen,Werder Bremen,1,1,1.823,2.0222
D1,2022-09-17,M'gladbach,RB Leipzig,3,0,2.9775,1.2561
D1,2022-09-17,Stuttgart,Ein Frankfurt,1,3,0.7738,1.4903
E0,2022-09-17,Newcastle,Bournemouth,1,1,1.5476,0.9769
E0,2022-09-17,Tottenham,Leicester,6,2,1.9862,1.5945
E0,2022-09-17,Wolves,Man City,0,3,0.311,1.4242
F1,2022-09-17,Lille,Toulouse,2,1,1.1675,0.8823
F1,2022-09-17,Montpellier,Strasbourg,2,1,1.8232,0.6174
I1,2022-09-17,Bologna,Empoli,0,1,1.7821,1.6644
I1,2022-09-17,Spezia,Sampdoria,2,1,1.0276,1.0125
I1,2022-09-17,Torino,Sassuolo,0,1,0.6723,0.4802
SP1,2022-09-17,Ath Bilbao,Vallecano,3,2,2.173,0.6219
SP1,2022-09-17,Barcelona,Elche,3,0,5.179,0.013
SP1,2022-09-17,Mallorca,Almeria,1,0,0.9687,0.2976
SP1,2022-09-17,Valencia,Celta,3,0,1.9115,0.5872
D1,2022-09-18,Bochum,FC Koln,1,1,0.2927,1.8077
D1,2022-09-18,Hoffenheim,Freiburg,0,0,0.7432,0.6761
D1,2022-09-18,Union Berlin,Wolfsburg,2,0,1.0741,0.218
E0,2022-09-18,Brentford,Arsenal,0,3,0.5401,1.3202
E0,2022-09-18,Everton,West Ham,1,0,0.3977,0.6554
F1,2022-09-18,Brest,Ajaccio,0,1,0.7213,0.5119
F1,2022-09-18,Clermont,Troyes,1,3,1.2597,1.3715
F1,2022-09-18,Lyon,Paris SG,0,1,0.8928,1.5263
F1,2022-09-18,Marseille,Rennes,1,1,1.0586,0.8581
F1,2022-09-18,Nantes,Lens,0,0,0.7777,0.9673
F1,2022-09-18,Nice,Angers,0,1,0.9691,2.0792
F1,2022-09-18,Reims,Monaco,0,3,0.3023,2.0653
I1,2022-09-18,Cremonese,Lazio,0,4,0.9923,3.6179
I1,2022-09-18,Fiorentina,Verona,2,0,2.8313,0.6083
I1,2022-09-18,Milan,Napoli,1,2,2.2547,1.1797
I1,2022-09-18,Monza,Juventus,1,0,2.5264,1.2052
I1,2022-09-18,Roma,Atalanta,0,1,3.2806,0.145
I1,2022-09-18,Udinese,Inter,3,1,1.2956,0.9919
SP1,2022-09-18,Ath Madrid,Real Madrid,1,2,1.1043,1.0928
SP1,2022-09-18,Betis,Girona,2,1,1.4915,1.347
SP1,2022-09-18,Osasuna,Getafe,0,2,1.1323,1.4324
SP1,2022-09-18,Sociedad,Espanol,2,1,2.3579,1.2894
SP1,2022-09-18,Villarreal,Sevilla,1,1,2.1036,0.4365
D1,2022-09-30,Bayern Munich,Leverkusen,4,0,2.1341,0.9407
F1,2022-09-30,Angers,Marseille,0,3,1.2922,2.3782
SP1,2022-09-30,Ath Bilbao,Almeria,4,0,2.5553,0.4261
D1,2022-10-01,Ein Frankfurt,Union Berlin,2,0,1.1824,0.7671
D1,2022-10-01,FC Koln,Dortmund,3,2,2.1489,2.4696
D1,2022-10-01,Freiburg,Mainz,2,1,1.9716,1.8449
D1,2022-10-01,RB Leipzig,Bochum,4,0,4.2154,0.1468
D1,2022-10-01,Werder Bremen,M'gladbach,5,1,3.345,2.2726
D1,2022-10-01,Wolfsburg,Stuttgart,3,2,1.7542,2.3494
E0,2022-10-01,Arsenal,Tottenham,3,1,2.484,1.5027
E0,2022-10-01,Bournemouth,Brentford,0,0,0.7581,1.046
E0,2022-10-01,Crystal Palace,Chelsea,1,2,0.7099,1.2551
E0,2022-10-01,Fulham,Newcastle,1,4,0.6837,4.672
E0,2022-10-01,Liverpool,Brighton,3,3,2.1515,2.3657
E0,2022-10-01,Southampton,Everton,1,2,1.9596,1.9998
E0,2022-10-01,West Ham,Wolves,2,0,1.0393,0.576
F1,2022-10-01,Paris SG,Nice,2,1,0.7533,0.6851
F1,2022-10-01,Strasbourg,Rennes,1,3,1.1509,2.242
I1,2022-10-01,Empoli,Milan,1,3,1.0118,2.6069
I1,2022-10-01,Inter,Roma,1,2,0.7619,1.0375
I1,2022-10-01,Napoli,Torino,3,1,1.1849,0.7416
SP1,2022-10-01,Cadiz,Villarreal,0,0,1.0607,1.4309
SP1,2022-10-01,Getafe,Valladolid,2,3,2.5059,1.3219
SP1,2022-10-01,Mallorca,Barcelona,0,1,0.9251,0.6364
SP1,2022-10-01,Sevilla,Ath Madrid,0,2,0.3628,2.121
D1,2022-10-02,Hertha,Hoffenheim,1,1,0.9587,1.601
D1,2022-10-02,Schalke 04,Augsburg,2,3,2.0592,1.4839
E0,2022-10-02,Leeds,Aston Villa,0,0,0.2986,1.8964
E0,2022-10-02,Man City,Man United,6,3,3.011,1.7133
F1,2022-10-02,Ajaccio,Clermont,1,3,1.283,1.2925
F1,2022-10-02,Auxerre,Brest,1,1,1.2112,0.687
F1,2022-10-02,Lens,Lyon,1,0,2.993,0.0812
F1,2022-10-02,Lorient,Lille,2,1,0.5127,1.8319
F1,2022-10-02,Monaco,Nantes,4,1,2.183,0.4061
F1,2022-10-02,Toulouse,Montpellier,4,2,1.9266,1.7348
F1,2022-10-02,Troyes,Reims,2,2,1.7434,1.4905
I1,2022-10-02,Atalanta,Fiorentina,1,0,1.6445,0.6382
I1,2022-10-02,Juventus,Bologna,3,0,2.5116,0.3303
I1,2022-10-02,Lazio,Spezia,4,0,3.0347,0.8524
I1,2022-10-02,Lecce,Cremonese,1,1,0.9458,1.5594
I1,2022-10-02,Sampdoria,Monza,0,3,0.0815,1.2288
I1,2022-10-02,Sassuolo,Salernitana,5,0,3.2198,0.5685
SP1,2022-10-02,Celta,Betis,1,0,0.893,1.1061
SP1,2022-10-02,Espanol,Valencia,2,2,0.7381,1.356
SP1,2022-10-02,Girona,Sociedad,3,5,0.9326,2.2364
SP1,2022-10-02,Real Madrid,Osasuna,1,1,2.563,0.4662
E0,2022-10-03,Leicester,Nott'm Forest,4,0,1.2497,1.2217
I1,2022-10-03,Verona,Udinese,1,2,0.2847,2.1773
SP1,2022-10-03,Vallecano,Elche,2,1,0.6512,0.9246
D1,2022-10-07,Hoffenheim,Werder Bremen,1,2,1.3009,1.438
F1,2022-10-07,Lyon,Toulouse,1,1,1.7418,0.5829
SP1,2022-10-07,Osasuna,Valencia,1,2,1.9628,2.7335
D1,2022-10-08,Augsburg,Wolfsburg,1,1,2.0163,2.3066
D1,2022-10-08,Bochum,Ein Frankfurt,3,0,0.65,0.7843
D1,2022-10-08,Dortmund,Bayern Munich,2,2,1.4293,1.2293
D1,2022-10-08,Leverkusen,Schalke 04,4,0,2.0695,0.1396
D1,2022-10-08,Mainz,RB Leipzig,1,1,0.6495,1.4696
E0,2022-10-08,Bournemouth,Leicester,2,1,1.1489,1.1812
E0,2022-10-08,Brighton,Tottenham,0,1,0.8997,0.7716
E0,2022-10-08,Chelsea,Wolves,3,0,2.4309,0.7484
E0,2022-10-08,Man City,Southampton,4,0,2.7354,0.1011
E0,2022-10-08,Newcastle,Brentford,5,1,2.4463,1.1347
F1,2022-10-08,Marseille,Ajaccio,1,2,1.6631,0.1642
F1,2022-10-08,Reims,Paris SG,0,0,1.9185,1.0661
I1,2022-10-08,Bologna,Sampdoria,1,1,0.6692,0.823
I1,2022-10-08,Milan,Juventus,2,0,2.3047,0.6734
I1,2022-10-08,Sassuolo,Inter,1,2,1.1022,2.818
SP1,2022-10-08,Almeria,Vallecano,3,1,1.0568,0.8931
SP1,2022-10-08,Ath Madrid,Girona,2,1,2.198,0.7216
SP1,2022-10-08,Getafe,Real Madrid,0,1,0.2623,1.4805
SP1,2022-10-08,Sevilla,Ath Bilbao,1,1,1.356,1.9186
D1,2022-10-09,Hertha,Freiburg,2,2,1.2589,1.759
D1,2022-10-09,M'gladbach,FC Koln,5,2,2.7266,1.4562
D1,2022-10-09,Stuttgart,Union Berlin,0,1,1.0971,0.7344
E0,2022-10-09,Arsenal,Liverpool,3,2,2.8197,0.7652
E0,2022-10-09,Crystal Palace,Leeds,2,1,1.6519,1.0656
E0,2022-10-09,Everton,Man United,1,2,0.3658,1.8261
E0,2022-10-09,West Ham,Fulham,3,1,3.4368,0.5498
F1,2022-10-09,Angers,Strasbourg,2,3,2.0883,2.8831
F1,2022-10-09,Brest,Lorient,1,2,0.9976,1.1411
F1,2022-10-09,Clermont,Auxerre,2,1,1.417,1.0082
F1,2022-10-09,Lille,Lens,1,0,2.3767,1.0454
F1,2022-10-09,Montpellier,Monaco,0,2,0.5648,1.4354
F1,2022-10-09,Nice,Troyes,3,2,2.697,1.6458
F1,2022-10-09,Rennes,Nantes,3,0,2.8581,0.4398
I1,2022-10-09,Cremonese,Napoli,1,4,0.7624,4.4708
I1,2022-10-09,Monza,Spezia,2,0,0.763,0.5348
I1,2022-10-09,Roma,Lecce,2,1,3.6193,0.3261
I1,2022-10-09,Salernitana,Verona,2,1,0.9758,0.9477
I1,2022-10-09,Torino,Empoli,1,1,2.7381,0.1473
I1,2022-10-09,Udinese,Atalanta,2,2,1.114,1.9754
SP1,2022-10-09,Barcelona,Celta,1,0,1.9846,1.3502
SP1,2022-10-09,Cadiz,Espanol,2,2,1.3381,1.4706
SP1,2022-10-09,Sociedad,Villarreal,1,0,2.3714,0.2216
SP1,2022-10-09,Valladolid,Betis,0,0,0.6624,0.5452
E0,2022-10-10,Nott'm Forest,Aston Villa,1,1,0.2213,0.6572
I1,2022-10-10,Fiorentina,Lazio,0,4,2.6046,2.1963
SP1,2022-10-10,Elche,Mallorca,1,1,0.3349,2.6971
D1,2022-10-14,Schalke 04,Hoffenheim,0,3,0.6976,3.517
E0,2022-10-14,Brentford,Brighton,2,0,1.9064,2.1567
F1,2022-10-14,Strasbourg,Lille,0,3,0.3664,2.591
SP1,2022-10-14,Vallecano,Getafe,0,0,1.1195,0.3957
D1,2022-10-15,Ein Frankfurt,Leverkusen,5,1,4.3576,0.5033
D1,2022-10-15,RB Leipzig,Hertha,3,2,3.3019,2.4215
D1,2022-10-15,Stuttgart,Bochum,4,1,2.4078,1.5276
D1,2022-10-15,Werder Bremen,Mainz,0,2,1.2027,1.1083
D1,2022-10-15,Wolfsburg,M'gladbach,2,2,1.7443,0.8952
E0,2022-10-15,Fulham,Bournemouth,2,2,1.6174,1.6283
E0,2022-10-15,Leicester,Crystal Palace,0,0,0.9734,0.3468
E0,2022-10-15,Tottenham,Everton,2,0,2.4941,0.56
E0,2022-10-15,Wolves,Nott'm Forest,1,0,1.2237,1.2476
F1,2022-10-15,Lens,Montpellier,1,0,2.3104,0.3054
F1,2022-10-15,Lorient,Reims,0,0,1.0513,0.3665
I1,2022-10-15,Atalanta,Sassuolo,2,1,2.5904,0.5381
I1,2022-10-15,Empoli,Monza,1,0,2.1653,0.834
I1,2022-10-15,Torino,Juventus,0,1,0.5176,2.3434
SP1,2022-10-15,Ath Bilbao,Ath Madrid,0,1,1.3326,0.4632
SP1,2022-10-15,Girona,Cadiz,1,1,2.3604,1.3467
SP1,2022-10-15,Mallorca,Sevilla,0,1,1.4104,0.1767
SP1,2022-10-15,Valencia,Elche,2,2,3.0413,1.3032
D1,2022-10-16,Bayern Munich,Freiburg,5,0,2.08,0.3283
D1,2022-10-16,FC Koln,Augsburg,3,2,1.5458,0.2075
D1,2022-10-16,Union Berlin,Dortmund,2,0,1.472,0.7977
E0,2022-10-16,Aston Villa,Chelsea,0,2,2.4454,1.2364
E0,2022-10-16,Leeds,Arsenal,0,1,2.0223,0.8218
E0,2022-10-16,Liverpool,Man City,1,0,1.9992,0.9115
E0,2022-10-16,Man United,Newcastle,0,0,1.4161,0.7882
E0,2022-10-16,Southampton,West Ham,1,1,0.5245,1.7073
F1,2022-10-16,Auxerre,Nice,1,1,0.5277,1.6717
F1,2022-10-16,Monaco,Clermont,1,1,1.0052,2.4992
F1,2022-10-16,Nantes,Brest,4,1,3.4567,0.597
F1,2022-10-16,Paris SG,Marseille,1,0,2.9987,0.7846
F1,2022-10-16,Rennes,Lyon,3,2,1.7045,1.541
F1,2022-10-16,Toulouse,Angers,3,2,2.4653,1.5053
F1,2022-10-16,Troyes,Ajaccio,1,1,0.4344,1.8362
I1,2022-10-16,Inter,Salernitana,2,0,1.8145,0.2501
I1,2022-10-16,Lazio,Udinese,0,0,0.6871,0.6903
I1,2022-10-16,Napoli,Bologna,3,2,4.4792,1.0532
I1,2022-10-16,Spezia,Cremonese,2,2,1.0942,2.464
I1,2022-10-16,Verona,Milan,1,2,1.936,1.7368
SP1,2022-10-16,Betis,Almeria,3,1,3.1942,1.1155
SP1,2022-10-16,Celta,Sociedad,1,2,0.4825,1.1794
SP1,2022-10-16,Espanol,Valladolid,1,0,1.6313,0.5523
SP1,2022-10-16,Real Madrid,Barcelona,3,1,1.4696,1.6655
I1,2022-10-17,Lecce,Fiorentina,1,1,1.6153,0.3569
I1,2022-10-17,Sampdoria,Roma,0,1,0.2632,2.6021
SP1,2022-10-17,Villarreal,Osasuna,2,0,2.1527,0.3323
E0,2022-10-18,Brighton,Nott'm Forest,0,0,2.1019,0.195
E0,2022-10-18,Crystal Palace,Wolves,2,1,1.2562,0.8578
SP1,2022-10-18,Ath Madrid,Vallecano,1,1,0.8178,1.6196
SP1,2022-10-18,Getafe,Ath Bilbao,2,2,0.7531,1.1021
SP1,2022-10-18,Sevilla,Valencia,1,1,1.1974,1.7112
E0,2022-10-19,Bournemouth,Southampton,0,1,0.8105,1.2388
E0,2022-10-19,Brentford,Chelsea,0,0,1.4523,0.5574
E0,2022-10-19,Liverpool,West Ham,1,0,2.2407,2.4865
E0,2022-10-19,Man United,Tottenham,2,0,1.7097,0.6585
E0,2022-10-19,Newcastle,Everton,1,0,1.1339,0.061
SP1,2022-10-19,Cadiz,Betis,0,0,0.7469,1.2222
SP1,2022-10-19,Elche,Real Madrid,0,3,1.0497,1.6151
SP1,2022-10-19,Sociedad,Mallorca,1,0,2.1644,1.0944
SP1,2022-10-19,Valladolid,Celta,4,1,1.6334,2.0311
E0,2022-10-20,Fulham,Aston Villa,3,0,2.892,0.7115
E0,2022-10-20,Leicester,Leeds,2,0,0.6552,1.1946
SP1,2022-10-20,Almeria,Girona,3,2,2.0859,2.6544
SP1,2022-10-20,Barcelona,Villarreal,3,0,3.616,0.5033
SP1,2022-10-20,Osasuna,Espanol,1,0,1.0285,1.4487
D1,2022-10-21,Mainz,FC Koln,5,0,2.2179,0.9306
F1,2022-10-21,Ajaccio,Paris SG,0,3,0.3016,2.9066
I1,2022-10-21,Juventus,Empoli,4,0,3.7899,0.5072
D1,2022-10-22,Augsburg,RB Leipzig,3,3,1.9126,2.3899
D1,2022-10-22,Dortmund,Stuttgart,5,0,2.6394,0.9898
D1,2022-10-22,Freiburg,Werder Bremen,2,0,3.3369,0.3935
D1,2022-10-22,Hoffenheim,Bayern Munich,0,2,0.7662,3.128
D1,2022-10-22,Leverkusen,Wolfsburg,2,2,2.3675,1.1509
D1,2022-10-22,M'gladbach,Ein Frankfurt,1,3,1.3654,1.8017
E0,2022-10-22,Chelsea,Man United,1,1,1.2024,0.7309
E0,2022-10-22,Everton,Crystal Palace,3,0,1.934,0.5972
E0,2022-10-22,Man City,Brighton,3,1,1.8624,0.5286
E0,2022-10-22,Nott'm Forest,Liverpool,1,0,2.5016,2.1975
F1,2022-10-22,Marseille,Lens,0,1,1.9996,0.6127
F1,2022-10-22,Montpellier,Lyon,1,2,0.8071,2.7849
I1,2022-10-22,Fiorentina,Inter,3,4,1.2702,2.5199
I1,2022-10-22,Milan,Monza,4,1,1.2302,1.3296
I1,2022-10-22,Salernitana,Spezia,1,0,1.9138,0.6856
SP1,2022-10-22,Real Madrid,Sevilla,3,1,2.1768,0.5181
SP1,2022-10-22,Valencia,Mallorca,1,2,1.0702,1.2515
SP1,2022-10-22,Valladolid,Sociedad,1,0,0.7857,0.8251
SP1,2022-10-22,Vallecano,Cadiz,5,1,3.8852,0.6422
D1,2022-10-23,Bochum,Union Berlin,2,1,1.1154,1.003
D1,2022-10-23,Hertha,Schalke 04,2,1,1.0578,0.5225
E0,2022-10-23,Aston Villa,Brentford,4,0,3.4562,1.0046
E0,2022-10-23,Leeds,Fulham,2,3,1.9638,2.4751
E0,2022-10-23,Southampton,Arsenal,1,1,0.6227,1.579
E0,2022-10-23,Tottenham,Newcastle,1,2,1.5651,1.1294
E0,2022-10-23,Wolves,Leicester,0,4,1.6179,0.9891
F1,2022-10-23,Angers,Rennes,1,2,0.9384,2.445
F1,2022-10-23,Clermont,Brest,1,3,0.7029,2.7301
F1,2022-10-23,Lille,Monaco,4,3,2.4971,1.7647
F1,2022-10-23,Nice,Nantes,1,1,1.3415,1.2774
F1,2022-10-23,Reims,Auxerre,2,1,2.4837,0.4721
F1,2022-10-23,Toulouse,Strasbourg,2,2,1.8658,1.6323
F1,2022-10-23,Troyes,Lorient,2,2,1.1391,1.538
I1,2022-10-23,Atalanta,Lazio,0,2,0.8747,0.9118
I1,2022-10-23,Bologna,Lecce,2,0,2.1232,0.3361
I1,2022-10-23,Roma,Napoli,0,1,0.2096,0.868
I1,2022-10-23,Udinese,Torino,1,2,1.4058,1.1756
SP1,2022-10-23,Barcelona,Ath Bilbao,4,0,2.1354,0.2408
SP1,2022-10-23,Betis,Ath Madrid,1,2,1.3308,0.5855
SP1,2022-10-23,Espanol,Elche,2,2,2.1855,0.3186
SP1,2022-10-23,Girona,Osasuna,1,1,0.6669,0.6937
SP1,2022-10-23,Villarreal,Almeria,2,1,0.8525,1.2415
E0,2022-10-24,West Ham,Bournemouth,2,0,1.9771,0.7304
I1,2022-10-24,Cremonese,Sampdoria,0,1,1.7258,1.197
I1,2022-10-24,Sassuolo,Verona,2,1,1.4556,1.609
SP1,2022-10-24,Celta,Getafe,1,1,0.8219,0.2261
D1,2022-10-28,Werder Bremen,Hertha,1,0,1.5398,0.5723
F1,2022-10-28,Lens,Toulouse,3,0,2.6441,0.8459
SP1,2022-10-28,Mallorca,Espanol,1,1,1.19,0.2484
D1,2022-10-29,Bayern Munich,Mainz,6,2,4.3344,1.7811
D1,2022-10-29,Ein Frankfurt,Dortmund,1,2,1.7103,0.7305
D1,2022-10-29,RB Leipzig,Leverkusen,2,0,1.6323,0.142
D1,2022-10-29,Stuttgart,Augsburg,2,1,3.1205,0.7545
D1,2022-10-29,Wolfsburg,Bochum,4,0,2.5892,0.4441
E0,2022-10-29,Bournemouth,Tottenham,2,3,0.8875,2.1946
E0,2022-10-29,Brentford,Wolves,1,1,1.2926,0.5576
E0,2022-10-29,Brighton,Chelsea,4,1,2.881,1.0755
E0,2022-10-29,Crystal Palace,Southampton,1,0,1.0038,1.358
E0,2022-10-29,Fulham,Everton,0,0,1.7644,1.1917
E0,2022-10-29,Leicester,Man City,0,1,0.6936,0.7038
E0,2022-10-29,Liverpool,Leeds,1,2,1.9089,1.6127
E0,2022-10-29,Newcastle,Aston Villa,4,0,4.1881,0.2708
F1,2022-10-29,Paris SG,Troyes,4,3,2.6797,1.6018
F1,2022-10-29,Strasbourg,Marseille,2,2,0.8907,1.9387
I1,2022-10-29,Inter,Sampdoria,3,0,2.5278,0.3325
I1,2022-10-29,Lecce,Juventus,0,1,0.1662,0.5123
I1,2022-10-29,Napoli,Sassuolo,4,0,2.4621,1.0297
SP1,2022-10-29,Almeria,Celta,3,1,2.3053,0.1979
SP1,2022-10-29,Cadiz,Ath Madrid,3,2,1.5891,1.7974
SP1,2022-10-29,Sevilla,Vallecano,0,1,0.9781,0.7734
SP1,2022-10-29,Valencia,Barcelona,0,1,0.1874,2.3342
D1,2022-10-30,FC Koln,Hoffenheim,1,1,0.9797,0.779
D1,2022-10-30,Schalke 04,Freiburg,0,2,0.8414,2.2533
D1,2022-10-30,Union Berlin,M'gladbach,2,1,1.2867,1.0124
E0,2022-10-30,Arsenal,Nott'm Forest,5,0,3.007,0.2061
E0,2022-10-30,Man United,West Ham,1,0,1.7514,1.0003
F1,2022-10-30,Auxerre,Ajaccio,1,0,0.9258,0.5002
F1,2022-10-30,Brest,Reims,0,0,1.5479,0.983
F1,2022-10-30,Lorient,Nice,1,2,1.2878,2.1985
F1,2022-10-30,Lyon,Lille,1,0,1.1935,1.6212
F1,2022-10-30,Monaco,Angers,2,0,1.9399,0.437
F1,2022-10-30,Nantes,Clermont,1,1,1.9517,0.714
F1,2022-10-30,Rennes,Montpellier,3,0,1.5388,0.9753
I1,2022-10-30,Cremonese,Udinese,0,0,0.6392,1.4655
I1,2022-10-30,Empoli,Atalanta,0,2,0.6556,3.4009
I1,2022-10-30,Lazio,Salernitana,1,3,1.9758,1.4211
I1,2022-10-30,Spezia,Fiorentina,1,2,1.6142,1.5294
I1,2022-10-30,Torino,Milan,2,1,0.9127,1.0562
SP1,2022-10-30,Ath Bilbao,Villarreal,1,0,2.0569,0.2215
SP1,2022-10-30,Osasuna,Valladolid,2,0,1.9003,0.3305
SP1,2022-10-30,Real Madrid,Girona,1,1,2.6576,1.9985
SP1,2022-10-30,Sociedad,Betis,0,2,1.2816,1.3451
I1,2022-10-31,Monza,Bologna,1,2,1.0907,1.1696
I1,2022-10-31,Verona,Roma,1,3,0.2881,3.0326
SP1,2022-10-31,Elche,Getafe,0,1,1.2271,0.3727
D1,2022-11-04,M'gladbach,Stuttgart,3,1,1.3346,1.4621
F1,2022-11-04,Troyes,Auxerre,1,1,1.9377,1.458
I1,2022-11-04,Udinese,Lecce,1,1,1.6534,0.8422
SP1,2022-11-04,Girona,Ath Bilbao,2,1,1.0655,0.8117
D1,2022-11-05,Augsburg,Ein Frankfurt,1,2,1.0735,1.3156
D1,2022-11-05,Dortmund,Bochum,3,0,1.4317,0.4962
D1,2022-11-05,Hertha,Bayern Munich,2,3,1.0925,2.2333
D1,2022-11-05,Hoffenheim,RB Leipzig,1,3,1.1613,1.6635
D1,2022-11-05,Mainz,Wolfsburg,0,3,1.2448,0.8091
D1,2022-11-05,Werder Bremen,Schalke 04,2,1,1.3307,1.3513
E0,2022-11-05,Everton,Leicester,0,2,1.3729,2.2679
E0,2022-11-05,Leeds,Bournemouth,4,3,2.2253,1.5559
E0,2022-11-05,Man City,Fulham,2,1,2.3933,0.8439
E0,2022-11-05,Nott'm Forest,Brentford,2,2,1.297,1.2204
E0,2022-11-05,Wolves,Brighton,2,3,1.2925,1.8738
F1,2022-11-05,Ajaccio,Strasbourg,4,2,3.6873,0.6701
F1,2022-11-05,Angers,Lens,1,2,0.8292,2.18
I1,2022-11-05,Atalanta,Napoli,1,2,2.7948,1.7633
I1,2022-11-05,Empoli,Sassuolo,1,0,0.963,0.7241
I1,2022-11-05,Milan,Spezia,2,1,3.4076,1.45
I1,2022-11-05,Salernitana,Cremonese,2,2,1.578,1.6138
SP1,2022-11-05,Barcelona,Almeria,2,0,4.3359,0.538
SP1,2022-11-05,Celta,Osasuna,1,2,0.8248,0.3601
SP1,2022-11-05,Getafe,Cadiz,0,0,0.5171,1.2454
SP1,2022-11-05,Valladolid,Elche,2,1,2.8129,0.1985
D1,2022-11-06,Freiburg,FC Koln,2,0,1.4626,0.9955
D1,2022-11-06,Leverkusen,Union Berlin,5,0,1.7807,0.2318
E0,2022-11-06,Aston Villa,Man United,3,1,0.5786,0.5172
E0,2022-11-06,Chelsea,Arsenal,0,1,0.2788,2.3785
E0,2022-11-06,Southampton,Newcastle,1,4,1.6523,1.421
E0,2022-11-06,Tottenham,Liverpool,1,2,1.8174,1.4655
E0,2022-11-06,West Ham,Crystal Palace,1,2,0.1926,1.0334
F1,2022-11-06,Clermont,Montpellier,1,1,3.8842,1.2226
F1,2022-11-06,Lille,Rennes,1,1,2.7286,0.8009
F1,2022-11-06,Lorient,Paris SG,1,2,0.8125,2.3568
F1,2022-11-06,Marseille,Lyon,1,0,1.0727,0.6321
F1,2022-11-06,Nice,Brest,1,0,0.8135,1.083
F1,2022-11-06,Reims,Nantes,1,0,3.7095,0.5068
F1,2022-11-06,Toulouse,Monaco,0,2,0.5696,2.0318
I1,2022-11-06,Bologna,Torino,2,1,2.4459,1.0114
I1,2022-11-06,Juventus,Inter,2,0,1.5549,1.5162
I1,2022-11-06,Monza,Verona,2,0,0.7394,0.2473
I1,2022-11-06,Roma,Lazio,0,1,0.3785,0.5388
I1,2022-11-06,Sampdoria,Fiorentina,0,2,0.8,1.242
SP1,2022-11-06,Ath Madrid,Espanol,1,1,2.0231,0.8706
SP1,2022-11-06,Betis,Sevilla,1,1,1.1307,1.4959
SP1,2022-11-06,Sociedad,Valencia,1,1,1.4582,0.7958
SP1,2022-11-06,Villarreal,Mallorca,0,2,0.4299,0.704
SP1,2022-11-07,Vallecano,Real Madrid,3,2,1.6585,2.2126
D1,2022-11-08,Bayern Munich,Werder Bremen,6,1,5.7273,1.4405
D1,2022-11-08,Bochum,M'gladbach,2,1,1.6857,0.7666
D1,2022-11-08,Stuttgart,Hertha,2,1,2.0022,1.0523
D1,2022-11-08,Wolfsburg,Dortmund,2,0,2.9101,1.2969
I1,2022-11-08,Cremonese,Milan,0,0,0.1922,1.2958
I1,2022-11-08,Napoli,Empoli,2,0,1.8952,0.2053
I1,2022-11-08,Spezia,Udinese,1,1,2.3694,0.5077
SP1,2022-11-08,Ath Bilbao,Valladolid,3,0,2.6573,0.4811
SP1,2022-11-08,Elche,Girona,1,2,0.9145,2.2088
SP1,2022-11-08,Osasuna,Barcelona,1,2,1.2356,1.0147
D1,2022-11-09,Ein Frankfurt,Hoffenheim,4,2,3.7819,1.5283
D1,2022-11-09,FC Koln,Leverkusen,1,2,1.3813,1.0447
D1,2022-11-09,RB Leipzig,Freiburg,3,1,3.2887,0.1481
D1,2022-11-09,Schalke 04,Mainz,1,0,1.9796,0.6089
D1,2022-11-09,Union Berlin,Augsburg,2,2,1.8401,0.2944
I1,2022-11-09,Fiorentina,Salernitana,2,1,2.5297,0.5421
I1,2022-11-09,Inter,Bologna,6,1,2.7831,0.6577
I1,2022-11-09,Lecce,Atalanta,2,1,1.7896,1.2762
I1,2022-11-09,Sassuolo,Roma,1,1,1.2451,0.7588
I1,2022-11-09,Torino,Sampdoria,2,0,0.4799,0.6133
SP1,2022-11-09,Almeria,Getafe,1,0,0.3463,0.4519
SP1,2022-11-09,Espanol,Villarreal,0,1,0.8419,0.7501
SP1,2022-11-09,Mallorca,Ath Madrid,1,0,1.4659,1.506
SP1,2022-11-09,Sevilla,Sociedad,1,2,0.6976,2.1885
I1,2022-11-10,Lazio,Monza,1,0,1.3078,0.5782
I1,2022-11-10,Verona,Juventus,0,1,1.1451,0.878
SP1,2022-11-10,Real Madrid,Cadiz,2,1,1.7311,1.1167
SP1,2022-11-10,Valencia,Betis,3,0,2.2469,0.3076
SP1,2022-11-10,Vallecano,Celta,0,0,0.4425,0.6776
D1,2022-11-11,M'gladbach,Dortmund,4,2,2.6401,3.6823
F1,2022-11-11,Lyon,Nice,1,1,1.1563,1.7108
I1,2022-11-11,Empoli,Cremonese,2,0,2.652,1.3457
D1,2022-11-12,Augsburg,Bochum,0,1,2.3458,1.1353
D1,2022-11-12,Hertha,FC Koln,2,0,2.1344,1.937
D1,2022-11-12,Hoffenheim,Wolfsburg,1,2,1.4235,0.949
D1,2022-11-12,Leverkusen,Stuttgart,2,0,1.883,0.2771
D1,2022-11-12,Schalke 04,Bayern Munich,0,2,0.8918,1.6523
D1,2022-11-12,Werder Bremen,RB Leipzig,1,2,1.0347,2.1323
E0,2022-11-12,Bournemouth,Everton,3,0,2.4564,0.7688
E0,2022-11-12,Liverpool,Southampton,3,1,2.7442,1.4343
E0,2022-11-12,Man City,Brentford,1,2,1.605,3.2901
E0,2022-11-12,Newcastle,Chelsea,1,0,1.3601,0.3591
E0,2022-11-12,Nott'm Forest,Crystal Palace,1,0,1.2375,1.1455
E0,2022-11-12,Tottenham,Leeds,4,3,2.5805,1.7173
E0,2022-11-12,West Ham,Leicester,0,2,0.7207,1.6057
E0,2022-11-12,Wolves,Arsenal,0,2,0.5123,2.28
F1,2022-11-12,Lens,Clermont,2,1,1.4242,0.2131
F1,2022-11-12,Rennes,Toulouse,2,1,1.9479,1.1168
I1,2022-11-12,Bologna,Sassuolo,3,0,0.762,0.7936
I1,2022-11-12,Napoli,Udinese,3,2,1.5294,1.0065
I1,2022-11-12,Sampdoria,Lecce,0,2,0.853,1.067
D1,2022-11-13,Freiburg,Union Berlin,4,1,2.6902,1.6555
D1,2022-11-13,Mainz,Ein Frankfurt,1,1,1.7863,1.398
E0,2022-11-13,Brighton,Aston Villa,1,2,0.8291,1.1544
E0,2022-11-13,Fulham,Man United,1,2,1.7022,3.3766
F1,2022-11-13,Brest,Troyes,2,1,2.2114,0.4443
F1,2022-11-13,Lille,Angers,1,0,1.0761,0.4481
F1,2022-11-13,Monaco,Marseille,2,3,1.5266,2.7142
F1,2022-11-13,Montpellier,Reims,1,1,2.0746,2.1264
F1,2022-11-13,Nantes,Ajaccio,2,2,0.9827,2.4087
F1,2022-11-13,Paris SG,Auxerre,5,0,2.2232,0.6029
F1,2022-11-13,Strasbourg,Lorient,1,1,1.8488,0.8775
I1,2022-11-13,Atalanta,Inter,2,3,2.0623,1.9305
I1,2022-11-13,Juventus,Lazio,3,0,1.7027,0.3863
I1,2022-11-13,Milan,Fiorentina,2,1,1.968,0.858
I1,2022-11-13,Monza,Salernitana,3,0,3.0821,0.2184
I1,2022-11-13,Roma,Torino,1,1,1.3453,0.8477
I1,2022-11-13,Verona,Spezia,1,2,2.1655,0.7522
E0,2022-12-26,Arsenal,West Ham,3,1,1.8883,1.0265
E0,2022-12-26,Aston Villa,Liverpool,1,3,1.6916,3.5069
E0,2022-12-26,Brentford,Tottenham,2,2,2.2526,0.8838
E0,2022-12-26,Crystal Palace,Fulham,0,3,0.4218,2.6993
E0,2022-12-26,Everton,Wolves,1,2,1.2265,1.2208
E0,2022-12-26,Leicester,Newcastle,0,3,0.311,1.7638
E0,2022-12-26,Southampton,Brighton,1,3,1.7071,1.0071
E0,2022-12-27,Chelsea,Bournemouth,2,0,1.9138,0.4431
E0,2022-12-27,Man United,Nott'm Forest,3,0,2.1367,0.4771
E0,2022-12-28,Leeds,Man City,1,3,0.6038,4.1625
F1,2022-12-28,Ajaccio,Angers,1,0,1.6857,2.1345
F1,2022-12-28,Auxerre,Monaco,2,3,1.3299,1.3606
F1,2022-12-28,Brest,Lyon,2,4,1.1351,3.185
F1,2022-12-28,Clermont,Lille,0,2,0.5111,1.7933
F1,2022-12-28,Paris SG,Strasbourg,2,1,2.1176,1.1354
F1,2022-12-28,Troyes,Nantes,0,0,0.2026,1.7073
F1,2022-12-29,Lorient,Montpellier,0,2,1.1323,1.9993
F1,2022-12-29,Marseille,Toulouse,6,1,3.908,1.7307
F1,2022-12-29,Nice,Lens,0,0,1.1957,1.1799
F1,2022-12-29,Reims,Rennes,3,1,1.3724,1.567
SP1,2022-12-29,Ath Madrid,Elche,2,0,1.7444,0.5689
SP1,2022-12-29,Betis,Ath Bilbao,0,0,0.5418,0.3581
SP1,2022-12-29,Girona,Vallecano,2,2,2.2683,1.3213
E0,2022-12-30,Liverpool,Leicester,2,1,2.0246,0.8633
E0,2022-12-30,West Ham,Brentford,0,2,1.1398,1.5144
SP1,2022-12-30,Cadiz,Almeria,1,1,1.5783,2.2299
SP1,2022-12-30,Celta,Sevilla,1,1,1.6646,0.5944
SP1,2022-12-30,Getafe,Mallorca,2,0,1.3275,0.3597
SP1,2022-12-30,Valladolid,Real Madrid,0,2,0.5351,2.5342
E0,2022-12-31,Bournemouth,Crystal Palace,0,2,0.8958,1.7526
E0,2022-12-31,Brighton,Arsenal,2,4,1.1566,3.2211
E0,2022-12-31,Fulham,Southampton,2,1,1.493,0.6987
E0,2022-12-31,Man City,Everton,1,1,2.3633,0.076
E0,2022-12-31,Newcastle,Leeds,0,0,2.7885,0.5171
E0,2022-12-31,Wolves,Man United,0,1,0.5877,2.4473
SP1,2022-12-31,Barcelona,Espanol,1,1,2.7456,0.8468
SP1,2022-12-31,Sociedad,Osasuna,2,0,1.5431,0.3056
SP1,2022-12-31,Villarreal,Valencia,2,1,2.3735,1.1671
E0,2023-01-01,Nott'm Forest,Chelsea,1,1,0.9852,1.3731
E0,2023-01-01,Tottenham,Aston Villa,0,2,0.5694,1.2173
F1,2023-01-01,Angers,Lorient,1,2,2.1745,0.4402
F1,2023-01-01,Lens,Paris SG,3,1,1.7982,1.9776
F1,2023-01-01,Lyon,Clermont,0,1,0.7362,1.2056
F1,2023-01-01,Monaco,Brest,1,0,1.1136,0.9841
F1,2023-01-01,Nantes,Auxerre,1,0,0.8708,0.9408
F1,2023-01-01,Toulouse,Ajaccio,2,0,1.3352,0.0445
E0,2023-01-02,Brentford,Liverpool,3,1,2.0991,2.1046
F1,2023-01-02,Lille,Reims,1,1,2.6897,1.236
F1,2023-01-02,Montpellier,Marseille,1,2,1.1093,1.3399
F1,2023-01-02,Rennes,Nice,2,1,1.7818,0.396
F1,2023-01-02,Strasbourg,Troyes,2,3,1.1533,1.3278
E0,2023-01-03,Arsenal,Newcastle,0,0,0.9706,0.9595
E0,2023-01-03,Everton,Brighton,1,4,1.169,2.5073
E0,2023-01-03,Leicester,Fulham,0,1,1.4522,1.3349
E0,2023-01-03,Man United,Bournemouth,3,0,2.9738,0.679
E0,2023-01-04,Aston Villa,Wolves,1,1,1.0323,0.8325
E0,2023-01-04,Crystal Palace,Tottenham,0,4,0.7875,1.6651
E0,2023-01-04,Leeds,West Ham,2,2,1.2577,1.2925
E0,2023-01-04,Southampton,Nott'm Forest,0,1,0.6294,1.2232
I1,2023-01-04,Cremonese,Juventus,0,1,0.6989,1.6146
I1,2023-01-04,Fiorentina,Monza,1,1,1.4869,1.5413
I1,2023-01-04,Inter,Napoli,1,0,1.4695,1.0946
I1,2023-01-04,Lecce,Lazio,2,1,1.1776,0.7062
I1,2023-01-04,Roma,Bologna,1,0,2.0807,0.753
I1,2023-01-04,Salernitana,Milan,1,2,0.6801,3.8128
I1,2023-01-04,Sassuolo,Sampdoria,1,2,1.4498,0.8514
I1,2023-01-04,Spezia,Atalanta,2,2,1.3935,1.8064
I1,2023-01-04,Torino,Verona,1,1,0.4687,1.4114
I1,2023-01-04,Udinese,Empoli,1,1,1.3167,0.6609
E0,2023-01-05,Chelsea,Man City,0,1,0.4936,1.7197
SP1,2023-01-06,Elche,Celta,0,1,1.1449,1.9713
SP1,2023-01-06,Valencia,Cadiz,0,1,0.4955,0.4342
I1,2023-01-07,Fiorentina,Sassuolo,2,1,3.0854,1.7542
I1,2023-01-07,Juventus,Udinese,1,0,2.593,0.3069
I1,2023-01-07,Monza,Inter,2,2,1.4187,1.615
SP1,2023-01-07,Espanol,Girona,2,2,1.2673,1.6578
SP1,2023-01-07,Mallorca,Valladolid,1,0,1.5284,0.4345
SP1,2023-01-07,Villarreal,Real Madrid,2,1,2.4174,2.1667
I1,2023-01-08,Lazio,Empoli,2,2,1.3124,0.5992
I1,2023-01-08,Milan,Roma,2,2,1.0908,1.1086
I1,2023-01-08,Salernitana,Torino,1,1,0.5811,2.3768
I1,2023-01-08,Sampdoria,Napoli,0,2,0.3844,3.4171
I1,2023-01-08,Spezia,Lecce,0,0,0.6573,0.9565
SP1,2023-01-08,Almeria,Sociedad,0,2,0.3098,2.1167
SP1,2023-01-08,Ath Madrid,Barcelona,0,1,1.9357,1.2362
SP1,2023-01-08,Sevilla,Getafe,2,1,1.2164,1.1752
SP1,2023-01-08,Vallecano,Betis,1,2,1.3898,0.7351
I1,2023-01-09,Bologna,Atalanta,1,2,0.3863,0.6854
I1,2023-01-09,Verona,Cremonese,2,0,1.9278,0.8103
SP1,2023-01-09,Ath Bilbao,Osasuna,0,0,1.1756,0.4277
F1,2023-01-11,Ajaccio,Reims,0,1,0.8129,1.1627
F1,2023-01-11,Auxerre,Toulouse,0,5,1.1986,2.3279
F1,2023-01-11,Brest,Lille,0,0,0.5671,0.9527
F1,2023-01-11,Clermont,Rennes,2,1,1.9266,0.9006
F1,2023-01-11,Lorient,Monaco,2,2,1.4074,1.616
F1,2023-01-11,Nantes,Lyon,0,0,1.2382,0.7163
F1,2023-01-11,Nice,Montpellier,6,1,3.4766,0.2263
F1,2023-01-11,Paris SG,Angers,2,0,1.6627,0.3414
F1,2023-01-11,Strasbourg,Lens,2,2,1.1547,1.5001
F1,2023-01-11,Troyes,Marseille,0,2,0.2076,2.6517
E0,2023-01-12,Fulham,Chelsea,2,1,0.7113,2.3991
E0,2023-01-13,Aston Villa,Leeds,2,1,1.646,2.463
I1,2023-01-13,Napoli,Juventus,5,1,2.2358,0.9626
SP1,2023-01-13,Celta,Villarreal,1,1,2.4581,0.105
E0,2023-01-14,Brentford,Bournemouth,2,0,1.2981,0.2693
E0,2023-01-14,Brighton,Liverpool,3,0,2.4006,1.2885
E0,2023-01-14,Everton,Southampton,1,2,1.1819,1.0841
E0,2023-01-14,Man United,Man City,2,1,1.9823,0.7369
E0,2023-01-14,Nott'm Forest,Leicester,2,0,1.7531,0.8034
E0,2023-01-14,Wolves,West Ham,1,0,0.8062,0.7351
F1,2023-01-14,Lens,Auxerre,1,0,1.695,0.1716
F1,2023-01-14,Lyon,Strasbourg,1,2,2.4685,1.1548
F1,2023-01-14,Marseille,Lorient,3,1,2.0348,0.4916
I1,2023-01-14,Cremonese,Monza,2,3,0.4564,2.4933
I1,2023-01-14,Inter,Verona,1,0,0.6084,0.1838
I1,2023-01-14,Lecce,Milan,2,2,1.8256,1.5119
SP1,2023-01-14,Girona,Sevilla,2,1,2.8461,0.7844
SP1,2023-01-14,Osasuna,Mallorca,1,0,1.1914,0.5233
SP1,2023-01-14,Sociedad,Ath Bilbao,3,1,1.8884,0.2651
SP1,2023-01-14,Valladolid,Vallecano,0,1,0.611,1.17
E0,2023-01-15,Chelsea,Crystal Palace,1,0,2.1299,0.8374
E0,2023-01-15,Newcastle,Fulham,1,0,1.9626,0.9899
E0,2023-01-15,Tottenham,Arsenal,0,2,1.7103,2.0423
F1,2023-01-15,Angers,Clermont,1,2,0.3947,2.1061
F1,2023-01-15,Lille,Troyes,5,1,4.3068,0.9815
F1,2023-01-15,Monaco,Ajaccio,7,1,4.1671,0.2156
F1,2023-01-15,Montpellier,Nantes,0,3,1.1085,0.9036
F1,2023-01-15,Reims,Nice,0,0,0.9754,0.6706
F1,2023-01-15,Rennes,Paris SG,1,0,1.0626,0.6031
F1,2023-01-15,Toulouse,Brest,1,1,1.5476,0.7546
I1,2023-01-15,Atalanta,Salernitana,8,2,3.2187,0.5352
I1,2023-01-15,Roma,Fiorentina,2,0,1.2159,0.378
I1,2023-01-15,Sassuolo,Lazio,0,2,0.7013,2.7907
I1,2023-01-15,Torino,Spezia,0,1,0.945,1.5618
I1,2023-01-15,Udinese,Bologna,1,2,2.4478,1.9652
SP1,2023-01-15,Almeria,Ath Madrid,1,1,1.0821,2.0835
SP1,2023-01-15,Getafe,Espanol,1,2,0.4965,0.4602
I1,2023-01-16,Empoli,Sampdoria,1,0,1.9569,1.1761
SP1,2023-01-16,Cadiz,Elche,1,1,1.402,0.6547
E0,2023-01-18,Crystal Palace,Man United,1,1,0.4133,1.3944
E0,2023-01-19,Man City,Tottenham,4,2,2.3417,1.165
D1,2023-01-20,RB Leipzig,Bayern Munich,1,1,1.0307,0.8135
SP1,2023-01-20,Mallorca,Celta,1,0,0.404,0.4254
D1,2023-01-21,Bochum,Hertha,3,1,1.6745,0.7325
D1,2023-01-21,Ein Frankfurt,Schalke 04,3,0,1.6811,2.3782
D1,2023-01-21,FC Koln,Werder Bremen,7,1,3.1904,0.2528
D1,2023-01-21,Stuttgart,Mainz,1,1,1.8803,1.3803
D1,2023-01-21,Union Berlin,Hoffenheim,3,1,2.4806,0.9665
D1,2023-01-21,Wolfsburg,Freiburg,6,0,2.8808,0.8087
E0,2023-01-21,Bournemouth,Nott'm Forest,1,1,1.8055,1.5754
E0,2023-01-21,Crystal Palace,Newcastle,0,0,0.3332,1.4438
E0,2023-01-21,Leicester,Brighton,2,2,1.3594,1.9449
E0,2023-01-21,Liverpool,Chelsea,0,0,1.3013,1.8447
E0,2023-01-21,Southampton,Aston Villa,0,1,0.6724,1.1643
E0,2023-01-21,West Ham,Everton,2,0,2.4688,0.2868
I1,2023-01-21,Fiorentina,Torino,0,1,1.0275,0.7703
I1,2023-01-21,Salernitana,Napoli,0,2,0.4802,1.8221
I1,2023-01-21,Verona,Lecce,2,0,0.625,0.8354
SP1,2023-01-21,Ath Madrid,Valladolid,3,0,4.1141,0.4218
SP1,2023-01-21,Espanol,Betis,1,0,2.1617,0.8355
SP1,2023-01-21,Sevilla,Cadiz,1,0,1.6603,0.0765
SP1,2023-01-21,Vallecano,Sociedad,0,2,0.6418,1.4361
D1,2023-01-22,Dortmund,Augsburg,4,3,3.2702,1.9291
D1,2023-01-22,M'gladbach,Leverkusen,2,3,0.9939,1.6847
E0,2023-01-22,Arsenal,Man United,3,2,2.9027,0.2722
E0,2023-01-22,Leeds,Brentford,0,0,0.3747,0.1711
E0,2023-01-22,Man City,Wolves,3,0,3.3276,0.4693
I1,2023-01-22,Juventus,Atalanta,3,3,1.9181,1.1659
I1,2023-01-22,Monza,Sassuolo,1,1,0.9659,1.7069
I1,2023-01-22,Sampdoria,Udinese,0,1,1.6051,1.573
I1,2023-01-22,Spezia,Roma,0,2,0.2273,1.9435
SP1,2023-01-22,Ath Bilbao,Real Madrid,0,2,1.156,0.947
SP1,2023-01-22,Barcelona,Getafe,1,0,0.7121,1.2457
SP1,2023-01-22,Elche,Osasuna,1,1,2.3624,0.6078
SP1,2023-01-22,Villarreal,Girona,1,0,2.7955,0.6375
E0,2023-01-23,Fulham,Tottenham,0,1,1.0934,0.9938
I1,2023-01-23,Bologna,Cremonese,1,1,0.8505,1.7998
I1,2023-01-23,Inter,Empoli,0,1,1.3973,0.8545
SP1,2023-01-23,Valencia,Almeria,2,2,2.707,1.6883
D1,2023-01-24,Bayern Munich,FC Koln,1,1,1.4893,0.7826
D1,2023-01-24,Hertha,Wolfsburg,0,5,0.5729,2.9488
D1,2023-01-24,Hoffenheim,Stuttgart,2,2,1.8214,0.6583
D1,2023-01-24,Schalke 04,RB Leipzig,1,6,0.5036,4.2344
I1,2023-01-24,Lazio,Milan,4,0,2.8118,1.0408
D1,2023-01-25,Augsburg,M'gladbach,1,0,0.8697,0.5124
D1,2023-01-25,Freiburg,Ein Frankfurt,1,1,1.7861,0.2619
D1,2023-01-25,Leverkusen,Bochum,2,0,1.8906,0.8218
D1,2023-01-25,Mainz,Dortmund,1,2,0.8497,1.1587
D1,2023-01-25,Werder Bremen,Union Berlin,1,2,0.5666,1.0541
D1,2023-01-27,RB Leipzig,Stuttgart,2,1,1.5915,1.8697
F1,2023-01-27,Lorient,Rennes,2,1,0.9891,1.9418
I1,2023-01-27,Bologna,Spezia,2,0,1.8651,0.4859
I1,2023-01-27,Lecce,Salernitana,1,2,1.3906,0.7673
SP1,2023-01-27,Almeria,Espanol,3,1,2.18,0.8058
D1,2023-01-28,Bayern Munich,Ein Frankfurt,1,1,1.38,0.8829
D1,2023-01-28,Freiburg,Augsburg,3,1,1.9223,2.0044
D1,2023-01-28,Hertha,Union Berlin,0,2,0.4646,0.8843
D1,2023-01-28,Hoffenheim,M'gladbach,1,4,1.9604,1.7994
D1,2023-01-28,Mainz,Bochum,5,2,2.8684,0.9121
D1,2023-01-28,Werder Bremen,Wolfsburg,2,1,1.8006,0.6966
F1,2023-01-28,Marseille,Monaco,1,1,1.772,1.5519
F1,2023-01-28,Troyes,Lens,1,1,0.9373,2.4345
I1,2023-01-28,Atalanta,Sampdoria,2,0,1.8258,0.9601
I1,2023-01-28,Cremonese,Inter,1,2,0.7235,2.3757
I1,2023-01-28,Empoli,Torino,2,2,0.786,1.264
SP1,2023-01-28,Cadiz,Mallorca,2,0,1.8313,0.3068
SP1,2023-01-28,Getafe,Betis,0,1,0.2064,2.0004
SP1,2023-01-28,Girona,Barcelona,0,1,0.8938,0.981
SP1,2023-01-28,Sevilla,Elche,3,0,3.273,0.3406
D1,2023-01-29,Leverkusen,Dortmund,0,2,1.845,0.9778
D1,2023-01-29,Schalke 04,FC Koln,0,0,1.1169,0.3292
F1,2023-01-29,Ajaccio,Lyon,0,2,1.446,2.0273
F1,2023-01-29,Auxerre,Montpellier,0,2,1.7852,0.7869
F1,2023-01-29,Brest,Angers,4,0,1.6208,1.0014
F1,2023-01-29,Clermont,Nantes,0,0,0.6392,0.1246
F1,2023-01-29,Nice,Lille,1,0,1.3887,2.0697
F1,2023-01-29,Paris SG,Reims,1,1,1.9947,1.6335
F1,2023-01-29,Strasbourg,Toulouse,1,2,0.8999,2.0502
I1,2023-01-29,Juventus,Monza,0,2,1.3771,1.374
I1,2023-01-29,Lazio,Fiorentina,1,1,1.2587,1.2723
I1,2023-01-29,Milan,Sassuolo,2,5,0.5,2.0728
I1,2023-01-29,Napoli,Roma,2,1,1.0011,0.8402
SP1,2023-01-29,Celta,Ath Bilbao,1,0,0.6146,0.2326
SP1,2023-01-29,Osasuna,Ath Madrid,0,1,0.7414,1.2974
SP1,2023-01-29,Real Madrid,Sociedad,0,0,1.4048,0.3701
SP1,2023-01-29,Valladolid,Valencia,1,0,1.4705,1.0573
I1,2023-01-30,Udinese,Verona,1,1,2.4832,0.4863
SP1,2023-01-30,Villarreal,Vallecano,0,1,1.1968,0.8301
F1,2023-02-01,Angers,Ajaccio,1,2,0.4138,1.1871
F1,2023-02-01,Lens,Nice,0,1,0.3968,2.165
F1,2023-02-01,Lille,Clermont,0,0,1.7519,1.536
F1,2023-02-01,Lyon,Brest,0,0,2.2988,0.509
F1,2023-02-01,Monaco,Auxerre,3,2,1.9772,1.1306
F1,2023-02-01,Montpellier,Paris SG,1,3,0.2701,4.0011
F1,2023-02-01,Nantes,Marseille,0,2,1.403,1.9431
F1,2023-02-01,Reims,Lorient,4,2,3.6138,0.7068
F1,2023-02-01,Rennes,Strasbourg,3,0,1.2565,0.1414
F1,2023-02-01,Toulouse,Troyes,4,1,2.9493,1.2545
SP1,2023-02-01,Betis,Barcelona,1,2,0.7606,2.3834
SP1,2023-02-02,Real Madrid,Valencia,2,0,2.6045,0.2135
D1,2023-02-03,Augsburg,Leverkusen,1,0,0.9244,0.4615
E0,2023-02-03,Chelsea,Fulham,0,0,1.4147,0.4933
SP1,2023-02-03,Ath Bilbao,Cadiz,4,1,2.3021,1.5535
D1,2023-02-04,Bochum,Hoffenheim,5,2,2.7472,0.8231
D1,2023-02-04,Dortmund,Freiburg,5,1,2.1042,0.2438
D1,2023-02-04,Ein Frankfurt,Hertha,3,0,2.0023,0.9396
D1,2023-02-04,FC Koln,RB Leipzig,0,0,0.6071,1.0003
D1,2023-02-04,M'gladbach,Schalke 04,0,0,1.1291,1.1827
D1,2023-02-04,Union Berlin,Mainz,2,1,0.9782,1.0928
E0,2023-02-04,Aston Villa,Leicester,2,4,1.4989,2.4978
E0,2023-02-04,Brentford,Southampton,3,0,2.3675,0.6444
E0,2023-02-04,Brighton,Bournemouth,1,0,2.557,0.9083
E0,2023-02-04,Everton,Arsenal,1,0,2.0919,0.6901
E0,2023-02-04,Man United,Crystal Palace,2,1,2.0703,1.3798
E0,2023-02-04,Newcastle,West Ham,1,1,1.2288,1.2783
E0,2023-02-04,Wolves,Liverpool,3,0,2.6333,1.3019
F1,2023-02-04,Paris SG,Toulouse,2,1,1.8043,0.7288
F1,2023-02-04,Rennes,Lille,1,3,2.1874,2.3524
F1,2023-02-04,Troyes,Lyon,1,3,0.6999,1.3071
I1,2023-02-04,Cremonese,Lecce,0,2,0.5971,1.5587
I1,2023-02-04,Roma,Empoli,2,0,2.2831,1.421
I1,2023-02-04,Sassuolo,Atalanta,1,0,1.1122,0.2955
SP1,2023-02-04,Ath Madrid,Getafe,1,1,1.0134,1.1366
SP1,2023-02-04,Betis,Celta,3,4,3.5412,2.3043
SP1,2023-02-04,Elche,Villarreal,3,1,2.8899,1.4892
SP1,2023-02-04,Espanol,Osasuna,1,1,1.5639,0.9195
D1,2023-02-05,Stuttgart,Werder Bremen,0,2,1.4882,0.4506
D1,2023-02-05,Wolfsburg,Bayern Munich,2,4,2.3946,0.5687
E0,2023-02-05,Nott'm Forest,Leeds,1,0,0.3325,1.1233
E0,2023-02-05,Tottenham,Man City,1,0,1.4217,0.7737
F1,2023-02-05,Ajaccio,Nantes,0,2,0.2234,1.5685
F1,2023-02-05,Auxerre,Reims,0,0,0.6104,0.4061
F1,2023-02-05,Brest,Lens,1,1,2.1704,2.2647
F1,2023-02-05,Clermont,Monaco,0,2,0.2768,1.4663
F1,2023-02-05,Lorient,Angers,0,0,0.6875,0.5848
F1,2023-02-05,Marseille,Nice,1,3,2.6107,1.4814
F1,2023-02-05,Strasbourg,Montpellier,2,0,1.5163,0.6137
I1,2023-02-05,Fiorentina,Bologna,1,2,1.3353,1.8244
I1,2023-02-05,Inter,Milan,1,0,0.7617,0.2088
I1,2023-02-05,Spezia,Napoli,0,3,0.4074,1.804
I1,2023-02-05,Torino,Udinese,1,0,1.3963,0.461
SP1,2023-02-05,Barcelona,Sevilla,3,0,3.0976,0.0414
SP1,2023-02-05,Girona,Valencia,1,0,2.5701,0.8778
SP1,2023-02-05,Mallorca,Real Madrid,1,0,0.2416,1.3984
SP1,2023-02-05,Sociedad,Valladolid,0,1,1.2159,0.7815
I1,2023-02-06,Monza,Sampdoria,2,2,2.174,1.5131
I1,2023-02-06,Verona,Lazio,1,1,1.2116,0.7554
SP1,2023-02-06,Vallecano,Almeria,2,0,1.3808,1.3755
I1,2023-02-07,Salernitana,Juventus,0,3,0.5161,2.897
E0,2023-02-08,Man United,Leeds,2,2,2.0001,0.5548
D1,2023-02-10,Schalke 04,Wolfsburg,0,0,0.9994,1.3971
F1,2023-02-10,Nice,Ajaccio,3,0,0.5685,0.2646
I1,2023-02-10,Milan,Torino,1,0,1.7334,0.7622
SP1,2023-02-10,Cadiz,Girona,2,0,0.7179,0.2136
D1,2023-02-11,Bayern Munich,Bochum,3,0,4.376,0.2424
D1,2023-02-11,Freiburg,Stuttgart,2,1,2.2105,1.0274
D1,2023-02-11,Hoffenheim,Leverkusen,1,3,0.7816,1.4766
D1,2023-02-11,Mainz,Augsburg,3,1,4.0075,1.4545
D1,2023-02-11,RB Leipzig,Union Berlin,1,2,0.8914,1.0413
D1,2023-02-11,Werder Bremen,Dortmund,0,2,0.5875,2.6656
E0,2023-02-11,Arsenal,Brentford,1,1,1.3674,2.1754
E0,2023-02-11,Bournemouth,Newcastle,1,1,1.5446,1.5485
E0,2023-02-11,Crystal Palace,Brighton,1,1,0.9283,2.6498
E0,2023-02-11,Fulham,Nott'm Forest,2,0,1.697,0.6868
E0,2023-02-11,Leicester,Tottenham,4,1,1.4121,1.1171
E0,2023-02-11,Southampton,Wolves,1,2,1.302,0.6157
E0,2023-02-11,West Ham,Chelsea,1,1,1.0761,0.9005
F1,2023-02-11,Clermont,Marseille,0,2,1.0899,2.1094
F1,2023-02-11,Monaco,Paris SG,3,1,3.8036,0.9329
I1,2023-02-11,Empoli,Spezia,2,2,1.3108,1.8587
I1,2023-02-11,Lazio,Atalanta,0,2,0.7501,3.3502
I1,2023-02-11,Lecce,Roma,1,1,0.3856,1.9116
SP1,2023-02-11,Almeria,Betis,2,3,2.0094,3.3067
SP1,2023-02-11,Sevilla,Mallorca,2,0,2.168,0.2068
SP1,2023-02-11,Valencia,Ath Bilbao,1,2,1.6755,1.3475
D1,2023-02-12,FC Koln,Ein Frankfurt,3,0,1.7219,0.3688
D1,2023-02-12,Hertha,M'gladbach,4,1,2.6479,0.4213
E0,2023-02-12,Leeds,Man United,0,2,1.8916,1.3037
E0,2023-02-12,Man City,Aston Villa,3,1,3.6099,0.2753
F1,2023-02-12,Angers,Auxerre,1,1,0.4458,2.487
F1,2023-02-12,Lille,Strasbourg,2,0,3.6543,0.1743
F1,2023-02-12,Lyon,Lens,2,1,1.5289,1.3082
F1,2023-02-12,Montpellier,Brest,3,0,3.9491,0.4686
F1,2023-02-12,Nantes,Lorient,1,0,1.6417,1.6303
F1,2023-02-12,Reims,Troyes,4,0,2.1065,0.5696
F1,2023-02-12,Toulouse,Rennes,3,1,2.713,1.1965
I1,2023-02-12,Bologna,Monza,0,1,0.4351,0.7717
I1,2023-02-12,Juventus,Fiorentina,1,0,1.4881,0.6645
I1,2023-02-12,Napoli,Cremonese,3,0,1.8883,0.1572
I1,2023-02-12,Udinese,Sassuolo,2,2,1.266,0.3664
SP1,2023-02-12,Celta,Ath Madrid,0,1,1.057,0.9556
SP1,2023-02-12,Getafe,Vallecano,1,1,1.2374,1.7052
SP1,2023-02-12,Valladolid,Osasuna,0,0,1.9645,1.0357
SP1,2023-02-12,Villarreal,Barcelona,0,1,1.0515,1.3783
E0,2023-02-13,Liverpool,Everton,2,0,2.2329,0.4023
I1,2023-02-13,Sampdoria,Inter,0,0,0.4782,1.5347
I1,2023-02-13,Verona,Salernitana,1,0,1.4109,0.8312
SP1,2023-02-13,Espanol,Sociedad,2,3,1.2573,1.2072
E0,2023-02-15,Arsenal,Man City,1,3,1.7014,2.0084
SP1,2023-02-15,Real Madrid,Elche,4,0,4.0436,0.6191
D1,2023-02-17,Augsburg,Hoffenheim,1,0,1.4816,0.4462
F1,2023-02-17,Auxerre,Lyon,2,1,1.3478,0.7189
I1,2023-02-17,Sassuolo,Napoli,0,2,0.8345,2.1665
SP1,2023-02-17,Girona,Almeria,6,2,3.2259,1.237
D1,2023-02-18,Bochum,Freiburg,0,2,1.4084,2.3993
D1,2023-02-18,Ein Frankfurt,Werder Bremen,2,0,2.0815,0.1508
D1,2023-02-18,M'gladbach,Bayern Munich,3,2,2.2657,1.2223
D1,2023-02-18,Stuttgart,FC Koln,3,0,1.6984,0.4521
D1,2023-02-18,Wolfsburg,RB Leipzig,0,3,0.2641,3.048
E0,2023-02-18,Aston Villa,Arsenal,2,4,0.3358,2.8598
E0,2023-02-18,Brentford,Crystal Palace,1,1,0.6101,1.122
E0,2023-02-18,Brighton,Fulham,0,1,2.7138,0.2242
E0,2023-02-18,Chelsea,Southampton,0,1,1.6172,0.6195
E0,2023-02-18,Everton,Leeds,1,0,1.5381,0.5974
E0,2023-02-18,Newcastle,Liverpool,0,2,1.7485,2.1655
E0,2023-02-18,Nott'm Forest,Man City,1,1,1.1274,2.8097
E0,2023-02-18,Wolves,Bournemouth,0,1,0.9114,1.1527
F1,2023-02-18,Nice,Reims,0,0,1.5326,1.2872
F1,2023-02-18,Strasbourg,Angers,2,1,1.9496,1.0497
I1,2023-02-18,Inter,Udinese,3,1,2.7362,0.6402
I1,2023-02-18,Monza,Milan,0,1,0.4063,2.87
I1,2023-02-18,Sampdoria,Bologna,1,2,2.6039,0.714
SP1,2023-02-18,Betis,Valladolid,2,1,2.2182,0.979
SP1,2023-02-18,Mallorca,Villarreal,4,2,2.7439,1.0189
SP1,2023-02-18,Osasuna,Real Madrid,0,2,0.4005,1.8647
SP1,2023-02-18,Sociedad,Celta,1,1,1.529,1.3425
D1,2023-02-19,Dortmund,Hertha,4,1,2.3494,1.4143
D1,2023-02-19,Leverkusen,Mainz,2,3,3.0143,2.004
D1,2023-02-19,Union Berlin,Schalke 04,0,0,0.8272,0.3859
E0,2023-02-19,Man United,Leicester,3,0,4.2466,1.3968
E0,2023-02-19,Tottenham,West Ham,2,0,1.4304,0.3652
F1,2023-02-19,Brest,Monaco,1,2,0.7675,1.6107
F1,2023-02-19,Lens,Nantes,3,1,3.1303,0.2365
F1,2023-02-19,Lorient,Ajaccio,3,0,2.4364,0.5929
F1,2023-02-19,Paris SG,Lille,4,3,2.096,3.2077
F1,2023-02-19,Rennes,Clermont,2,0,1.6726,0.8658
F1,2023-02-19,Toulouse,Marseille,2,3,2.0982,1.218
F1,2023-02-19,Troyes,Montpellier,0,1,0.0857,1.0848
I1,2023-02-19,Atalanta,Lecce,1,2,1.4101,0.5229
I1,2023-02-19,Fiorentina,Empoli,1,1,2.1557,0.6274
I1,2023-02-19,Roma,Verona,1,0,1.2164,0.5786
I1,2023-02-19,Salernitana,Lazio,0,2,0.3374,3.0893
I1,2023-02-19,Spezia,Juventus,0,2,0.8361,1.414
SP1,2023-02-19,Ath Madrid,Ath Bilbao,1,0,1.0649,1.0082
SP1,2023-02-19,Barcelona,Cadiz,2,0,2.2894,1.404
SP1,2023-02-19,Elche,Espanol,0,1,1.6015,1.3589
SP1,2023-02-19,Vallecano,Sevilla,1,1,1.3747,0.4762
I1,2023-02-20,Torino,Cremonese,2,2,2.4076,0.4886
SP1,2023-02-20,Getafe,Valencia,1,0,2.1339,1.094
D1,2023-02-24,Mainz,M'gladbach,4,0,2.9512,0.7186
E0,2023-02-24,Fulham,Wolves,1,1,0.9131,0.9971
F1,2023-02-24,Lille,Brest,2,1,0.7722,0.2024
SP1,2023-02-24,Elche,Betis,2,3,0.8839,4.0518
D1,2023-02-25,FC Koln,Wolfsburg,0,2,1.0348,1.0002
D1,2023-02-25,Hertha,Augsburg,2,0,0.4529,0.406
D1,2023-02-25,Hoffenheim,Dortmund,0,1,0.8737,2.7588
D1,2023-02-25,RB Leipzig,Ein Frankfurt,2,1,1.8999,0.8556
D1,2023-02-25,Schalke 04,Stuttgart,2,1,1.8662,1.6684
D1,2023-02-25,Werder Bremen,Bochum,3,0,1.1752,0.3962
E0,2023-02-25,Bournemouth,Man City,1,4,1.0853,2.9821
E0,2023-02-25,Crystal Palace,Liverpool,0,0,0.9891,1.3512
E0,2023-02-25,Everton,Aston Villa,0,2,1.5411,2.0604
E0,2023-02-25,Leeds,Southampton,1,0,0.72,0.3911
E0,2023-02-25,Leicester,Arsenal,0,1,0.0203,0.7221
E0,2023-02-25,West Ham,Nott'm Forest,4,0,3.0503,0.3508
F1,2023-02-25,Angers,Lyon,1,3,1.1351,1.8182
F1,2023-02-25,Montpellier,Lens,1,1,0.6453,1.5354
I1,2023-02-25,Empoli,Napoli,0,2,0.3803,2.5445
I1,2023-02-25,Lecce,Sassuolo,0,1,1.1937,1.0752
SP1,2023-02-25,Cadiz,Vallecano,1,0,0.8165,0.4072
SP1,2023-02-25,Espanol,Mallorca,2,1,1.9939,0.558
SP1,2023-02-25,Real Madrid,Ath Madrid,1,1,1.5632,0.2177
SP1,2023-02-25,Valencia,Sociedad,1,0,0.6361,0.8179
D1,2023-02-26,Bayern Munich,Union Berlin,3,0,3.864,0.213
D1,2023-02-26,Freiburg,Leverkusen,1,1,1.288,2.0609
E0,2023-02-26,Tottenham,Chelsea,2,0,0.9263,0.2623
F1,2023-02-26,Ajaccio,Troyes,2,1,3.9452,1.4038
F1,2023-02-26,Clermont,Strasbourg,1,1,1.7477,0.9201
F1,2023-02-26,Lorient,Auxerre,0,1,1.0497,1.2094
F1,2023-02-26,Marseille,Paris SG,0,3,2.2899,3.7335
F1,2023-02-26,Monaco,Nice,0,3,0.6888,1.7956
F1,2023-02-26,Nantes,Rennes,0,1,2.4247,0.9863
F1,2023-02-26,Reims,Toulouse,3,0,2.1745,0.5229
I1,2023-02-26,Bologna,Inter,1,0,1.065,1.147
I1,2023-02-26,Milan,Atalanta,2,0,2.092,0.0994
I1,2023-02-26,Salernitana,Monza,3,0,2.5863,1.2612
I1,2023-02-26,Udinese,Spezia,2,2,2.8256,2.0555
SP1,2023-02-26,Almeria,Barcelona,1,0,0.828,1.1557
SP1,2023-02-26,Ath Bilbao,Girona,2,3,1.3446,1.3388
SP1,2023-02-26,Celta,Valladolid,3,0,2.976,0.9021
SP1,2023-02-26,Sevilla,Osasuna,2,3,2.3818,1.3428
I1,2023-02-27,Lazio,Sampdoria,1,0,1.5789,0.3746
I1,2023-02-27,Verona,Fiorentina,0,3,1.7974,1.9106
SP1,2023-02-27,Villarreal,Getafe,2,1,1.9115,0.468
I1,2023-02-28,Cremonese,Roma,2,1,0.994,0.6507
I1,2023-02-28,Juventus,Torino,4,2,1.5204,0.9721
E0,2023-03-01,Arsenal,Everton,4,0,3.0692,1.604
E0,2023-03-01,Liverpool,Wolves,2,0,2.7019,0.7868
D1,2023-03-03,Dortmund,RB Leipzig,2,1,1.129,2.1985
F1,2023-03-03,Nice,Auxerre,1,1,1.7392,0.4431
I1,2023-03-03,Napoli,Lazio,0,1,0.7723,0.2255
SP1,2023-03-03,Sociedad,Cadiz,0,0,1.0757,0.8473
D1,2023-03-04,Augsburg,Werder Bremen,2,1,0.4932,1.6885
D1,2023-03-04,Bochum,Schalke 04,0,2,0.926,0.8733
D1,2023-03-04,M'gladbach,Freiburg,0,0,1.1141,0.2863
D1,2023-03-04,Mainz,Hoffenheim,1,0,1.0359,0.6163
D1,2023-03-04,Stuttgart,Bayern Munich,1,2,0.5969,2.5561
D1,2023-03-04,Union Berlin,FC Koln,0,0,0.4569,0.7987
E0,2023-03-04,Arsenal,Bournemouth,3,2,2.4628,1.7427
E0,2023-03-04,Aston Villa,Crystal Palace,1,0,0.8906,0.1528
E0,2023-03-04,Brighton,West Ham,4,0,3.4999,0.25
E0,2023-03-04,Chelsea,Leeds,1,0,1.8678,0.634
E0,2023-03-04,Man City,Newcastle,2,0,1.3414,0.3598
E0,2023-03-04,Southampton,Leicester,1,0,1.3433,1.6705
E0,2023-03-04,Wolves,Tottenham,1,0,0.5625,1.2559
F1,2023-03-04,Lens,Lille,1,1,0.6166,1.9008
F1,2023-03-04,Paris SG,Nantes,4,2,1.1091,0.2387
I1,2023-03-04,Atalanta,Udinese,0,0,1.4816,0.2448
I1,2023-03-04,Fiorentina,Milan,2,1,2.0473,0.6799
I1,2023-03-04,Monza,Empoli,2,1,0.9669,0.9643
SP1,2023-03-04,Almeria,Villarreal,0,2,0.371,2.3729
SP1,2023-03-04,Ath Madrid,Sevilla,6,1,3.0518,1.7679
SP1,2023-03-04,Getafe,Girona,3,2,1.8692,0.846
SP1,2023-03-04,Mallorca,Elche,0,1,0.9623,0.9571
D1,2023-03-05,Leverkusen,Hertha,4,1,2.2646,0.9579
D1,2023-03-05,Wolfsburg,Ein Frankfurt,2,2,1.7728,1.1835
E0,2023-03-05,Liverpool,Man United,7,0,3.4427,0.8375
E0,2023-03-05,Nott'm Forest,Everton,2,2,0.7997,1.7088
F1,2023-03-05,Lyon,Lorient,0,0,2.5407,0.8879
F1,2023-03-05,Montpellier,Angers,5,0,3.4155,0.9557
F1,2023-03-05,Reims,Ajaccio,1,0,0.4095,0.3699
F1,2023-03-05,Rennes,Marseille,0,1,1.035,1.4527
F1,2023-03-05,Strasbourg,Brest,0,1,0.9836,0.5851
F1,2023-03-05,Toulouse,Clermont,0,1,1.0251,0.6477
F1,2023-03-05,Troyes,Monaco,2,2,0.8794,2.8163
I1,2023-03-05,Inter,Lecce,2,0,0.9368,0.4771
I1,2023-03-05,Roma,Juventus,1,0,0.5346,0.7226
I1,2023-03-05,Sampdoria,Salernitana,0,0,0.5548,0.6531
I1,2023-03-05,Spezia,Verona,0,0,1.1704,0.9604
SP1,2023-03-05,Barcelona,Valencia,1,0,2.092,0.6293
SP1,2023-03-05,Betis,Real Madrid,0,0,0.5929,1.1446
SP1,2023-03-05,Valladolid,Espanol,2,1,1.3805,0.9461
SP1,2023-03-05,Vallecano,Ath Bilbao,0,0,0.854,1.2568
E0,2023-03-06,Brentford,Fulham,3,2,2.4436,1.6753
I1,2023-03-06,Sassuolo,Cremonese,3,2,1.0482,1.2583
I1,2023-03-06,Torino,Bologna,1,0,1.0347,0.4206
SP1,2023-03-06,Osasuna,Celta,0,0,1.1631,0.7261
D1,2023-03-10,FC Koln,Bochum,0,2,0.5854,1.7339
F1,2023-03-10,Lille,Lyon,3,3,2.3529,1.0584
I1,2023-03-10,Spezia,Inter,2,1,0.9798,3.4655
SP1,2023-03-10,Cadiz,Getafe,2,2,1.7321,2.6986
D1,2023-03-11,Bayern Munich,Augsburg,5,3,2.4939,2.4812
D1,2023-03-11,Ein Frankfurt,Stuttgart,1,1,0.5252,0.4343
D1,2023-03-11,Hertha,Mainz,1,1,1.6172,0.3884
D1,2023-03-11,RB Leipzig,M'gladbach,3,0,2.2675,1.446
D1,2023-03-11,Schalke 04,Dortmund,2,2,1.5246,1.2204
E0,2023-03-11,Bournemouth,Liverpool,1,0,1.1013,2.1347
E0,2023-03-11,Crystal Palace,Man City,0,1,0.1855,2.1884
E0,2023-03-11,Everton,Brentford,1,0,1.716,1.9509
E0,2023-03-11,Leeds,Brighton,2,2,0.5967,1.5139
E0,2023-03-11,Leicester,Chelsea,1,3,2.3614,1.4948
E0,2023-03-11,Tottenham,Nott'm Forest,3,1,1.7348,1.628
F1,2023-03-11,Auxerre,Rennes,0,0,0.9611,0.6909
F1,2023-03-11,Brest,Paris SG,1,2,0.751,2.6613
I1,2023-03-11,Bologna,Lazio,0,0,1.0922,0.56
I1,2023-03-11,Empoli,Udinese,0,1,1.1585,1.0599
I1,2023-03-11,Napoli,Atalanta,2,0,1.4015,0.202
SP1,2023-03-11,Celta,Vallecano,3,0,2.1377,0.6973
SP1,2023-03-11,Elche,Valladolid,1,1,2.8029,0.2469
SP1,2023-03-11,Real Madrid,Espanol,3,1,1.7823,1.1018
SP1,2023-03-11,Valencia,Osasuna,1,0,1.8417,0.2577
D1,2023-03-12,Freiburg,Hoffenheim,2,1,0.452,1.1615
D1,2023-03-12,Werder Bremen,Leverkusen,2,3,1.7083,1.2176
D1,2023-03-12,Wolfsburg,Union Berlin,1,1,1.3307,1.2251
E0,2023-03-12,Fulham,Arsenal,0,3,0.6183,2.6435
E0,2023-03-12,Man United,Southampton,0,0,0.9109,1.1805
E0,2023-03-12,Newcastle,Wolves,2,1,2.4553,0.7099
E0,2023-03-12,West Ham,Aston Villa,1,1,2.1463,1.9914
F1,2023-03-12,Ajaccio,Montpellier,0,1,0.192,1.2741
F1,2023-03-12,Angers,Toulouse,0,2,1.0206,1.5693
F1,2023-03-12,Clermont,Lens,0,4,1.8608,2.005
F1,2023-03-12,Lorient,Troyes,2,0,1.7914,0.4923
F1,2023-03-12,Marseille,Strasbourg,2,2,1.6797,2.2222
F1,2023-03-12,Monaco,Reims,0,1,0.9804,1.8188
F1,2023-03-12,Nantes,Nice,2,2,1.751,1.5184
I1,2023-03-12,Cremonese,Fiorentina,0,2,1.44,1.1942
I1,2023-03-12,Juventus,Sampdoria,4,2,2.8373,0.4875
I1,2023-03-12,Lecce,Torino,0,2,0.3381,1.1172
I1,2023-03-12,Roma,Sassuolo,3,4,1.225,3.4138
I1,2023-03-12,Verona,Monza,1,1,0.5847,1.0735
SP1,2023-03-12,Ath Bilbao,Barcelona,0,1,1.137,0.7249
SP1,2023-03-12,Mallorca,Sociedad,1,1,1.4638,0.6833
SP1,2023-03-12,Sevilla,Almeria,2,1,3.1587,1.5194
SP1,2023-03-12,Villarreal,Betis,1,1,1.3326,1.0313
I1,2023-03-13,Milan,Salernitana,1,1,2.7106,0.6752
SP1,2023-03-13,Girona,Ath Madrid,0,1,0.3019,1.8068
E0,2023-03-15,Brighton,Crystal Palace,1,0,0.5887,1.2145
E0,2023-03-15,Southampton,Brentford,0,2,0.359,1.6659
D1,2023-03-17,M'gladbach,Werder Bremen,2,2,3.6839,0.7648
E0,2023-03-17,Nott'm Forest,Newcastle,1,2,0.532,2.5003
F1,2023-03-17,Lyon,Nantes,1,1,1.6219,1.0626
I1,2023-03-17,Atalanta,Empoli,2,1,3.5526,1.3253
I1,2023-03-17,Sassuolo,Spezia,1,0,2.0765,0.7674
SP1,2023-03-17,Valladolid,Ath Bilbao,1,3,1.0838,2.3451
D1,2023-03-18,Augsburg,Schalke 04,1,1,0.3957,1.6837
D1,2023-03-18,Bochum,RB Leipzig,1,0,1.3105,1.9203
D1,2023-03-18,Dortmund,FC Koln,6,1,3.371,1.469
D1,2023-03-18,Hoffenheim,Hertha,3,1,2.613,0.8077
D1,2023-03-18,Stuttgart,Wolfsburg,0,1,0.4713,0.6744
E0,2023-03-18,Aston Villa,Bournemouth,3,0,3.4547,0.5001
E0,2023-03-18,Brentford,Leicester,1,1,0.4765,1.4213
E0,2023-03-18,Chelsea,Everton,2,2,1.9003,1.6467
E0,2023-03-18,Southampton,Tottenham,3,3,2.5208,1.8847
E0,2023-03-18,Wolves,Leeds,2,4,2.7636,1.6549
F1,2023-03-18,Lens,Angers,3,0,1.649,0.5893
F1,2023-03-18,Toulouse,Lille,0,2,2.0525,1.9647
I1,2023-03-18,Monza,Cremonese,1,1,1.1144,0.7235
I1,2023-03-18,Salernitana,Bologna,2,2,0.7136,0.3636
I1,2023-03-18,Udinese,Milan,3,1,2.1741,1.8335
SP1,2023-03-18,Almeria,Cadiz,1,1,2.6936,1.1313
SP1,2023-03-18,Ath Madrid,Valencia,3,0,3.3629,0.6895
SP1,2023-03-18,Espanol,Celta,1,3,1.7106,1.6321
SP1,2023-03-18,Vallecano,Girona,2,2,1.7198,1.5086
D1,2023-03-19,Leverkusen,Bayern Munich,2,1,1.8501,1.1065
D1,2023-03-19,Mainz,Freiburg,1,1,1.5784,1.3526
D1,2023-03-19,Union Berlin,Ein Frankfurt,2,0,1.2304,2.2054
E0,2023-03-19,Arsenal,Crystal Palace,4,1,1.5357,1.1919
F1,2023-03-19,Ajaccio,Monaco,0,2,0.4096,1.456
F1,2023-03-19,Montpellier,Clermont,2,1,3.0198,1.4059
F1,2023-03-19,Nice,Lorient,1,1,1.2167,0.8831
F1,2023-03-19,Paris SG,Rennes,0,2,1.7098,1.9004
F1,2023-03-19,Reims,Marseille,1,2,1.9178,1.392
F1,2023-03-19,Strasbourg,Auxerre,2,0,2.8827,0.9454
F1,2023-03-19,Troyes,Brest,2,2,1.0018,1.1602
I1,2023-03-19,Fiorentina,Lecce,1,0,1.3023,0.3546
I1,2023-03-19,Inter,Juventus,0,1,1.0728,0.4605
I1,2023-03-19,Lazio,Roma,1,0,0.7349,0.7708
I1,2023-03-19,Sampdoria,Verona,3,1,1.6326,1.2474
I1,2023-03-19,Torino,Napoli,0,4,1.4202,2.6715
SP1,2023-03-19,Barcelona,Real Madrid,2,1,1.6653,0.5242
SP1,2023-03-19,Betis,Mallorca,1,0,0.6068,0.1405
SP1,2023-03-19,Getafe,Sevilla,2,0,2.0733,0.8191
SP1,2023-03-19,Osasuna,Villarreal,0,3,1.1556,1.5875
SP1,2023-03-19,Sociedad,Elche,2,0,2.694,0.082
D1,2023-03-31,Ein Frankfurt,Bochum,1,1,3.0985,1.1502
F1,2023-03-31,Marseille,Montpellier,1,1,1.434,0.8497
SP1,2023-03-31,Mallorca,Osasuna,0,0,0.4332,0.5078
D1,2023-04-01,Bayern Munich,Dortmund,4,2,3.1009,1.5753
D1,2023-04-01,Freiburg,Hertha,1,1,0.8624,2.0851
D1,2023-04-01,RB Leipzig,Mainz,0,3,0.5841,2.5484
D1,2023-04-01,Schalke 04,Leverkusen,0,3,0.9767,3.2804
D1,2023-04-01,Union Berlin,Stuttgart,3,0,1.7037,2.6216
D1,2023-04-01,Wolfsburg,Augsburg,2,2,3.9381,0.9181
E0,2023-04-01,Arsenal,Leeds,4,1,3.2955,0.4976
E0,2023-04-01,Bournemouth,Fulham,2,1,3.1405,0.601
E0,2023-04-01,Brighton,Brentford,3,3,3.8195,1.2788
E0,2023-04-01,Chelsea,Aston Villa,0,2,2.3802,0.7658
E0,2023-04-01,Crystal Palace,Leicester,2,1,1.9347,0.199
E0,2023-04-01,Man City,Liverpool,4,1,3.0124,0.3182
E0,2023-04-01,Nott'm Forest,Wolves,1,1,1.1144,0.3837
F1,2023-04-01,Auxerre,Troyes,1,0,1.1656,1.1723
F1,2023-04-01,Rennes,Lens,0,1,1.2101,1.4486
I1,2023-04-01,Cremonese,Atalanta,1,3,1.4184,3.0016
I1,2023-04-01,Inter,Fiorentina,0,1,3.1446,1.3167
I1,2023-04-01,Juventus,Verona,1,0,1.629,0.4061
SP1,2023-04-01,Ath Bilbao,Getafe,0,0,0.7514,0.7235
SP1,2023-04-01,Cadiz,Sevilla,0,2,0.6912,1.7287
SP1,2023-04-01,Elche,Barcelona,0,4,0.5083,1.618
SP1,2023-04-01,Girona,Espanol,2,1,1.4504,0.9462
D1,2023-04-02,FC Koln,M'gladbach,0,0,1.0519,0.5205
D1,2023-04-02,Werder Bremen,Hoffenheim,1,2,0.6734,1.6367
E0,2023-04-02,Newcastle,Man United,2,0,3.3316,0.3341
E0,2023-04-02,West Ham,Southampton,1,0,1.4036,0.3183
F1,2023-04-02,Angers,Nice,1,1,0.96,1.2
F1,2023-04-02,Brest,Toulouse,3,1,1.4717,1.7794
F1,2023-04-02,Clermont,Ajaccio,2,1,2.1364,0.412
F1,2023-04-02,Lille,Lorient,3,1,1.9618,0.0957
F1,2023-04-02,Monaco,Strasbourg,4,3,1.4013,1.5562
F1,2023-04-02,Nantes,Reims,0,3,1.3735,2.0051
F1,2023-04-02,Paris SG,Lyon,0,1,1.2237,2.1485
I1,2023-04-02,Bologna,Udinese,3,0,1.2965,0.7656
I1,2023-04-02,Monza,Lazio,0,2,1.548,0.4967
I1,2023-04-02,Napoli,Milan,0,4,1.1771,2.653
I1,2023-04-02,Roma,Sampdoria,3,0,3.16,0.2492
I1,2023-04-02,Spezia,Salernitana,1,1,1.677,1.0694
SP1,2023-04-02,Ath Madrid,Betis,1,0,1.7013,0.3714
SP1,2023-04-02,Celta,Almeria,2,2,2.1393,1.2365
SP1,2023-04-02,Real Madrid,Valladolid,6,0,4.8272,0.7196
SP1,2023-04-02,Villarreal,Sociedad,2,0,2.805,0.9125
E0,2023-04-03,Everton,Tottenham,1,1,0.8234,1.3918
I1,2023-04-03,Empoli,Lecce,1,0,1.7858,0.1479
I1,2023-04-03,Sassuolo,Torino,1,1,1.377,1.8697
SP1,2023-04-03,Valencia,Vallecano,1,1,2.7112,0.6453
E0,2023-04-04,Bournemouth,Brighton,0,2,1.1532,2.6339
E0,2023-04-04,Chelsea,Liverpool,0,0,2.189,0.2022
E0,2023-04-04,Leeds,Nott'm Forest,2,1,2.4325,0.6139
E0,2023-04-04,Leicester,Aston Villa,1,2,0.6716,1.0016
E0,2023-04-05,Man United,Brentford,1,0,1.1445,0.645
E0,2023-04-05,West Ham,Newcastle,1,5,0.8334,2.8409
F1,2023-04-07,Lens,Strasbourg,2,1,1.3167,0.58
I1,2023-04-07,Lecce,Napoli,1,2,0.8123,1.0478
I1,2023-04-07,Milan,Empoli,0,0,2.2386,0.0995
I1,2023-04-07,Salernitana,Inter,1,1,0.8608,2.9804
SP1,2023-04-07,Sevilla,Celta,2,2,0.4752,0.6112
D1,2023-04-08,Augsburg,FC Koln,1,3,0.9419,2.0605
D1,2023-04-08,Dortmund,Union Berlin,2,1,2.5021,0.5228
D1,2023-04-08,Freiburg,Bayern Munich,0,1,1.0909,3.0921
D1,2023-04-08,Hertha,RB Leipzig,0,1,0.5038,2.5723
D1,2023-04-08,Leverkusen,Ein Frankfurt,3,1,2.3506,0.7609
D1,2023-04-08,Mainz,Werder Bremen,2,2,1.9867,1.0821
E0,2023-04-08,Aston Villa,Nott'm Forest,2,0,1.4272,0.2325
E0,2023-04-08,Brentford,Newcastle,1,2,2.0652,1.0234
E0,2023-04-08,Fulham,West Ham,0,1,0.4565,1.2326
E0,2023-04-08,Leicester,Bournemouth,0,1,0.732,1.924
E0,2023-04-08,Man United,Everton,2,0,4.3858,0.9492
E0,2023-04-08,Southampton,Man City,1,4,0.4928,3.06
E0,2023-04-08,Tottenham,Brighton,2,1,0.5941,1.4755
E0,2023-04-08,Wolves,Chelsea,1,0,0.6012,0.8153
F1,2023-04-08,Angers,Lille,1,0,1.0391,1.0696
F1,2023-04-08,Nice,Paris SG,0,2,1.2226,1.2493
I1,2023-04-08,Atalanta,Bologna,0,2,1.3643,1.4859
I1,2023-04-08,Fiorentina,Spezia,1,1,0.9207,1.0514
I1,2023-04-08,Lazio,Juventus,2,1,1.1873,2.1814
I1,2023-04-08,Sampdoria,Cremonese,2,3,2.6309,1.1225
I1,2023-04-08,Torino,Roma,0,1,0.2568,1.1092
I1,2023-04-08,Udinese,Monza,2,2,1.5929,1.4457
I1,2023-04-08,Verona,Sassuolo,2,1,0.2741,1.6688
SP1,2023-04-08,Espanol,Ath Bilbao,1,2,1.1675,2.7388
SP1,2023-04-08,Osasuna,Elche,2,1,1.6897,0.6578
SP1,2023-04-08,Real Madrid,Villarreal,2,3,2.233,1.2449
SP1,2023-04-08,Sociedad,Getafe,2,0,2.1178,0.2439
D1,2023-04-09,Bochum,Stuttgart,2,3,2.2226,2.3739
D1,2023-04-09,Hoffenheim,Schalke 04,2,0,2.177,0.5611
D1,2023-04-09,M'gladbach,Wolfsburg,2,0,1.5568,1.23
E0,2023-04-09,Leeds,Crystal Palace,1,5,1.0208,3.2269
E0,2023-04-09,Liverpool,Arsenal,2,2,4.6401,1.5363
F1,2023-04-09,Ajaccio,Auxerre,0,3,0.9827,0.925
F1,2023-04-09,Lorient,Marseille,0,0,0.6372,0.7829
F1,2023-04-09,Lyon,Rennes,3,1,1.2378,1.0636
F1,2023-04-09,Montpellier,Toulouse,1,2,1.7932,2.2063
F1,2023-04-09,Nantes,Monaco,2,2,0.974,1.6694
F1,2023-04-09,Reims,Brest,1,1,3.2653,1.1113
F1,2023-04-09,Troyes,Clermont,0,2,0.4883,1.8611
SP1,2023-04-09,Almeria,Valencia,2,1,1.4993,1.0887
SP1,2023-04-09,Betis,Cadiz,0,2,1.5883,2.856
SP1,2023-04-09,Valladolid,Mallorca,3,3,0.9489,1.9833
SP1,2023-04-09,Vallecano,Ath Madrid,1,2,0.5644,2.3653
SP1,2023-04-10,Barcelona,Girona,0,0,1.0508,0.4911
D1,2023-04-14,Schalke 04,Hertha,5,2,2.0993,1.1215
F1,2023-04-14,Toulouse,Lyon,1,2,1.5169,2.988
I1,2023-04-14,Cremonese,Empoli,1,0,1.0681,0.8589
I1,2023-04-14,Spezia,Lazio,0,3,0.7258,3.0758
SP1,2023-04-14,Vallecano,Osasuna,2,1,1.0843,0.3731
D1,2023-04-15,Bayern Munich,Hoffenheim,1,1,1.89,0.2737
D1,2023-04-15,Ein Frankfurt,M'gladbach,1,1,2.1737,0.6401
D1,2023-04-15,FC Koln,Mainz,1,1,0.9375,0.763
D1,2023-04-15,RB Leipzig,Augsburg,3,2,1.1377,0.8648
D1,2023-04-15,Stuttgart,Dortmund,3,3,1.3496,1.5231
E0,2023-04-15,Aston Villa,Newcastle,3,0,1.918,0.4251
E0,2023-04-15,Chelsea,Brighton,1,2,0.4633,2.5211
E0,2023-04-15,Everton,Fulham,1,3,2.2426,1.9221
E0,2023-04-15,Man City,Leicester,3,1,1.607,1.9269
E0,2023-04-15,Southampton,Crystal Palace,0,2,0.6784,0.8631
E0,2023-04-15,Tottenham,Bournemouth,2,3,2.306,1.206
E0,2023-04-15,Wolves,Brentford,2,0,0.9391,1.5133
F1,2023-04-15,Paris SG,Lens,3,1,1.394,1.4346
F1,2023-04-15,Rennes,Reims,3,0,3.2182,0.3439
I1,2023-04-15,Bologna,Milan,1,1,0.7688,1.4067
I1,2023-04-15,Inter,Monza,0,1,1.8901,0.8777
I1,2023-04-15,Napoli,Verona,0,0,0.3255,0.3566
SP1,2023-04-15,Ath Bilbao,Sociedad,2,0,1.0003,1.7123
SP1,2023-04-15,Betis,Espanol,3,1,1.965,0.6163
SP1,2023-04-15,Cadiz,Real Madrid,0,2,0.5837,4.4906
SP1,2023-04-15,Villarreal,Valladolid,1,2,1.9948,2.4146
D1,2023-04-16,Union Berlin,Bochum,1,1,1.0561,1.5199
D1,2023-04-16,Werder Bremen,Freiburg,1,2,1.4311,0.4738
D1,2023-04-16,Wolfsburg,Leverkusen,0,0,0.6169,0.992
E0,2023-04-16,Nott'm Forest,Man United,0,2,1.0529,3.3375
E0,2023-04-16,West Ham,Arsenal,2,2,1.9609,2.7178
F1,2023-04-16,Auxerre,Nantes,2,1,2.6513,1.2828
F1,2023-04-16,Brest,Nice,1,0,0.9563,0.6562
F1,2023-04-16,Clermont,Angers,2,1,2.0177,0.3279
F1,2023-04-16,Lille,Montpellier,2,1,2.3174,0.5151
F1,2023-04-16,Marseille,Troyes,3,1,3.7509,0.4056
F1,2023-04-16,Monaco,Lorient,3,1,2.6719,1.0337
F1,2023-04-16,Strasbourg,Ajaccio,3,1,1.5918,0.4789
I1,2023-04-16,Lecce,Sampdoria,1,1,3.04,0.6685
I1,2023-04-16,Roma,Udinese,3,0,2.4154,1.1331
I1,2023-04-16,Sassuolo,Juventus,1,0,1.1315,0.6527
I1,2023-04-16,Torino,Salernitana,1,1,1.7186,0.4954
SP1,2023-04-16,Ath Madrid,Almeria,2,1,2.5115,0.0582
SP1,2023-04-16,Getafe,Barcelona,0,0,0.6212,1.0463
SP1,2023-04-16,Girona,Elche,2,0,1.2291,0.5778
SP1,2023-04-16,Valencia,Sevilla,0,2,0.5278,1.4698
E0,2023-04-17,Leeds,Liverpool,1,6,1.1675,2.6548
I1,2023-04-17,Fiorentina,Atalanta,1,1,2.0684,0.7171
SP1,2023-04-17,Celta,Mallorca,0,1,0.4691,1.1836
D1,2023-04-21,Augsburg,Stuttgart,1,1,0.729,1.1754
E0,2023-04-21,Arsenal,Southampton,3,3,2.3961,1.4306
F1,2023-04-21,Angers,Paris SG,1,2,1.2841,1.7506
I1,2023-04-21,Verona,Bologna,2,1,1.5869,1.5464
SP1,2023-04-21,Espanol,Cadiz,0,0,1.5229,1.127
D1,2023-04-22,Bochum,Wolfsburg,1,5,2.7745,3.3421
D1,2023-04-22,Dortmund,Ein Frankfurt,4,0,1.4383,0.4525
D1,2023-04-22,Hertha,Werder Bremen,2,4,1.6715,2.3384
D1,2023-04-22,Hoffenheim,FC Koln,1,3,0.7767,2.0709
D1,2023-04-22,Mainz,Bayern Munich,3,1,1.2957,2.7028
E0,2023-04-22,Brentford,Aston Villa,1,1,2.0316,1.666
E0,2023-04-22,Crystal Palace,Everton,0,0,0.3681,0.4337
E0,2023-04-22,Fulham,Leeds,2,1,1.4376,1.0748
E0,2023-04-22,Leicester,Wolves,2,1,2.6693,0.5963
E0,2023-04-22,Liverpool,Nott'm Forest,3,2,3.3274,0.7247
F1,2023-04-22,Auxerre,Lille,1,1,1.0782,3.0894
F1,2023-04-22,Lens,Monaco,3,0,3.5267,1.5335
I1,2023-04-22,Lazio,Torino,0,1,0.8524,0.8055
I1,2023-04-22,Salernitana,Sassuolo,3,0,1.3216,0.5485
I1,2023-04-22,Sampdoria,Spezia,1,1,1.7707,2.4098
SP1,2023-04-22,Almeria,Ath Bilbao,1,2,0.5734,1.8348
SP1,2023-04-22,Osasuna,Betis,3,2,1.6327,1.9933
SP1,2023-04-22,Real Madrid,Celta,2,0,1.814,0.7445
SP1,2023-04-22,Sociedad,Vallecano,2,1,0.8147,0.3598
SP1,2023-04-22,Valladolid,Girona,1,0,1.1114,1.0586
D1,2023-04-23,Freiburg,Schalke 04,4,0,2.6357,0.3884
D1,2023-04-23,Leverkusen,RB Leipzig,2,0,1.034,2.1182
D1,2023-04-23,M'gladbach,Union Berlin,0,1,0.4085,1.2173
E0,2023-04-23,Bournemouth,West Ham,0,4,0.9747,2.5232
E0,2023-04-23,Newcastle,Tottenham,6,1,3.9853,0.883
F1,2023-04-23,Ajaccio,Brest,0,0,0.1936,0.4515
F1,2023-04-23,Lorient,Toulouse,0,1,0.5069,1.2551
F1,2023-04-23,Lyon,Marseille,1,2,1.4571,2.2151
F1,2023-04-23,Montpellier,Rennes,1,0,0.7481,1.3278
F1,2023-04-23,Nantes,Troyes,2,2,1.9844,1.7244
F1,2023-04-23,Nice,Clermont,1,2,1.5228,0.9174
F1,2023-04-23,Reims,Strasbourg,0,2,1.1318,1.3335
I1,2023-04-23,Empoli,Inter,0,3,0.6433,1.1714
I1,2023-04-23,Juventus,Napoli,0,1,0.2761,1.7346
I1,2023-04-23,Milan,Lecce,2,0,0.9631,1.0289
I1,2023-04-23,Monza,Fiorentina,3,2,1.7736,1.2398
I1,2023-04-23,Udinese,Cremonese,3,0,1.6241,0.9969
SP1,2023-04-23,Barcelona,Ath Madrid,1,0,2.128,0.7144
SP1,2023-04-23,Elche,Valencia,0,2,0.7952,1.0531
SP1,2023-04-23,Mallorca,Getafe,3,1,1.917,0.1189
SP1,2023-04-23,Sevilla,Villarreal,2,1,0.8531,2.1351
I1,2023-04-24,Atalanta,Roma,3,1,1.1453,1.5288
E0,2023-04-25,Aston Villa,Fulham,1,0,0.8392,0.0799
E0,2023-04-25,Leeds,Leicester,1,1,2.0964,2.0859
E0,2023-04-25,Wolves,Crystal Palace,2,0,1.1283,0.5803
SP1,2023-04-25,Betis,Sociedad,0,0,0.7286,0.6071
SP1,2023-04-25,Cadiz,Osasuna,0,1,1.4054,0.8655
SP1,2023-04-25,Girona,Real Madrid,4,2,2.4202,1.6301
E0,2023-04-26,Chelsea,Brentford,0,2,1.2112,0.6953
E0,2023-04-26,Man City,Arsenal,4,1,2.0117,0.3984
E0,2023-04-26,Nott'm Forest,Brighton,3,1,2.4385,2.3306
E0,2023-04-26,West Ham,Liverpool,1,2,0.9393,1.7045
SP1,2023-04-26,Ath Madrid,Mallorca,3,1,2.6155,0.7411
SP1,2023-04-26,Celta,Elche,1,0,1.4351,1.4814
SP1,2023-04-26,Getafe,Almeria,1,2,1.6671,2.0896
SP1,2023-04-26,Vallecano,Barcelona,2,1,0.8623,1.0099
E0,2023-04-27,Everton,Newcastle,1,4,0.777,2.8637
E0,2023-04-27,Southampton,Bournemouth,0,1,0.477,0.9886
E0,2023-04-27,Tottenham,Man United,2,2,2.3724,1.9651
SP1,2023-04-27,Ath Bilbao,Sevilla,0,1,0.1947,1.0014
SP1,2023-04-27,Valencia,Valladolid,2,1,0.9001,0.9931
SP1,2023-04-27,Villarreal,Espanol,4,2,4.9482,1.1212
D1,2023-04-28,Bochum,Dortmund,1,1,0.5729,2.9327
I1,2023-04-28,Lecce,Udinese,1,0,1.6713,0.4384
I1,2023-04-28,Spezia,Monza,0,2,1.4717,1.1356
SP1,2023-04-28,Osasuna,Sociedad,0,2,0.9872,2.0957
D1,2023-04-29,Ein Frankfurt,Augsburg,1,1,0.5268,0.4613
D1,2023-04-29,FC Koln,Freiburg,0,1,1.4785,1.3678
D1,2023-04-29,RB Leipzig,Hoffenheim,1,0,1.7076,0.2172
D1,2023-04-29,Schalke 04,Werder Bremen,2,1,1.2495,1.4881
D1,2023-04-29,Stuttgart,M'gladbach,2,1,2.7365,1.2489
D1,2023-04-29,Union Berlin,Leverkusen,0,0,0.5809,0.5509
E0,2023-04-29,Brentford,Nott'm Forest,2,1,1.3206,0.9397
E0,2023-04-29,Brighton,Wolves,6,0,3.6047,0.604
E0,2023-04-29,Crystal Palace,West Ham,4,3,2.3189,1.9826
F1,2023-04-29,Lille,Ajaccio,3,0,1.5585,0.3604
I1,2023-04-29,Roma,Milan,1,1,1.1794,1.3736
I1,2023-04-29,Torino,Atalanta,1,2,0.6607,0.7325
SP1,2023-04-29,Barcelona,Betis,4,0,3.0864,0.2311
SP1,2023-04-29,Elche,Vallecano,4,0,3.3797,0.565
SP1,2023-04-29,Real Madrid,Almeria,4,2,3.2054,1.375
D1,2023-04-30,Bayern Munich,Hertha,2,0,2.9272,0.0836
D1,2023-04-30,Wolfsburg,Mainz,3,0,1.4411,1.4466
E0,2023-04-30,Bournemouth,Leeds,4,1,2.5172,1.3369
E0,2023-04-30,Fulham,Man City,1,2,0.4318,2.3234
E0,2023-04-30,Liverpool,Tottenham,4,3,2.4291,1.4493
E0,2023-04-30,Man United,Aston Villa,1,0,1.3056,0.4347
E0,2023-04-30,Newcastle,Southampton,3,1,3.9146,0.8972
F1,2023-04-30,Clermont,Reims,1,0,1.1284,0.4833
F1,2023-04-30,Marseille,Auxerre,2,1,3.5693,0.4565
F1,2023-04-30,Monaco,Montpellier,0,4,1.3521,2.1106
F1,2023-04-30,Paris SG,Lorient,1,3,1.7628,3.2671
F1,2023-04-30,Rennes,Angers,4,2,2.5114,1.2702
F1,2023-04-30,Strasbourg,Lyon,1,2,1.6875,0.8898
F1,2023-04-30,Troyes,Nice,0,1,0.625,3.6534
I1,2023-04-30,Bologna,Juventus,1,1,1.9477,2.4541
I1,2023-04-30,Cremonese,Verona,1,1,0.5476,0.8636
I1,2023-04-30,Fiorentina,Sampdoria,5,0,2.0443,0.3189
I1,2023-04-30,Inter,Lazio,3,1,2.8253,0.9449
I1,2023-04-30,Napoli,Salernitana,1,1,1.9267,0.2507
I1,2023-04-30,Sassuolo,Empoli,2,1,2.2851,0.7926
SP1,2023-04-30,Cadiz,Valencia,2,1,2.1659,1.052
SP1,2023-04-30,Espanol,Getafe,1,0,2.4442,0.4101
SP1,2023-04-30,Valladolid,Ath Madrid,2,5,1.4664,2.7559
SP1,2023-04-30,Villarreal,Celta,3,1,2.3697,0.7468
E0,2023-05-01,Leicester,Everton,2,2,3.3249,3.2865
SP1,2023-05-01,Mallorca,Ath Bilbao,1,1,1.2911,1.3765
SP1,2023-05-01,Sevilla,Girona,0,2,2.352,1.1301
E0,2023-05-02,Arsenal,Chelsea,3,1,2.7832,0.7852
F1,2023-05-02,Toulouse,Lens,0,1,0.3967,1.3598
SP1,2023-05-02,Almeria,Elche,2,1,1.8254,1.0142
SP1,2023-05-02,Barcelona,Osasuna,1,0,2.4005,0.3556
SP1,2023-05-02,Sociedad,Real Madrid,2,0,2.2625,0.8672
E0,2023-05-03,Liverpool,Fulham,1,0,1.6737,0.7401
E0,2023-05-03,Man City,West Ham,3,0,2.9991,0.4921
F1,2023-05-03,Brest,Nantes,2,0,0.7941,0.7259
I1,2023-05-03,Atalanta,Spezia,3,2,0.8941,0.8178
I1,2023-05-03,Juventus,Lecce,2,1,1.7121,1.3193
I1,2023-05-03,Lazio,Sassuolo,2,0,1.9904,0.6656
I1,2023-05-03,Milan,Cremonese,1,1,2.0138,1.0251
I1,2023-05-03,Monza,Roma,1,1,0.4124,1.2856
I1,2023-05-03,Salernitana,Fiorentina,3,3,0.9956,1.6879
I1,2023-05-03,Sampdoria,Torino,0,2,0.2531,2.1602
I1,2023-05-03,Verona,Inter,0,6,0.6546,3.1652
SP1,2023-05-03,Ath Madrid,Cadiz,5,1,4.2595,0.026
SP1,2023-05-03,Getafe,Celta,1,0,2.8705,0.2191
SP1,2023-05-03,Valencia,Villarreal,1,1,1.0416,0.7428
E0,2023-05-04,Brighton,Man United,1,0,2.0995,1.3211
I1,2023-05-04,Empoli,Bologna,3,1,1.4631,1.8337
I1,2023-05-04,Udinese,Napoli,1,1,0.324,0.3502
SP1,2023-05-04,Ath Bilbao,Betis,0,1,1.0145,0.754
SP1,2023-05-04,Girona,Mallorca,2,1,2.2053,1.3425
SP1,2023-05-04,Sevilla,Espanol,3,2,2.902,0.6185
SP1,2023-05-04,Vallecano,Valladolid,2,1,1.5703,0.5714
D1,2023-05-05,Leverkusen,FC Koln,1,2,0.7249,1.0279
D1,2023-05-05,Mainz,Schalke 04,2,3,0.991,3.1467
D1,2023-05-06,Augsburg,Union Berlin,1,0,1.0094,0.4856
D1,2023-05-06,Freiburg,RB Leipzig,0,1,0.1508,1.8945
D1,2023-05-06,Hertha,Stuttgart,2,1,1.4984,1.0897
D1,2023-05-06,Hoffenheim,Ein Frankfurt,3,1,2.1301,2.4137
D1,2023-05-06,M'gladbach,Bochum,2,0,2.3185,0.9217
D1,2023-05-06,Werder Bremen,Bayern Munich,1,2,0.806,2.0229
E0,2023-05-06,Bournemouth,Chelsea,1,3,1.2175,1.7685
E0,2023-05-06,Liverpool,Brentford,1,0,1.992,0.1839
E0,2023-05-06,Man City,Leeds,2,1,2.8347,0.1409
E0,2023-05-06,Tottenham,Crystal Palace,1,0,1.1566,0.3067
E0,2023-05-06,Wolves,Aston Villa,1,0,0.8061,1.5016
F1,2023-05-06,Lens,Marseille,2,1,1.3356,1.2747
F1,2023-05-06,Nice,Rennes,2,1,1.3341,1.062
F1,2023-05-06,Reims,Lille,1,0,2.0745,1.4276
I1,2023-05-06,Cremonese,Spezia,2,0,0.7603,0.784
I1,2023-05-06,Milan,Lazio,2,0,1.4195,0.8962
I1,2023-05-06,Roma,Inter,0,2,0.875,1.2238
D1,2023-05-07,Dortmund,Wolfsburg,6,0,5.137,0.9461
E0,2023-05-07,Newcastle,Arsenal,0,2,1.3722,1.2906
E0,2023-05-07,West Ham,Man United,1,0,1.7662,1.1942
F1,2023-05-07,Ajaccio,Toulouse,0,0,0.2113,2.5274
F1,2023-05-07,Angers,Monaco,1,2,1.4172,1.5849
F1,2023-05-07,Auxerre,Clermont,1,1,1.577,1.8207
F1,2023-05-07,Lorient,Brest,2,1,1.2305,1.4223
F1,2023-05-07,Lyon,Montpellier,5,4,3.6955,2.3084
F1,2023-05-07,Nantes,Strasbourg,0,2,0.816,1.9483
F1,2023-05-07,Troyes,Paris SG,1,3,0.6151,4.3052
I1,2023-05-07,Atalanta,Juventus,0,2,0.8989,1.4316
I1,2023-05-07,Lecce,Verona,0,1,0.5523,0.5912
I1,2023-05-07,Napoli,Fiorentina,1,0,1.9048,1.1541
I1,2023-05-07,Torino,Monza,1,1,0.7739,0.6896
E0,2023-05-08,Brighton,Everton,1,5,3.2372,2.9422
E0,2023-05-08,Fulham,Leicester,5,3,1.7528,2.9257
E0,2023-05-08,Nott'm Forest,Southampton,4,3,1.9133,3.311
I1,2023-05-08,Empoli,Salernitana,2,1,2.4754,0.4687
I1,2023-05-08,Sassuolo,Bologna,1,1,0.3085,0.2932
I1,2023-05-08,Udinese,Sampdoria,2,0,1.0513,0.5763
D1,2023-05-12,FC Koln,Hertha,5,2,4.7265,1.1176
F1,2023-05-12,Lens,Reims,2,1,1.3547,1.8083
I1,2023-05-12,Lazio,Lecce,2,2,1.3522,1.2103
SP1,2023-05-12,Mallorca,Cadiz,1,0,1.6025,0.6112
D1,2023-05-13,Bayern Munich,Schalke 04,6,0,5.056,0.3396
D1,2023-05-13,Bochum,Augsburg,3,2,1.3235,1.329
D1,2023-05-13,Dortmund,M'gladbach,5,2,6.2451,1.6309
D1,2023-05-13,Ein Frankfurt,Mainz,3,0,2.0383,0.9446
D1,2023-05-13,Union Berlin,Freiburg,4,2,1.4473,2.0889
D1,2023-05-13,Wolfsburg,Hoffenheim,2,1,0.9712,0.7581
E0,2023-05-13,Aston Villa,Tottenham,2,1,1.7999,1.185
E0,2023-05-13,Chelsea,Nott'm Forest,2,2,0.9992,1.968
E0,2023-05-13,Crystal Palace,Bournemouth,2,0,1.4024,0.262
E0,2023-05-13,Leeds,Newcastle,2,2,2.0157,2.3512
E0,2023-05-13,Man United,Wolves,2,0,3.1012,0.2688
E0,2023-05-13,Southampton,Fulham,0,2,0.1496,1.2709
F1,2023-05-13,Paris SG,Ajaccio,5,0,2.3157,0.3136
F1,2023-05-13,Strasbourg,Nice,2,0,1.6706,0.3606
I1,2023-05-13,Inter,Sassuolo,4,2,1.4916,2.1993
I1,2023-05-13,Salernitana,Atalanta,1,0,0.7782,1.3883
I1,2023-05-13,Spezia,Milan,2,0,1.6181,0.8778
SP1,2023-05-13,Osasuna,Almeria,3,1,1.8742,0.5079
SP1,2023-05-13,Real Madrid,Getafe,1,0,0.8793,0.5863
SP1,2023-05-13,Sociedad,Girona,2,2,3.0549,1.4691
SP1,2023-05-13,Villarreal,Ath Bilbao,5,1,3.0927,1.822
D1,2023-05-14,RB Leipzig,Werder Bremen,2,1,1.7972,1.1738
D1,2023-05-14,Stuttgart,Leverkusen,1,1,1.4271,1.5763
E0,2023-05-14,Arsenal,Brighton,0,3,0.9587,2.2128
E0,2023-05-14,Brentford,West Ham,2,0,4.4257,0.2033
E0,2023-05-14,Everton,Man City,0,3,1.186,1.0434
F1,2023-05-14,Brest,Auxerre,1,0,1.633,0.7307
F1,2023-05-14,Clermont,Lyon,2,1,1.7383,1.9049
F1,2023-05-14,Marseille,Angers,3,1,2.9915,0.5594
F1,2023-05-14,Monaco,Lille,0,0,0.6903,1.2934
F1,2023-05-14,Montpellier,Lorient,1,1,1.204,0.5824
F1,2023-05-14,Rennes,Troyes,4,0,3.7582,0.2633
F1,2023-05-14,Toulouse,Nantes,0,0,1.2458,0.6219
I1,2023-05-14,Bologna,Roma,0,0,0.3036,1.3575
I1,2023-05-14,Fiorentina,Udinese,2,0,2.3393,0.2202
I1,2023-05-14,Juventus,Cremonese,2,0,1.802,0.0587
I1,2023-05-14,Monza,Napoli,2,0,1.3767,1.1103
I1,2023-05-14,Verona,Torino,0,1,0.4096,2.4711
SP1,2023-05-14,Celta,Valencia,1,2,1.216,1.8664
SP1,2023-05-14,Elche,Ath Madrid,1,0,2.2849,1.4479
SP1,2023-05-14,Espanol,Barcelona,2,4,2.7273,3.6498
SP1,2023-05-14,Valladolid,Sevilla,0,3,2.0175,3.0578
E0,2023-05-15,Leicester,Liverpool,0,3,0.5275,1.7709
I1,2023-05-15,Sampdoria,Empoli,1,1,1.12,1.1394
SP1,2023-05-15,Betis,Vallecano,3,1,2.696,1.7196
E0,2023-05-18,Newcastle,Brighton,4,1,4.1136,0.5935
D1,2023-05-19,Freiburg,Wolfsburg,2,0,1.4465,0.659
F1,2023-05-19,Lyon,Monaco,3,1,2.4093,1.4657
I1,2023-05-19,Sassuolo,Monza,1,2,1.3935,1.7243
SP1,2023-05-19,Cadiz,Valladolid,2,0,2.1319,0.2068
D1,2023-05-20,Bayern Munich,RB Leipzig,1,3,1.6396,2.6399
D1,2023-05-20,Hertha,Bochum,1,1,1.3616,1.6501
D1,2023-05-20,Hoffenheim,Union Berlin,4,2,2.4902,1.6753
D1,2023-05-20,Schalke 04,Ein Frankfurt,2,2,1.1339,1.3688
D1,2023-05-20,Werder Bremen,FC Koln,1,1,1.9652,1.8559
E0,2023-05-20,Bournemouth,Man United,0,1,0.8157,1.7178
E0,2023-05-20,Fulham,Crystal Palace,2,2,1.9552,1.7079
E0,2023-05-20,Liverpool,Aston Villa,1,1,0.9185,1.4695
E0,2023-05-20,Nott'm Forest,Arsenal,1,0,1.1397,0.4902
E0,2023-05-20,Tottenham,Brentford,1,3,1.6167,1.1534
E0,2023-05-20,Wolves,Everton,1,1,1.2898,2.4698
F1,2023-05-20,Lille,Marseille,2,1,1.8603,1.1991
F1,2023-05-20,Nantes,Montpellier,0,3,0.7513,1.7036
I1,2023-05-20,Atalanta,Verona,3,1,0.9695,1.1713
I1,2023-05-20,Cremonese,Bologna,1,5,0.9947,2.8972
I1,2023-05-20,Milan,Sampdoria,5,1,4.8113,0.3498
SP1,2023-05-20,Almeria,Mallorca,3,0,1.7073,0.3596
SP1,2023-05-20,Ath Bilbao,Celta,2,1,1.042,0.2831
SP1,2023-05-20,Barcelona,Sociedad,1,2,1.8413,2.8035
SP1,2023-05-20,Getafe,Elche,1,1,1.5885,1.3419
SP1,2023-05-20,Girona,Villarreal,1,2,1.3167,1.7158
D1,2023-05-21,Augsburg,Dortmund,0,3,0.4074,3.8801
D1,2023-05-21,Leverkusen,M'gladbach,2,2,1.8991,2.0606
D1,2023-05-21,Mainz,Stuttgart,1,4,1.4161,1.4031
E0,2023-05-21,Brighton,Southampton,3,1,2.4142,0.8637
E0,2023-05-21,Man City,Chelsea,1,0,1.2056,1.1565
E0,2023-05-21,West Ham,Leeds,3,1,2.48,0.6458
F1,2023-05-21,Ajaccio,Rennes,0,5,0.0632,2.0936
F1,2023-05-21,Auxerre,Paris SG,1,2,0.6962,1.8466
F1,2023-05-21,Brest,Clermont,2,1,1.1433,0.3631
F1,2023-05-21,Lorient,Lens,1,3,1.3742,2.3087
F1,2023-05-21,Nice,Toulouse,0,0,2.7813,0.9646
F1,2023-05-21,Reims,Angers,2,2,1.7427,0.7009
F1,2023-05-21,Troyes,Strasbourg,1,1,0.7066,2.3002
I1,2023-05-21,Lecce,Spezia,0,0,0.2028,0.7141
I1,2023-05-21,Napoli,Inter,3,1,1.8458,0.7307
I1,2023-05-21,Torino,Fiorentina,1,1,0.818,0.6976
I1,2023-05-21,Udinese,Lazio,0,1,0.4349,2.0906
SP1,2023-05-21,Ath Madrid,Osasuna,3,0,2.0877,0.7145
SP1,2023-05-21,Sevilla,Betis,0,0,1.5195,0.1141
SP1,2023-05-21,Valencia,Real Madrid,1,0,1.4913,2.089
SP1,2023-05-21,Vallecano,Espanol,1,2,1.8311,1.3061
E0,2023-05-22,Newcastle,Leicester,0,0,2.0509,0.0839
I1,2023-05-22,Empoli,Juventus,4,1,3.5431,2.2039
I1,2023-05-22,Roma,Salernitana,2,2,1.2807,1.0681
SP1,2023-05-23,Celta,Girona,1,1,0.9333,1.4003
SP1,2023-05-23,Sociedad,Almeria,1,0,1.9198,0.0996
SP1,2023-05-23,Valladolid,Barcelona,3,1,2.2059,1.7287
E0,2023-05-24,Brighton,Man City,1,1,2.1149,1.9297
SP1,2023-05-24,Betis,Getafe,0,1,1.0928,0.3444
SP1,2023-05-24,Elche,Sevilla,1,1,1.3585,0.8891
SP1,2023-05-24,Espanol,Ath Madrid,3,3,3.036,2.7635
SP1,2023-05-24,Real Madrid,Vallecano,2,1,1.6628,0.4464
SP1,2023-05-24,Villarreal,Cadiz,2,0,2.9741,2.0963
E0,2023-05-25,Man United,Chelsea,4,1,4.9223,1.6836
SP1,2023-05-25,Mallorca,Valencia,1,0,0.5385,2.073
SP1,2023-05-25,Osasuna,Ath Bilbao,2,0,0.9067,0.5341
I1,2023-05-26,Sampdoria,Sassuolo,2,2,2.2195,3.0489
D1,2023-05-27,Bochum,Leverkusen,3,0,1.5618,0.864
D1,2023-05-27,Dortmund,Mainz,2,2,4.0992,1.681
D1,2023-05-27,Ein Frankfurt,Freiburg,2,1,2.0419,1.4647
D1,2023-05-27,FC Koln,Bayern Munich,1,2,1.1567,1.6803
D1,2023-05-27,M'gladbach,Augsburg,2,0,2.99,0.4345
D1,2023-05-27,RB Leipzig,Schalke 04,4,2,2.9719,1.2165
D1,2023-05-27,Stuttgart,Hoffenheim,1,1,2.192,1.1608
D1,2023-05-27,Union Berlin,Werder Bremen,1,0,0.7832,0.3996
D1,2023-05-27,Wolfsburg,Hertha,1,2,3.2099,1.4416
F1,2023-05-27,Angers,Troyes,2,1,0.7758,0.2349
F1,2023-05-27,Clermont,Lorient,2,0,1.3467,0.9985
F1,2023-05-27,Lens,Ajaccio,3,0,2.2967,0.1881
F1,2023-05-27,Lille,Nantes,2,1,2.1639,1.0893
F1,2023-05-27,Lyon,Reims,3,0,3.2201,0.506
F1,2023-05-27,Marseille,Brest,1,2,0.9689,1.5307
F1,2023-05-27,Montpellier,Nice,2,3,1.6161,4.5949
F1,2023-05-27,Rennes,Monaco,2,0,0.7598,0.3775
F1,2023-05-27,Strasbourg,Paris SG,1,1,1.3364,1.1606
F1,2023-05-27,Toulouse,Auxerre,1,1,1.2167,0.6535
I1,2023-05-27,Fiorentina,Roma,2,1,2.999,1.2682
I1,2023-05-27,Inter,Atalanta,3,2,2.4865,0.7314
I1,2023-05-27,Salernitana,Udinese,3,2,0.9809,2.3981
I1,2023-05-27,Spezia,Torino,0,4,1.0567,1.4695
SP1,2023-05-27,Sevilla,Real Madrid,1,2,0.9802,0.8157
E0,2023-05-28,Arsenal,Wolves,5,0,3.0247,0.3877
E0,2023-05-28,Aston Villa,Brighton,2,1,2.5585,1.2312
E0,2023-05-28,Brentford,Man City,1,0,1.4389,1.1865
E0,2023-05-28,Chelsea,Newcastle,1,1,2.0192,1.519
E0,2023-05-28,Crystal Palace,Nott'm Forest,1,1,1.0079,0.4364
E0,2023-05-28,Everton,Bournemouth,1,0,1.1293,0.4321
E0,2023-05-28,Leeds,Tottenham,1,4,1.1915,2.0332
E0,2023-05-28,Leicester,West Ham,2,1,2.0301,0.9704
E0,2023-05-28,Man United,Fulham,2,1,2.7477,1.8817
E0,2023-05-28,Southampton,Liverpool,4,4,1.3396,4.0034
I1,2023-05-28,Bologna,Napoli,2,2,1.9362,2.0181
I1,2023-05-28,Juventus,Milan,0,1,0.5854,0.6626
I1,2023-05-28,Lazio,Cremonese,3,2,2.4534,0.381
I1,2023-05-28,Monza,Lecce,0,1,0.9485,1.1109
I1,2023-05-28,Verona,Empoli,1,1,1.1285,1.1183
SP1,2023-05-28,Almeria,Valladolid,0,0,1.5528,0.3644
SP1,2023-05-28,Ath Bilbao,Elche,0,1,2.9139,0.7694
SP1,2023-05-28,Ath Madrid,Sociedad,2,1,0.8186,0.9438
SP1,2023-05-28,Barcelona,Mallorca,3,0,4.4082,0.1243
SP1,2023-05-28,Cadiz,Celta,1,0,1.5983,0.5994
SP1,2023-05-28,Getafe,Osasuna,2,1,2.7187,0.4323
SP1,2023-05-28,Girona,Betis,1,2,1.6332,2.3207
SP1,2023-05-28,Valencia,Espanol,2,2,2.5327,1.7806
SP1,2023-05-28,Vallecano,Villarreal,2,1,1.1661,0.6229
I1,2023-06-02,Sassuolo,Fiorentina,1,3,1.0349,2.0708
F1,2023-06-03,Ajaccio,Marseille,1,0,0.1294,1.2243
F1,2023-06-03,Auxerre,Lens,1,3,2.0342,3.1998
F1,2023-06-03,Brest,Rennes,1,2,1.226,1.5749
F1,2023-06-03,Lorient,Strasbourg,2,1,0.4899,0.8517
F1,2023-06-03,Monaco,Toulouse,1,2,2.1529,2.6669
F1,2023-06-03,Nantes,Angers,1,0,1.0607,0.1902
F1,2023-06-03,Nice,Lyon,3,1,2.3054,1.6831
F1,2023-06-03,Paris SG,Clermont,2,3,2.2351,2.9791
F1,2023-06-03,Reims,Montpellier,1,3,1.8412,2.2192
F1,2023-06-03,Troyes,Lille,1,1,0.2418,1.6962
I1,2023-06-03,Cremonese,Salernitana,2,0,1.5805,0.3969
I1,2023-06-03,Empoli,Lazio,0,2,0.2719,1.5596
I1,2023-06-03,Torino,Inter,0,1,1.4179,0.8791
I1,2023-06-04,Atalanta,Monza,5,2,3.6609,1.4138
I1,2023-06-04,Lecce,Bologna,2,3,1.2129,0.7757
I1,2023-06-04,Milan,Verona,3,1,2.2647,0.8664
I1,2023-06-04,Napoli,Sampdoria,2,0,1.9182,0.6491
I1,2023-06-04,Roma,Spezia,2,1,2.2804,1.1067
I1,2023-06-04,Udinese,Juventus,0,1,0.9557,1.4745
SP1,2023-06-04,Betis,Valencia,1,1,0.6779,0.846
SP1,2023-06-04,Celta,Barcelona,2,1,0.5656,1.4168
SP1,2023-06-04,Elche,Cadiz,1,1,1.534,2.2226
SP1,2023-06-04,Espanol,Almeria,3,3,0.5001,2.035
SP1,2023-06-04,Mallorca,Vallecano,3,0,2.2512,1.04
SP1,2023-06-04,Osasuna,Girona,2,1,1.9172,0.8225
SP1,2023-06-04,Real Madrid,Ath Bilbao,1,1,1.7222,2.1799
SP1,2023-06-04,Sociedad,Sevilla,2,1,2.3539,0.4615
SP1,2023-06-04,Valladolid,Getafe,0,0,0.6868,0.2792
SP1,2023-06-04,Villarreal,Ath Madrid,2,2,2.0639,1.1607
E0,2023-08-11,Burnley,Man City,0,3,0.311,2.4007
SP1,2023-08-11,Almeria,Vallecano,0,2,1.1196,2.0953
SP1,2023-08-11,Sevilla,Valencia,1,2,0.7141,1.068
E0,2023-08-12,Arsenal,Nott'm Forest,2,1,0.8426,0.9663
E0,2023-08-12,Bournemouth,West Ham,1,1,1.5103,1.4834
E0,2023-08-12,Brighton,Luton,4,1,4.3675,1.8859
E0,2023-08-12,Everton,Fulham,0,1,2.59,1.5814
E0,2023-08-12,Newcastle,Aston Villa,5,1,4.3221,1.486
E0,2023-08-12,Sheffield United,Crystal Palace,0,1,0.4227,2.2762
F1,2023-08-12,Brest,Lens,3,2,2.9193,0.96
F1,2023-08-12,Marseille,Reims,2,1,1.5127,0.9934
F1,2023-08-12,Nice,Lille,1,1,1.1214,1.5344
F1,2023-08-12,Paris SG,Lorient,0,0,1.3617,0.1363
SP1,2023-08-12,Ath Bilbao,Real Madrid,0,2,0.7006,1.3327
SP1,2023-08-12,Las Palmas,Mallorca,1,1,0.8717,1.4941
SP1,2023-08-12,Sociedad,Girona,1,1,1.4602,1.2779
E0,2023-08-13,Brentford,Tottenham,2,2,1.9076,1.4532
E0,2023-08-13,Chelsea,Liverpool,1,1,1.9326,1.2999
F1,2023-08-13,Clermont,Monaco,2,4,1.9798,3.4043
F1,2023-08-13,Montpellier,Le Havre,2,2,1.2977,1.2496
F1,2023-08-13,Nantes,Toulouse,1,2,1.0703,2.0604
F1,2023-08-13,Rennes,Metz,5,1,4.6797,0.5618
F1,2023-08-13,Strasbourg,Lyon,2,1,1.1618,2.0539
SP1,2023-08-13,Celta,Osasuna,0,2,0.7832,0.9646
SP1,2023-08-13,Getafe,Barcelona,0,0,0.8045,1.6782
SP1,2023-08-13,Villarreal,Betis,1,2,0.7378,0.9693
E0,2023-08-14,Man United,Wolves,1,0,1.9709,1.7223
SP1,2023-08-14,Ath Madrid,Granada,3,1,3.0125,1.1345
SP1,2023-08-14,Cadiz,Alaves,1,0,0.8224,0.2274
D1,2023-08-18,Werder Bremen,Bayern Munich,0,4,0.6397,2.897
E0,2023-08-18,Nott'm Forest,Sheffield United,2,1,1.3718,0.551
F1,2023-08-18,Metz,Marseille,2,2,0.3609,1.4935
SP1,2023-08-18,Mallorca,Villarreal,0,1,0.3701,2.1246
SP1,2023-08-18,Valencia,Las Palmas,1,0,1.5032,0.742
D1,2023-08-19,Augsburg,M'gladbach,4,4,2.5348,1.9185
D1,2023-08-19,Dortmund,FC Koln,1,0,1.7232,1.5139
D1,2023-08-19,Hoffenheim,Freiburg,1,2,1.6719,3.2482
D1,2023-08-19,Leverkusen,RB Leipzig,3,2,1.7328,1.6039
D1,2023-08-19,Stuttgart,Bochum,5,0,3.9866,0.6691
D1,2023-08-19,Wolfsburg,Heidenheim,2,0,3.2145,1.1778
E0,2023-08-19,Fulham,Brentford,0,3,0.3999,3.4689
E0,2023-08-19,Liverpool,Bournemouth,3,1,3.2545,1.3867
E0,2023-08-19,Man City,Newcastle,1,0,1.2253,0.2572
E0,2023-08-19,Tottenham,Man United,2,0,2.539,2.446
E0,2023-08-19,Wolves,Brighton,1,4,2.6882,3.1556
F1,2023-08-19,Lyon,Montpellier,1,4,0.6416,1.9181
F1,2023-08-19,Toulouse,Paris SG,1,1,1.1599,2.0042
I1,2023-08-19,Empoli,Verona,0,1,0.8447,0.6908
I1,2023-08-19,Frosinone,Napoli,1,3,0.8712,1.3146
I1,2023-08-19,Genoa,Fiorentina,1,4,0.7973,1.1197
I1,2023-08-19,Inter,Monza,2,0,2.4955,0.5812
SP1,2023-08-19,Almeria,Real Madrid,1,3,1.8133,2.8802
SP1,2023-08-19,Osasuna,Ath Bilbao,0,2,1.3358,1.8891
SP1,2023-08-19,Sociedad,Celta,1,1,0.9177,1.7794
D1,2023-08-20,Ein Frankfurt,Darmstadt,1,0,1.2399,0.8133
D1,2023-08-20,Union Berlin,Mainz,4,1,2.1128,2.52
E0,2023-08-20,Aston Villa,Everton,4,0,3.2434,0.7215
E0,2023-08-20,West Ham,Chelsea,3,1,1.7123,1.6092
F1,2023-08-20,Le Havre,Brest,1,2,0.867,1.6047
F1,2023-08-20,Lens,Rennes,1,1,1.3445,1.626
F1,2023-08-20,Lille,Nantes,2,0,3.239,1.2716
F1,2023-08-20,Lorient,Nice,1,1,0.7508,2.4265
F1,2023-08-20,Monaco,Strasbourg,3,0,1.3095,0.5526
F1,2023-08-20,Reims,Clermont,2,0,2.4148,0.3996
I1,2023-08-20,Lecce,Lazio,2,1,1.7541,2.2222
I1,2023-08-20,Roma,Salernitana,2,2,2.0061,0.3643
I1,2023-08-20,Sassuolo,Atalanta,0,2,0.3813,1.5006
I1,2023-08-20,Udinese,Juventus,0,3,1.2099,1.8644
SP1,2023-08-20,Barcelona,Cadiz,2,0,3.4252,1.1113
SP1,2023-08-20,Betis,Ath Madrid,0,0,1.0264,0.3449
SP1,2023-08-20,Girona,Getafe,3,0,1.8661,0.7549
E0,2023-08-21,Crystal Palace,Arsenal,0,1,1.0692,2.2059
I1,2023-08-21,Bologna,Milan,0,2,1.1735,1.1479
I1,2023-08-21,Torino,Cagliari,0,0,1.031,0.4432
SP1,2023-08-21,Alaves,Sevilla,4,3,2.1796,0.9586
SP1,2023-08-21,Granada,Vallecano,0,2,0.8371,2.7851
D1,2023-08-25,RB Leipzig,Stuttgart,5,1,2.0934,1.1833
E0,2023-08-25,Chelsea,Luton,3,0,3.4142,0.4657
F1,2023-08-25,Nantes,Monaco,3,3,0.9068,4.9581
SP1,2023-08-25,Celta,Real Madrid,0,1,1.1783,1.6167
SP1,2023-08-25,Las Palmas,Sociedad,0,0,1.5693,1.1175
D1,2023-08-26,Bochum,Dortmund,1,1,1.0116,1.1724
D1,2023-08-26,Darmstadt,Union Berlin,1,4,2.5999,1.6379
D1,2023-08-26,FC Koln,Wolfsburg,1,2,0.643,2.2695
D1,2023-08-26,Freiburg,Werder Bremen,1,0,1.7188,0.697
D1,2023-08-26,Heidenheim,Hoffenheim,2,3,2.73,2.7577
D1,2023-08-26,M'gladbach,Leverkusen,0,3,1.7642,3.653
E0,2023-08-26,Arsenal,Fulham,2,2,3.2309,0.8498
E0,2023-08-26,Bournemouth,Tottenham,0,2,0.4836,2.2612
E0,2023-08-26,Brentford,Crystal Palace,1,1,0.948,1.0606
E0,2023-08-26,Brighton,West Ham,1,3,1.3743,2.9527
E0,2023-08-26,Everton,Wolves,0,1,1.8979,1.4023
E0,2023-08-26,Man United,Nott'm Forest,3,2,3.028,0.9604
F1,2023-08-26,Marseille,Brest,2,0,3.509,1.728
F1,2023-08-26,Paris SG,Lens,3,1,1.8671,0.4871
I1,2023-08-26,Frosinone,Atalanta,2,1,0.7608,1.442
I1,2023-08-26,Milan,Torino,4,1,3.2528,0.5632
I1,2023-08-26,Monza,Empoli,2,0,2.0469,1.1382
I1,2023-08-26,Verona,Roma,2,1,0.9045,2.0041
SP1,2023-08-26,Cadiz,Almeria,1,1,1.562,0.2716
SP1,2023-08-26,Granada,Mallorca,3,2,1.8138,2.5023
SP1,2023-08-26,Sevilla,Girona,1,2,1.9364,1.075
D1,2023-08-27,Bayern Munich,Augsburg,3,1,2.823,0.7262
D1,2023-08-27,Mainz,Ein Frankfurt,1,1,1.4423,1.1573
E0,2023-08-27,Burnley,Aston Villa,1,3,0.6306,2.8369
E0,2023-08-27,Newcastle,Liverpool,1,2,1.6204,0.8561
E0,2023-08-27,Sheffield United,Man City,1,2,0.7622,3.848
F1,2023-08-27,Clermont,Metz,0,1,0.5406,0.7915
F1,2023-08-27,Lorient,Lille,4,1,1.745,1.4513
F1,2023-08-27,Montpellier,Reims,1,3,1.4217,1.8496
F1,2023-08-27,Nice,Lyon,0,0,1.8233,0.2555
F1,2023-08-27,Rennes,Le Havre,2,2,3.4973,0.4148
F1,2023-08-27,Strasbourg,Toulouse,2,0,2.85,0.3087
I1,2023-08-27,Fiorentina,Lecce,2,2,1.51,0.494
I1,2023-08-27,Juventus,Bologna,1,1,0.9158,0.6874
I1,2023-08-27,Lazio,Genoa,0,1,0.9379,0.6951
I1,2023-08-27,Napoli,Sassuolo,2,0,3.5349,0.1456
SP1,2023-08-27,Ath Bilbao,Betis,4,2,2.8673,0.3462
SP1,2023-08-27,Valencia,Osasuna,1,2,1.8765,1.4594
SP1,2023-08-27,Villarreal,Barcelona,3,4,1.872,2.9581
I1,2023-08-28,Cagliari,Inter,0,2,0.4843,1.2542
I1,2023-08-28,Salernitana,Udinese,1,1,0.5594,0.5484
SP1,2023-08-28,Getafe,Alaves,1,0,2.6703,0.8606
SP1,2023-08-28,Vallecano,Ath Madrid,0,7,0.5429,3.2942
D1,2023-09-01,Dortmund,Heidenheim,2,2,2.7479,2.0952
E0,2023-09-01,Luton,West Ham,1,2,2.0224,1.2253
F1,2023-09-01,Nantes,Marseille,1,1,0.6216,2.7787
I1,2023-09-01,Roma,Milan,1,2,0.4124,1.6287
I1,2023-09-01,Sassuolo,Verona,3,1,2.6214,0.5555
SP1,2023-09-01,Almeria,Celta,2,3,3.1642,1.9603
SP1,2023-09-01,Cadiz,Villarreal,3,1,1.9721,0.494
D1,2023-09-02,Augsburg,Bochum,2,2,1.8811,1.8649
D1,2023-09-02,Hoffenheim,Wolfsburg,3,1,1.7869,1.4154
D1,2023-09-02,Leverkusen,Darmstadt,5,1,3.426,0.6819
D1,2023-09-02,M'gladbach,Bayern Munich,1,2,0.2012,2.1495
D1,2023-09-02,Stuttgart,Freiburg,5,0,2.096,1.5037
D1,2023-09-02,Werder Bremen,Mainz,4,0,3.0132,0.6581
E0,2023-09-02,Brentford,Bournemouth,2,2,3.0718,2.1101
E0,2023-09-02,Brighton,Newcastle,3,1,1.3226,0.9048
E0,2023-09-02,Burnley,Tottenham,2,5,1.666,2.3979
E0,2023-09-02,Chelsea,Nott'm Forest,0,1,2.2844,1.1505
E0,2023-09-02,Man City,Fulham,5,1,2.0015,1.4643
E0,2023-09-02,Sheffield United,Everton,2,2,1.575,2.7387
F1,2023-09-02,Brest,Rennes,0,0,1.5847,0.2483
F1,2023-09-02,Monaco,Lens,3,0,1.2494,0.6124
I1,2023-09-02,Atalanta,Monza,3,0,1.965,0.3704
I1,2023-09-02,Bologna,Cagliari,2,1,2.8268,0.5371
I1,2023-09-02,Napoli,Lazio,1,2,1.0434,1.0483
I1,2023-09-02,Udinese,Frosinone,0,0,2.0784,2.4171
SP1,2023-09-02,Alaves,Valencia,1,0,1.9047,0.7158
SP1,2023-09-02,Betis,Vallecano,1,0,0.9192,1.5355
SP1,2023-09-02,Real Madrid,Getafe,2,1,2.6467,0.8937
SP1,2023-09-02,Sociedad,Granada,5,3,2.0869,0.5495
D1,2023-09-03,Ein Frankfurt,FC Koln,1,1,1.2824,0.9311
D1,2023-09-03,Union Berlin,RB Leipzig,0,3,0.1782,1.214
E0,2023-09-03,Arsenal,Man United,3,1,1.9097,0.9661
E0,2023-09-03,Crystal Palace,Wolves,3,2,2.3293,1.1391
E0,2023-09-03,Liverpool,Aston Villa,3,0,2.7314,0.6155
F1,2023-09-03,Le Havre,Lorient,3,0,1.7003,0.6756
F1,2023-09-03,Lille,Montpellier,1,0,1.3391,0.7934
F1,2023-09-03,Lyon,Paris SG,1,4,2.4426,4.9195
F1,2023-09-03,Metz,Reims,2,2,1.1476,0.8595
F1,2023-09-03,Nice,Strasbourg,2,0,2.2881,0.1585
F1,2023-09-03,Toulouse,Clermont,2,2,0.6411,1.4043
I1,2023-09-03,Empoli,Juventus,0,2,0.3042,3.0494
I1,2023-09-03,Inter,Fiorentina,4,0,5.2147,0.3466
I1,2023-09-03,Lecce,Salernitana,2,0,1.8366,1.0537
I1,2023-09-03,Torino,Genoa,1,0,0.4814,0.102
SP1,2023-09-03,Girona,Las Palmas,1,0,1.424,1.187
SP1,2023-09-03,Mallorca,Ath Bilbao,0,0,0.4031,0.6455
SP1,2023-09-03,Osasuna,Barcelona,1,2,0.8018,1.7726
D1,2023-09-15,Bayern Munich,Leverkusen,2,2,2.7437,2.4584
F1,2023-09-15,Paris SG,Nice,2,3,1.2193,1.9499
SP1,2023-09-15,Vallecano,Alaves,2,0,2.646,0.5562
D1,2023-09-16,Bochum,Ein Frankfurt,1,1,2.1732,0.738
D1,2023-09-16,FC Koln,Hoffenheim,1,3,1.1943,1.0699
D1,2023-09-16,Freiburg,Dortmund,2,4,1.1467,3.3725
D1,2023-09-16,Mainz,Stuttgart,1,3,1.1655,2.0637
D1,2023-09-16,RB Leipzig,Augsburg,3,0,1.4628,1.3405
D1,2023-09-16,Wolfsburg,Union Berlin,2,1,0.5669,1.5694
E0,2023-09-16,Aston Villa,Crystal Palace,3,1,2.3152,1.117
E0,2023-09-16,Fulham,Luton,1,0,1.757,1.457
E0,2023-09-16,Man United,Brighton,1,3,0.72,1.9391
E0,2023-09-16,Newcastle,Brentford,1,0,1.5013,0.6337
E0,2023-09-16,Tottenham,Sheffield United,2,1,2.1591,0.7907
E0,2023-09-16,West Ham,Man City,1,3,0.8956,4.1505
E0,2023-09-16,Wolves,Liverpool,1,3,0.5388,2.827
F1,2023-09-16,Lens,Metz,0,1,1.6119,0.6296
F1,2023-09-16,Rennes,Lille,2,2,0.4277,1.609
I1,2023-09-16,Genoa,Napoli,2,2,1.3301,0.9843
I1,2023-09-16,Inter,Milan,5,1,2.9542,0.9896
I1,2023-09-16,Juventus,Lazio,3,1,2.6734,0.7048
SP1,2023-09-16,Ath Bilbao,Cadiz,3,0,4.0584,0.2388
SP1,2023-09-16,Barcelona,Betis,5,0,2.5463,0.8529
SP1,2023-09-16,Celta,Mallorca,0,1,2.0649,0.8532
SP1,2023-09-16,Valencia,Ath Madrid,3,0,2.2214,0.5641
D1,2023-09-17,Darmstadt,M'gladbach,3,3,1.328,3.4932
D1,2023-09-17,Heidenheim,Werder Bremen,4,2,1.9624,2.5598
E0,2023-09-17,Bournemouth,Chelsea,0,0,1.3252,1.3968
E0,2023-09-17,Everton,Arsenal,0,1,0.2832,0.8026
F1,2023-09-17,Clermont,Nantes,0,1,1.2642,0.8663
F1,2023-09-17,Lorient,Monaco,2,2,0.6607,1.5406
F1,2023-09-17,Lyon,Le Havre,0,0,1.8331,1.2516
F1,2023-09-17,Marseille,Toulouse,0,0,1.1685,0.8823
F1,2023-09-17,Reims,Brest,1,2,1.9744,1.5607
F1,2023-09-17,Strasbourg,Montpellier,2,2,2.2723,1.036
I1,2023-09-17,Cagliari,Udinese,0,0,2.2007,0.837
I1,2023-09-17,Fiorentina,Atalanta,3,2,1.4533,0.6321
I1,2023-09-17,Frosinone,Sassuolo,4,2,2.9702,1.9343
I1,2023-09-17,Monza,Lecce,1,1,3.2956,0.8957
I1,2023-09-17,Roma,Empoli,7,0,2.4929,0.1668
SP1,2023-09-17,Getafe,Osasuna,3,2,0.7365,1.2961
SP1,2023-09-17,Real Madrid,Sociedad,2,1,2.569,2.1546
SP1,2023-09-17,Sevilla,Las Palmas,1,0,2.4306,1.0351
SP1,2023-09-17,Villarreal,Almeria,2,1,1.4321,1.7679
E0,2023-09-18,Nott'm Forest,Burnley,1,1,0.7058,0.8077
I1,2023-09-18,Salernitana,Torino,0,3,0.6947,1.5456
I1,2023-09-18,Verona,Bologna,0,0,0.4084,0.8966
SP1,2023-09-18,Granada,Girona,2,4,1.9726,2.1418
D1,2023-09-22,Stuttgart,Darmstadt,3,1,3.0495,0.2724
F1,2023-09-22,Monaco,Nice,0,1,1.8014,1.1014
I1,2023-09-22,Lecce,Genoa,1,0,1.009,0.5325
I1,2023-09-22,Salernitana,Frosinone,1,1,0.8346,0.9874
SP1,2023-09-22,Alaves,Ath Bilbao,0,2,1.9732,1.7762
D1,2023-09-23,Augsburg,Mainz,2,1,1.0468,0.4873
D1,2023-09-23,Bayern Munich,Bochum,7,0,6.0261,0.0892
D1,2023-09-23,Dortmund,Wolfsburg,1,0,2.1648,0.3433
D1,2023-09-23,M'gladbach,RB Leipzig,0,1,0.772,1.0374
D1,2023-09-23,Union Berlin,Hoffenheim,0,2,1.6244,2.1536
D1,2023-09-23,Werder Bremen,FC Koln,2,1,1.5997,1.9895
E0,2023-09-23,Brentford,Everton,1,3,1.574,2.515
E0,2023-09-23,Burnley,Man United,0,1,0.9354,0.8403
E0,2023-09-23,Crystal Palace,Fulham,0,0,0.3724,0.5427
E0,2023-09-23,Luton,Wolves,1,1,2.241,0.763
E0,2023-09-23,Man City,Nott'm Forest,2,0,1.3398,0.7291
F1,2023-09-23,Brest,Lyon,1,0,2.5451,0.2541
F1,2023-09-23,Nantes,Lorient,5,3,2.5291,1.5967
I1,2023-09-23,Lazio,Monza,1,1,1.0235,1.8096
I1,2023-09-23,Milan,Verona,1,0,0.9167,0.8458
I1,2023-09-23,Sassuolo,Juventus,4,2,1.7424,1.3682
SP1,2023-09-23,Almeria,Valencia,2,2,2.4639,0.9957
SP1,2023-09-23,Barcelona,Celta,3,2,1.8225,1.6794
SP1,2023-09-23,Girona,Mallorca,5,3,4.1922,2.426
SP1,2023-09-23,Osasuna,Sevilla,0,0,1.5736,0.6939
D1,2023-09-24,Ein Frankfurt,Freiburg,0,0,0.7541,0.4075
D1,2023-09-24,Leverkusen,Heidenheim,4,1,3.9745,0.6597
E0,2023-09-24,Arsenal,Tottenham,2,2,2.3429,2.2117
E0,2023-09-24,Brighton,Bournemouth,3,1,2.1453,1.5898
E0,2023-09-24,Chelsea,Aston Villa,0,1,1.1972,1.1348
E0,2023-09-24,Liverpool,West Ham,3,1,4.1426,1.5388
E0,2023-09-24,Sheffield United,Newcastle,0,8,0.5794,5.1082
F1,2023-09-24,Le Havre,Clermont,2,1,1.0173,0.7161
F1,2023-09-24,Lens,Toulouse,2,1,3.0878,0.6494
F1,2023-09-24,Metz,Strasbourg,0,1,1.038,0.4561
F1,2023-09-24,Montpellier,Rennes,0,0,1.3823,0.9336
F1,2023-09-24,Paris SG,Marseille,4,0,2.0022,0.5687
I1,2023-09-24,Atalanta,Cagliari,2,0,1.6772,1.0031
I1,2023-09-24,Bologna,Napoli,0,0,0.1847,1.8485
I1,2023-09-24,Empoli,Inter,0,1,0.3307,1.6352
I1,2023-09-24,Torino,Roma,1,1,1.1068,1.1076
I1,2023-09-24,Udinese,Fiorentina,0,2,2.4006,0.2811
SP1,2023-09-24,Ath Madrid,Real Madrid,3,1,1.7958,0.8479
SP1,2023-09-24,Betis,Cadiz,1,1,2.7074,0.5709
SP1,2023-09-24,Las Palmas,Granada,1,0,0.7013,0.0379
SP1,2023-09-24,Sociedad,Getafe,4,3,2.1338,1.594
SP1,2023-09-24,Vallecano,Villarreal,1,1,1.0345,1.0365
F1,2023-09-26,Lille,Reims,1,2,1.4177,1.2182
I1,2023-09-26,Juventus,Lecce,1,0,1.6499,0.0668
SP1,2023-09-26,Mallorca,Barcelona,2,2,1.2137,1.6281
SP1,2023-09-26,Sevilla,Almeria,5,1,2.9051,1.3707
I1,2023-09-27,Cagliari,Milan,1,3,0.6761,2.1084
I1,2023-09-27,Empoli,Salernitana,1,0,2.2911,0.4774
I1,2023-09-27,Inter,Sassuolo,1,2,1.0246,1.024
I1,2023-09-27,Lazio,Torino,2,0,0.7737,0.2135
I1,2023-09-27,Napoli,Udinese,4,1,3.7092,0.8219
I1,2023-09-27,Verona,Atalanta,0,1,0.3253,1.3836
SP1,2023-09-27,Ath Bilbao,Getafe,2,2,0.6088,1.3078
SP1,2023-09-27,Cadiz,Vallecano,0,0,0.3576,0.2584
SP1,2023-09-27,Real Madrid,Las Palmas,2,0,2.7154,0.618
SP1,2023-09-27,Valencia,Sociedad,0,1,0.3568,0.2935
SP1,2023-09-27,Villarreal,Girona,1,2,1.8907,2.2994
I1,2023-09-28,Frosinone,Fiorentina,1,1,0.976,1.4527
I1,2023-09-28,Genoa,Roma,4,1,1.598,1.2962
I1,2023-09-28,Monza,Bologna,0,0,1.0278,1.0418
SP1,2023-09-28,Celta,Alaves,1,1,0.4975,2.3971
SP1,2023-09-28,Granada,Betis,1,1,1.5511,0.8707
SP1,2023-09-28,Osasuna,Ath Madrid,0,2,0.7594,1.2283
D1,2023-09-29,Hoffenheim,Dortmund,1,3,1.8513,1.694
F1,2023-09-29,Strasbourg,Lens,0,1,0.305,1.5223
SP1,2023-09-29,Barcelona,Sevilla,1,0,2.5598,1.0756
D1,2023-09-30,Bochum,M'gladbach,1,3,1.4651,2.8679
D1,2023-09-30,FC Koln,Stuttgart,0,2,0.8034,2.0667
D1,2023-09-30,Heidenheim,Union Berlin,1,0,0.5429,2.1613
D1,2023-09-30,Mainz,Leverkusen,0,3,0.389,0.812
D1,2023-09-30,RB Leipzig,Bayern Munich,2,2,0.7934,1.951
D1,2023-09-30,Wolfsburg,Ein Frankfurt,2,0,2.7774,1.092
E0,2023-09-30,Aston Villa,Brighton,6,1,1.9075,1.7282
E0,2023-09-30,Bournemouth,Arsenal,0,4,0.6444,4.0742
E0,2023-09-30,Everton,Luton,1,2,3.6538,1.5102
E0,2023-09-30,Man United,Crystal Palace,0,1,1.5541,1.1902
E0,2023-09-30,Newcastle,Burnley,2,0,3.0852,0.8018
E0,2023-09-30,Tottenham,Liverpool,2,1,2.1882,1.123
E0,2023-09-30,West Ham,Sheffield United,2,0,3.1975,0.912
E0,2023-09-30,Wolves,Man City,2,1,0.674,0.9808
F1,2023-09-30,Clermont,Paris SG,0,0,1.1601,2.9912
F1,2023-09-30,Monaco,Marseille,3,2,1.5165,0.9088
I1,2023-09-30,Lecce,Napoli,0,4,0.6126,2.7169
I1,2023-09-30,Milan,Lazio,2,0,2.6918,0.5025
I1,2023-09-30,Salernitana,Inter,0,4,0.6201,2.5554
SP1,2023-09-30,Getafe,Villarreal,0,0,0.7684,0.1122
SP1,2023-09-30,Girona,Real Madrid,0,3,2.1778,2.786
SP1,2023-09-30,Sociedad,Ath Bilbao,3,0,1.3824,1.9604
SP1,2023-09-30,Vallecano,Mallorca,2,2,1.7862,1.3369
D1,2023-10-01,Darmstadt,Werder Bremen,4,2,2.3492,1.5463
D1,2023-10-01,Freiburg,Augsburg,2,0,1.2721,1.0008
E0,2023-10-01,Nott'm Forest,Brentford,1,1,0.8003,1.7586
F1,2023-10-01,Le Havre,Lille,0,2,1.0583,1.3869
F1,2023-10-01,Lorient,Montpellier,0,3,0.7999,2.7704
F1,2023-10-01,Nice,Brest,0,0,1.0329,0.153
F1,2023-10-01,Reims,Lyon,2,0,1.996,0.3899
F1,2023-10-01,Rennes,Nantes,3,1,2.3169,0.903
F1,2023-10-01,Toulouse,Metz,3,0,2.3397,0.5985
I1,2023-10-01,Atalanta,Juventus,0,0,1.9773,0.2031
I1,2023-10-01,Bologna,Empoli,3,0,3.2887,1.0491
I1,2023-10-01,Roma,Frosinone,2,0,0.8307,0.7919
I1,2023-10-01,Udinese,Genoa,2,2,1.5312,0.8333
SP1,2023-10-01,Alaves,Osasuna,0,2,1.5824,1.2674
SP1,2023-10-01,Almeria,Granada,3,3,2.2419,3.5142
SP1,2023-10-01,Ath Madrid,Cadiz,3,2,3.101,0.6773
SP1,2023-10-01,Betis,Valencia,3,0,2.5375,0.5105
E0,2023-10-02,Fulham,Chelsea,0,2,0.8894,1.9846
I1,2023-10-02,Fiorentina,Cagliari,3,0,1.5268,0.8136
I1,2023-10-02,Sassuolo,Monza,0,1,1.4902,1.8495
I1,2023-10-02,Torino,Verona,0,0,0.6177,0.2736
SP1,2023-10-02,Las Palmas,Celta,2,1,1.4638,1.5434
E0,2023-10-03,Luton,Burnley,1,2,1.5306,0.9202
D1,2023-10-06,M'gladbach,Mainz,2,2,3.0151,1.2131
F1,2023-10-06,Strasbourg,Nantes,1,2,0.9448,2.2418
I1,2023-10-06,Empoli,Udinese,0,0,1.0012,1.2397
I1,2023-10-06,Lecce,Sassuolo,1,1,1.5182,1.7452
SP1,2023-10-06,Ath Bilbao,Almeria,3,0,3.0289,0.0892
D1,2023-10-07,Augsburg,Darmstadt,1,2,1.1847,1.9615
D1,2023-10-07,Dortmund,Union Berlin,4,2,1.7693,1.5245
D1,2023-10-07,RB Leipzig,Bochum,0,0,2.2263,0.7411
D1,2023-10-07,Stuttgart,Wolfsburg,3,1,3.0257,1.0635
D1,2023-10-07,Werder Bremen,Hoffenheim,2,3,1.0306,1.528
E0,2023-10-07,Burnley,Chelsea,1,4,0.9566,1.9757
E0,2023-10-07,Crystal Palace,Nott'm Forest,0,0,0.9825,1.221
E0,2023-10-07,Everton,Bournemouth,3,0,3.1648,0.9817
E0,2023-10-07,Fulham,Sheffield United,3,1,2.2661,0.2518
E0,2023-10-07,Luton,Tottenham,0,1,0.8481,2.3795
E0,2023-10-07,Man United,Brentford,2,1,1.2936,1.0251
F1,2023-10-07,Metz,Nice,0,1,0.2636,1.5152
F1,2023-10-07,Reims,Monaco,1,3,1.9978,1.7474
I1,2023-10-07,Genoa,Milan,0,1,0.3539,0.8986
I1,2023-10-07,Inter,Bologna,2,2,0.7053,1.0477
I1,2023-10-07,Juventus,Torino,2,0,2.4091,0.5925
SP1,2023-10-07,Cadiz,Girona,0,1,0.6536,1.2646
SP1,2023-10-07,Mallorca,Valencia,1,1,0.92,0.5093
SP1,2023-10-07,Real Madrid,Osasuna,4,0,4.478,0.1641
SP1,2023-10-07,Sevilla,Vallecano,2,2,0.8071,0.9987
D1,2023-10-08,Bayern Munich,Freiburg,3,0,2.3744,0.0705
D1,2023-10-08,Ein Frankfurt,Heidenheim,2,0,1.8361,0.6256
D1,2023-10-08,Leverkusen,FC Koln,3,0,3.725,1.4191
E0,2023-10-08,Arsenal,Man City,1,0,0.3866,0.8581
E0,2023-10-08,Brighton,Liverpool,2,2,2.2319,2.5103
E0,2023-10-08,West Ham,Newcastle,2,2,0.9313,1.9787
E0,2023-10-08,Wolves,Aston Villa,1,1,1.7623,1.8162
F1,2023-10-08,Brest,Toulouse,1,1,1.6136,1.239
F1,2023-10-08,Lens,Lille,1,1,2.5838,1.3429
F1,2023-10-08,Lyon,Lorient,3,3,1.3787,1.0785
F1,2023-10-08,Marseille,Le Havre,3,0,3.0069,0.1314
F1,2023-10-08,Rennes,Paris SG,1,3,1.3444,3.1309
I1,2023-10-08,Cagliari,Roma,1,4,1.7627,3.3327
I1,2023-10-08,Frosinone,Verona,2,1,1.9198,0.5063
I1,2023-10-08,Lazio,Atalanta,3,2,1.6504,1.0016
I1,2023-10-08,Monza,Salernitana,3,0,3.7378,0.9996
I1,2023-10-08,Napoli,Fiorentina,1,3,1.7742,1.7686
SP1,2023-10-08,Alaves,Betis,1,1,1.8959,0.8729
SP1,2023-10-08,Ath Madrid,Sociedad,2,1,2.9424,0.9281
SP1,2023-10-08,Celta,Getafe,2,2,3.0286,1.0087
SP1,2023-10-08,Granada,Barcelona,2,2,0.6116,2.9955
SP1,2023-10-08,Villarreal,Las Palmas,1,2,1.163,1.1602
D1,2023-10-20,Dortmund,Werder Bremen,1,0,2.7285,0.5397
F1,2023-10-20,Le Havre,Lens,0,0,1.8447,1.9629
SP1,2023-10-20,Osasuna,Granada,2,0,1.7985,0.7762
D1,2023-10-21,Darmstadt,RB Leipzig,1,3,1.6833,1.8316
D1,2023-10-21,Freiburg,Bochum,2,1,2.5274,1.3771
D1,2023-10-21,Hoffenheim,Ein Frankfurt,1,3,1.1328,2.1324
D1,2023-10-21,Mainz,Bayern Munich,1,3,0.975,1.6869
D1,2023-10-21,Union Berlin,Stuttgart,0,3,0.573,1.8751
D1,2023-10-21,Wolfsburg,Leverkusen,1,2,1.3318,2.2769
E0,2023-10-21,Bournemouth,Wolves,1,2,1.0184,2.3045
E0,2023-10-21,Brentford,Burnley,3,0,3.1568,0.6931
E0,2023-10-21,Chelsea,Arsenal,2,2,1.7184,1.0579
E0,2023-10-21,Liverpool,Everton,2,0,2.2857,0.0938
E0,2023-10-21,Man City,Brighton,2,1,0.9625,0.9637
E0,2023-10-21,Newcastle,Crystal Palace,4,0,3.7334,1.0879
E0,2023-10-21,Nott'm Forest,Luton,2,2,3.2755,1.4955
E0,2023-10-21,Sheffield United,Man United,1,2,1.4107,1.4619
F1,2023-10-21,Nice,Marseille,1,0,0.8287,1.003
F1,2023-10-21,Paris SG,Strasbourg,3,0,2.5187,0.2242
I1,2023-10-21,Sassuolo,Lazio,0,2,0.3192,2.9356
I1,2023-10-21,Torino,Inter,0,3,0.5968,2.4425
I1,2023-10-21,Verona,Napoli,1,3,0.8724,2.6553
SP1,2023-10-21,Celta,Ath Madrid,0,3,1.2676,2.3925
SP1,2023-10-21,Getafe,Betis,1,1,1.8668,1.4282
SP1,2023-10-21,Sevilla,Real Madrid,1,1,1.8723,2.179
SP1,2023-10-21,Sociedad,Mallorca,1,0,2.0056,2.0391
D1,2023-10-22,FC Koln,M'gladbach,3,1,2.7275,0.407
D1,2023-10-22,Heidenheim,Augsburg,2,5,1.9933,2.8235
E0,2023-10-22,Aston Villa,West Ham,4,1,2.3414,0.6596
F1,2023-10-22,Lille,Brest,1,0,2.1917,0.6253
F1,2023-10-22,Lorient,Rennes,2,1,0.5947,0.9408
F1,2023-10-22,Lyon,Clermont,1,2,1.7359,1.2899
F1,2023-10-22,Monaco,Metz,2,1,1.9731,0.7205
F1,2023-10-22,Nantes,Montpellier,2,0,1.7494,0.4959
F1,2023-10-22,Toulouse,Reims,1,1,0.9008,0.9658
I1,2023-10-22,Atalanta,Genoa,2,0,1.9708,1.0417
I1,2023-10-22,Bologna,Frosinone,2,1,1.6334,1.4279
I1,2023-10-22,Milan,Juventus,0,1,0.2385,1.8057
I1,2023-10-22,Roma,Monza,1,0,2.5328,0.4237
I1,2023-10-22,Salernitana,Cagliari,2,2,1.3333,1.4958
SP1,2023-10-22,Barcelona,Ath Bilbao,1,0,1.7027,0.4533
SP1,2023-10-22,Girona,Almeria,5,2,2.1972,0.8784
SP1,2023-10-22,Las Palmas,Vallecano,0,1,1.1856,1.256
SP1,2023-10-22,Villarreal,Alaves,1,1,1.7164,1.799
E0,2023-10-23,Tottenham,Fulham,2,0,1.6352,0.7458
I1,2023-10-23,Fiorentina,Empoli,0,2,0.7644,1.7949
I1,2023-10-23,Udinese,Lecce,1,1,2.5818,0.8083
SP1,2023-10-23,Valencia,Cadiz,2,0,1.6763,0.552
D1,2023-10-27,Bochum,Mainz,2,2,2.134,0.4436
E0,2023-10-27,Crystal Palace,Tottenham,1,2,0.5618,0.9891
F1,2023-10-27,Clermont,Nice,0,1,0.2987,2.1587
I1,2023-10-27,Genoa,Salernitana,1,0,0.4073,0.7786
SP1,2023-10-27,Girona,Celta,1,0,0.6195,0.1747
D1,2023-10-28,Augsburg,Wolfsburg,3,2,1.5937,1.2552
D1,2023-10-28,Bayern Munich,Darmstadt,8,0,5.884,0.9249
D1,2023-10-28,M'gladbach,Heidenheim,2,1,0.981,0.396
D1,2023-10-28,RB Leipzig,FC Koln,6,0,4.8589,1.3286
D1,2023-10-28,Stuttgart,Hoffenheim,2,3,3.1511,1.7441
D1,2023-10-28,Werder Bremen,Union Berlin,2,0,0.6908,0.3686
E0,2023-10-28,Arsenal,Sheffield United,5,0,3.035,0.0282
E0,2023-10-28,Bournemouth,Burnley,2,1,1.1005,0.9025
E0,2023-10-28,Chelsea,Brentford,0,2,1.718,2.4814
E0,2023-10-28,Wolves,Newcastle,2,2,0.8634,2.3199
F1,2023-10-28,Lens,Nantes,4,0,4.3292,1.2185
F1,2023-10-28,Reims,Lorient,1,0,0.9815,0.4122
I1,2023-10-28,Juventus,Verona,1,0,3.6483,0.3188
I1,2023-10-28,Lecce,Torino,0,1,0.4624,1.3324
I1,2023-10-28,Sassuolo,Bologna,1,1,0.8648,0.8297
SP1,2023-10-28,Almeria,Las Palmas,1,2,0.2757,1.0645
SP1,2023-10-28,Barcelona,Real Madrid,1,2,1.3204,0.9594
SP1,2023-10-28,Cadiz,Sevilla,2,2,1.427,1.2839
SP1,2023-10-28,Mallorca,Getafe,0,0,0.7223,0.2922
D1,2023-10-29,Ein Frankfurt,Dortmund,3,3,3.6749,2.4169
D1,2023-10-29,Leverkusen,Freiburg,2,1,1.6077,1.0233
E0,2023-10-29,Aston Villa,Luton,3,1,3.0765,0.4531
E0,2023-10-29,Brighton,Fulham,1,1,1.32,0.5525
E0,2023-10-29,Liverpool,Nott'm Forest,3,0,2.7043,0.642
E0,2023-10-29,Man United,Man City,0,3,0.7146,4.546
E0,2023-10-29,West Ham,Everton,0,1,0.6186,0.7338
F1,2023-10-29,Brest,Paris SG,2,3,1.6823,2.0985
F1,2023-10-29,Lille,Monaco,2,0,0.6676,0.9017
F1,2023-10-29,Metz,Le Havre,0,0,0.4699,0.8905
F1,2023-10-29,Montpellier,Toulouse,3,0,3.2823,0.8778
F1,2023-10-29,Rennes,Strasbourg,1,1,1.1102,1.0212
I1,2023-10-29,Cagliari,Frosinone,4,3,4.0747,1.2959
I1,2023-10-29,Inter,Roma,1,0,2.2531,0.4953
I1,2023-10-29,Monza,Udinese,1,1,0.4028,1.0562
I1,2023-10-29,Napoli,Milan,2,2,1.5025,2.3749
SP1,2023-10-29,Ath Bilbao,Valencia,2,2,1.6331,2.1787
SP1,2023-10-29,Ath Madrid,Alaves,2,1,1.9409,0.3854
SP1,2023-10-29,Betis,Osasuna,2,1,1.4339,0.4464
SP1,2023-10-29,Vallecano,Sociedad,2,2,0.844,1.9318
I1,2023-10-30,Empoli,Atalanta,0,3,0.2719,2.1917
I1,2023-10-30,Lazio,Fiorentina,1,0,2.3618,0.3895
SP1,2023-10-30,Granada,Villarreal,2,3,2.8013,1.902
D1,2023-11-03,Darmstadt,Bochum,1,2,0.8549,1.5627
F1,2023-11-03,Paris SG,Montpellier,3,0,1.2318,0.5838
I1,2023-11-03,Bologna,Lazio,1,0,0.6983,0.462
SP1,2023-11-03,Las Palmas,Ath Madrid,2,1,0.4527,1.5277
D1,2023-11-04,Dortmund,Bayern Munich,0,4,1.4762,2.8607
D1,2023-11-04,FC Koln,Augsburg,1,1,2.2262,2.5469
D1,2023-11-04,Freiburg,M'gladbach,3,3,3.3903,1.9238
D1,2023-11-04,Hoffenheim,Leverkusen,2,3,1.2721,1.0505
D1,2023-11-04,Mainz,RB Leipzig,2,0,1.4969,0.5079
D1,2023-11-04,Union Berlin,Ein Frankfurt,0,3,1.066,1.5689
E0,2023-11-04,Brentford,West Ham,3,2,1.8294,1.755
E0,2023-11-04,Burnley,Crystal Palace,0,2,1.4998,1.4365
E0,2023-11-04,Everton,Brighton,1,1,0.6176,0.4425
E0,2023-11-04,Fulham,Man United,0,1,1.1824,0.6971
E0,2023-11-04,Man City,Bournemouth,6,1,2.3995,0.6431
E0,2023-11-04,Newcastle,Arsenal,1,0,1.1236,0.5355
E0,2023-11-04,Sheffield United,Wolves,2,1,1.1017,1.148
F1,2023-11-04,Lorient,Lens,0,0,0.5219,0.7078
F1,2023-11-04,Marseille,Lille,0,0,0.7518,0.3262
I1,2023-11-04,Atalanta,Inter,1,2,1.3609,1.3964
I1,2023-11-04,Milan,Udinese,0,1,1.2849,2.1049
I1,2023-11-04,Salernitana,Napoli,0,2,0.3222,1.6766
SP1,2023-11-04,Betis,Mallorca,2,0,2.8466,0.5404
SP1,2023-11-04,Celta,Sevilla,1,1,3.0152,1.2509
SP1,2023-11-04,Osasuna,Girona,2,4,2.184,2.7869
SP1,2023-11-04,Sociedad,Barcelona,0,1,0.847,1.2204
D1,2023-11-05,Heidenheim,Stuttgart,2,0,0.7833,2.573
D1,2023-11-05,Wolfsburg,Werder Bremen,2,2,1.8137,1.4032
E0,2023-11-05,Luton,Liverpool,1,1,1.3411,3.0393
E0,2023-11-05,Nott'm Forest,Aston Villa,2,0,0.5924,1.3312
F1,2023-11-05,Lyon,Metz,1,1,1.8478,0.6672
F1,2023-11-05,Monaco,Brest,2,0,1.1167,0.7369
F1,2023-11-05,Nantes,Reims,0,1,1.547,1.7428
F1,2023-11-05,Nice,Rennes,2,0,2.2862,0.4848
F1,2023-11-05,Strasbourg,Clermont,0,0,1.5597,1.0516
F1,2023-11-05,Toulouse,Le Havre,1,2,2.3173,1.2106
I1,2023-11-05,Cagliari,Genoa,2,1,1.2694,0.6698
I1,2023-11-05,Fiorentina,Juventus,0,1,0.6754,0.8558
I1,2023-11-05,Roma,Lecce,2,1,2.5518,1.2026
I1,2023-11-05,Verona,Monza,1,3,1.1272,1.3901
SP1,2023-11-05,Alaves,Almeria,1,0,2.5798,0.8931
SP1,2023-11-05,Real Madrid,Vallecano,0,0,1.8535,0.135
SP1,2023-11-05,Valencia,Granada,1,0,1.1892,0.3446
SP1,2023-11-05,Villarreal,Ath Bilbao,2,3,1.7807,2.228
E0,2023-11-06,Tottenham,Chelsea,1,4,0.9591,4.0587
I1,2023-11-06,Frosinone,Empoli,2,1,0.8038,1.8712
I1,2023-11-06,Torino,Sassuolo,2,1,3.4341,0.4992
SP1,2023-11-06,Getafe,Cadiz,1,0,1.2145,0.8219
D1,2023-11-10,M'gladbach,Wolfsburg,4,0,2.094,0.5008
F1,2023-11-10,Montpellier,Nice,0,0,0.6513,0.6204
I1,2023-11-10,Genoa,Verona,1,0,2.0423,0.2458
I1,2023-11-10,Sassuolo,Salernitana,2,2,2.4684,0.947
SP1,2023-11-10,Ath Bilbao,Celta,4,3,4.7233,2.253
D1,2023-11-11,Augsburg,Hoffenheim,1,1,0.9371,0.8974
D1,2023-11-11,Bayern Munich,Heidenheim,4,2,2.6079,1.0453
D1,2023-11-11,Bochum,FC Koln,1,1,5.0563,1.0759
D1,2023-11-11,Darmstadt,Mainz,0,0,0.45,0.6247
D1,2023-11-11,Stuttgart,Dortmund,2,1,4.1718,0.7643
E0,2023-11-11,Arsenal,Burnley,3,1,2.6319,0.3277
E0,2023-11-11,Bournemouth,Newcastle,2,0,2.7842,0.3061
E0,2023-11-11,Crystal Palace,Everton,2,3,1.8919,1.7904
E0,2023-11-11,Man United,Luton,1,0,2.741,0.4083
E0,2023-11-11,Wolves,Tottenham,2,1,1.9088,0.4323
F1,2023-11-11,Le Havre,Monaco,0,0,1.1263,0.9684
F1,2023-11-11,Reims,Paris SG,0,3,1.544,2.6404
I1,2023-11-11,Juventus,Cagliari,2,1,3.0425,0.4779
I1,2023-11-11,Lecce,Milan,2,2,1.9904,2.224
I1,2023-11-11,Monza,Torino,1,1,1.1663,0.8197
SP1,2023-11-11,Almeria,Sociedad,1,3,0.6372,2.5369
SP1,2023-11-11,Granada,Getafe,1,1,1.4404,2.3015
SP1,2023-11-11,Osasuna,Las Palmas,1,1,1.4407,0.2919
SP1,2023-11-11,Real Madrid,Valencia,5,1,1.906,2.0307
SP1,2023-11-11,Vallecano,Girona,1,2,1.6758,4.2691
D1,2023-11-12,Leverkusen,Union Berlin,4,0,3.0422,0.0284
D1,2023-11-12,RB Leipzig,Freiburg,3,1,1.9014,0.399
D1,2023-11-12,Werder Bremen,Ein Frankfurt,2,2,1.9391,2.0234
E0,2023-11-12,Aston Villa,Fulham,3,1,2.8604,0.6487
E0,2023-11-12,Brighton,Sheffield United,1,1,1.086,0.8443
E0,2023-11-12,Chelsea,Man City,4,4,3.4724,3.1932
E0,2023-11-12,Liverpool,Brentford,3,0,1.56,1.4495
E0,2023-11-12,West Ham,Nott'm Forest,3,2,2.064,1.4213
F1,2023-11-12,Clermont,Lorient,1,0,1.4055,0.5847
F1,2023-11-12,Lens,Marseille,1,0,1.2197,0.7237
F1,2023-11-12,Lille,Toulouse,1,1,2.6899,0.4168
F1,2023-11-12,Metz,Nantes,3,1,0.941,1.7539
F1,2023-11-12,Rennes,Lyon,0,1,0.6803,2.0797
I1,2023-11-12,Fiorentina,Bologna,2,1,1.5743,2.3102
I1,2023-11-12,Inter,Frosinone,2,0,3.2782,0.5861
I1,2023-11-12,Lazio,Roma,0,0,0.3981,0.3203
I1,2023-11-12,Napoli,Empoli,0,1,1.0605,0.3886
I1,2023-11-12,Udinese,Atalanta,1,1,1.2143,0.5753
SP1,2023-11-12,Ath Madrid,Villarreal,3,1,3.9379,0.8689
SP1,2023-11-12,Barcelona,Alaves,2,1,1.8114,1.8386
SP1,2023-11-12,Sevilla,Betis,1,1,0.6156,2.1792
D1,2023-11-24,FC Koln,Bayern Munich,0,1,0.1891,3.8999
F1,2023-11-24,Paris SG,Monaco,5,2,2.6132,1.5201
SP1,2023-11-24,Alaves,Granada,3,1,0.8718,1.1385
D1,2023-11-25,Dortmund,M'gladbach,4,2,3.3675,0.7899
D1,2023-11-25,Ein Frankfurt,Stuttgart,1,2,0.7876,2.2976
D1,2023-11-25,Freiburg,Darmstadt,1,1,1.3451,0.3418
D1,2023-11-25,Union Berlin,Augsburg,1,1,2.408,1.8404
D1,2023-11-25,Werder Bremen,Leverkusen,0,3,0.3067,1.7528
D1,2023-11-25,Wolfsburg,RB Leipzig,2,1,0.634,2.9065
E0,2023-11-25,Brentford,Arsenal,0,1,1.6631,1.827
E0,2023-11-25,Burnley,West Ham,1,2,1.4423,1.3696
E0,2023-11-25,Luton,Crystal Palace,2,1,0.9962,1.8355
E0,2023-11-25,Man City,Liverpool,1,1,1.7962,0.7663
E0,2023-11-25,Newcastle,Chelsea,4,1,2.1523,0.9681
E0,2023-11-25,Nott'm Forest,Brighton,2,3,2.2266,1.2179
E0,2023-11-25,Sheffield United,Bournemouth,1,3,0.8162,3.1397
F1,2023-11-25,Clermont,Lens,0,3,1.843,2.5322
F1,2023-11-25,Strasbourg,Marseille,1,1,1.1821,1.3666
I1,2023-11-25,Atalanta,Napoli,1,2,0.8805,2.5108
I1,2023-11-25,Milan,Fiorentina,1,0,1.7839,1.6949
I1,2023-11-25,Salernitana,Lazio,2,1,1.401,1.8354
SP1,2023-11-25,Ath Madrid,Mallorca,1,0,2.2968,0.9452
SP1,2023-11-25,Getafe,Almeria,2,1,1.3939,1.7292
SP1,2023-11-25,Valencia,Celta,0,0,0.247,0.6099
SP1,2023-11-25,Vallecano,Barcelona,1,1,0.9123,1.3063
D1,2023-11-26,Heidenheim,Bochum,0,0,0.7489,0.3594
D1,2023-11-26,Hoffenheim,Mainz,1,1,0.7002,1.967
E0,2023-11-26,Everton,Man United,0,3,2.4976,2.0733
E0,2023-11-26,Tottenham,Aston Villa,1,2,2.2254,2.3975
F1,2023-11-26,Lorient,Metz,2,3,1.3741,1.8537
F1,2023-11-26,Lyon,Lille,0,2,1.7115,1.7068
F1,2023-11-26,Montpellier,Brest,1,3,2.199,2.3859
F1,2023-11-26,Nantes,Le Havre,0,0,1.7526,0.2257
F1,2023-11-26,Nice,Toulouse,1,0,1.0013,1.2718
F1,2023-11-26,Rennes,Reims,3,1,1.9351,2.2493
I1,2023-11-26,Cagliari,Monza,1,1,1.5866,0.8024
I1,2023-11-26,Empoli,Sassuolo,3,4,1.4772,2.976
I1,2023-11-26,Frosinone,Genoa,2,1,0.9905,1.8255
I1,2023-11-26,Juventus,Inter,1,1,0.4889,0.6926
I1,2023-11-26,Roma,Udinese,3,1,1.2594,0.5323
SP1,2023-11-26,Betis,Las Palmas,1,0,1.9265,0.7516
SP1,2023-11-26,Cadiz,Real Madrid,0,3,1.1306,1.8405
SP1,2023-11-26,Sociedad,Sevilla,2,1,1.052,0.3741
SP1,2023-11-26,Villarreal,Osasuna,3,1,2.8459,1.2644
E0,2023-11-27,Fulham,Wolves,3,2,2.4906,1.5788
I1,2023-11-27,Bologna,Torino,2,0,1.3494,0.5733
I1,2023-11-27,Verona,Lecce,2,2,1.9468,1.5219
SP1,2023-11-27,Girona,Ath Bilbao,1,1,1.3618,1.6727
F1,2023-11-29,Montpellier,Clermont,1,1,2.5147,0.5487
SP1,2023-11-29,Mallorca,Cadiz,1,1,0.8514,0.2518
D1,2023-12-01,Darmstadt,FC Koln,0,1,0.6176,1.3011
F1,2023-12-01,Reims,Strasbourg,2,1,1.9321,1.8299
I1,2023-12-01,Monza,Juventus,1,2,0.6565,2.9594
SP1,2023-12-01,Las Palmas,Getafe,2,0,1.8817,0.7635
D1,2023-12-02,Bochum,Wolfsburg,3,1,2.076,1.0345
D1,2023-12-02,M'gladbach,Hoffenheim,2,1,1.6023,1.337
D1,2023-12-02,RB Leipzig,Heidenheim,2,1,4.7107,1.1785
D1,2023-12-02,Stuttgart,Werder Bremen,2,0,4.018,0.6591
E0,2023-12-02,Arsenal,Wolves,2,1,3.3037,1.0789
E0,2023-12-02,Brentford,Luton,3,1,3.2595,0.2272
E0,2023-12-02,Burnley,Sheffield United,5,0,2.6047,0.6181
E0,2023-12-02,Newcastle,Man United,1,0,2.9019,0.4227
E0,2023-12-02,Nott'm Forest,Everton,0,1,0.6731,0.6238
F1,2023-12-02,Lens,Lyon,3,2,2.6602,3.0278
F1,2023-12-02,Nantes,Nice,1,0,1.1822,1.2317
I1,2023-12-02,Genoa,Empoli,1,1,0.8329,0.7533
I1,2023-12-02,Lazio,Cagliari,1,0,2.5042,0.6137
I1,2023-12-02,Milan,Frosinone,3,1,1.0102,0.7288
SP1,2023-12-02,Ath Bilbao,Vallecano,4,0,1.6869,0.3463
SP1,2023-12-02,Girona,Valencia,2,1,1.854,1.0098
SP1,2023-12-02,Osasuna,Sociedad,1,1,1.0182,1.6994
SP1,2023-12-02,Real Madrid,Granada,2,0,2.2606,0.1101
D1,2023-12-03,Augsburg,Ein Frankfurt,2,1,1.9506,0.9069
D1,2023-12-03,Leverkusen,Dortmund,1,1,1.9639,1.2609
D1,2023-12-03,Mainz,Freiburg,0,1,2.8687,1.341
E0,2023-12-03,Bournemouth,Aston Villa,2,2,2.5494,0.8951
E0,2023-12-03,Chelsea,Brighton,3,2,1.663,0.8551
E0,2023-12-03,Liverpool,Fulham,4,3,2.7283,1.51
E0,2023-12-03,Man City,Tottenham,3,3,2.9073,0.4331
E0,2023-12-03,West Ham,Crystal Palace,1,1,1.1466,0.9877
F1,2023-12-03,Brest,Clermont,3,0,1.3023,0.6051
F1,2023-12-03,Le Havre,Paris SG,0,2,1.8554,1.7621
F1,2023-12-03,Lille,Metz,2,0,3.0439,1.8584
F1,2023-12-03,Marseille,Rennes,2,0,0.914,0.4838
F1,2023-12-03,Monaco,Montpellier,2,0,2.4601,1.1856
F1,2023-12-03,Toulouse,Lorient,1,1,1.1035,0.6458
I1,2023-12-03,Fiorentina,Salernitana,3,0,3.0694,0.7808
I1,2023-12-03,Lecce,Bologna,1,1,1.6583,1.5166
I1,2023-12-03,Napoli,Inter,0,3,0.7873,2.585
I1,2023-12-03,Sassuolo,Roma,1,2,0.9166,1.9994
I1,2023-12-03,Udinese,Verona,3,3,2.1477,1.5667
SP1,2023-12-03,Almeria,Betis,0,0,2.6994,0.7698
SP1,2023-12-03,Barcelona,Ath Madrid,1,0,3.1879,0.9963
SP1,2023-12-03,Mallorca,Alaves,0,0,0.9096,0.2778
SP1,2023-12-03,Sevilla,Villarreal,1,1,2.4784,1.4706
I1,2023-12-04,Torino,Atalanta,3,0,1.6387,0.3458
SP1,2023-12-04,Celta,Cadiz,1,1,2.7322,0.3467
E0,2023-12-05,Luton,Arsenal,3,4,0.5263,2.5882
E0,2023-12-05,Wolves,Burnley,1,0,1.1189,0.7815
E0,2023-12-06,Aston Villa,Man City,1,0,2.1922,1.002
E0,2023-12-06,Brighton,Brentford,2,1,1.541,1.2201
E0,2023-12-06,Crystal Palace,Bournemouth,0,2,1.2644,1.8
E0,2023-12-06,Fulham,Nott'm Forest,5,0,3.0943,0.2187
E0,2023-12-06,Man United,Chelsea,2,1,4.0395,2.3512
E0,2023-12-06,Sheffield United,Liverpool,0,2,0.8342,1.8012
F1,2023-12-06,Marseille,Lyon,3,0,1.8271,0.2357
E0,2023-12-07,Everton,Newcastle,3,0,2.9539,1.2956
E0,2023-12-07,Tottenham,West Ham,1,2,1.6127,1.7409
F1,2023-12-07,Brest,Strasbourg,1,1,0.9934,1.2684
D1,2023-12-08,Hoffenheim,Bochum,3,1,2.2753,1.8252
F1,2023-12-08,Montpellier,Lens,0,0,1.3489,1.613
I1,2023-12-08,Juventus,Napoli,1,0,0.6626,1.0052
SP1,2023-12-08,Getafe,Valencia,1,0,0.842,0.1839
D1,2023-12-09,Dortmund,RB Leipzig,2,3,1.7135,3.6357
D1,2023-12-09,Ein Frankfurt,Bayern Munich,5,1,1.8465,2.5928
D1,2023-12-09,Heidenheim,Darmstadt,3,2,1.8689,1.0076
D1,2023-12-09,Union Berlin,M'gladbach,3,1,2.5675,1.0327
D1,2023-12-09,Werder Bremen,Augsburg,2,0,1.8458,0.6277
D1,2023-12-09,Wolfsburg,Freiburg,0,1,1.3293,0.5113
E0,2023-12-09,Aston Villa,Arsenal,1,0,0.6285,1.7167
E0,2023-12-09,Brighton,Burnley,1,1,2.9625,1.0516
E0,2023-12-09,Crystal Palace,Liverpool,1,2,1.7915,1.3708
E0,2023-12-09,Man United,Bournemouth,0,3,1.113,1.9742
E0,2023-12-09,Sheffield United,Brentford,1,0,0.842,0.6446
E0,2023-12-09,Wolves,Nott'm Forest,1,1,1.022,1.218
F1,2023-12-09,Paris SG,Nantes,2,1,2.1563,0.4838
F1,2023-12-09,Rennes,Monaco,1,2,2.1462,1.0973
I1,2023-12-09,Atalanta,Milan,3,2,3.1011,1.0063
I1,2023-12-09,Inter,Udinese,4,0,3.3415,0.8473
I1,2023-12-09,Verona,Lazio,1,1,0.7927,1.014
SP1,2023-12-09,Alaves,Las Palmas,0,1,2.2055,0.4739
SP1,2023-12-09,Betis,Real Madrid,1,1,1.5157,0.8039
SP1,2023-12-09,Mallorca,Sevilla,1,0,0.5333,0.5545
SP1,2023-12-09,Villarreal,Sociedad,0,3,2.3702,2.1983
D1,2023-12-10,FC Koln,Mainz,0,0,0.2486,1.8757
D1,2023-12-10,Stuttgart,Leverkusen,1,1,2.6114,1.4743
E0,2023-12-10,Everton,Chelsea,2,0,1.1144,0.8855
E0,2023-12-10,Fulham,West Ham,5,0,2.1884,0.983
E0,2023-12-10,Luton,Man City,1,2,0.689,2.2335
E0,2023-12-10,Tottenham,Newcastle,4,1,4.4012,1.6137
F1,2023-12-10,Clermont,Lille,0,0,1.1121,0.6354
F1,2023-12-10,Lorient,Marseille,2,4,2.0181,2.8872
F1,2023-12-10,Lyon,Toulouse,3,0,3.1385,1.6021
F1,2023-12-10,Metz,Brest,0,1,0.6321,0.2198
F1,2023-12-10,Nice,Reims,2,1,1.2751,1.1331
F1,2023-12-10,Strasbourg,Le Havre,2,1,1.5088,1.6221
I1,2023-12-10,Frosinone,Torino,0,0,1.508,1.0635
I1,2023-12-10,Monza,Genoa,1,0,0.6718,1.75
I1,2023-12-10,Roma,Fiorentina,1,1,0.7029,0.9753
I1,2023-12-10,Salernitana,Bologna,1,2,0.6012,1.673
SP1,2023-12-10,Ath Madrid,Almeria,2,1,2.1688,1.6656
SP1,2023-12-10,Barcelona,Girona,2,4,4.2545,2.938
SP1,2023-12-10,Cadiz,Osasuna,1,1,1.1532,1.8182
I1,2023-12-11,Cagliari,Sassuolo,2,1,1.2382,1.2901
I1,2023-12-11,Empoli,Lecce,1,1,1.8919,0.985
SP1,2023-12-11,Vallecano,Celta,0,0,1.3241,0.1262
SP1,2023-12-12,Granada,Ath Bilbao,1,1,0.5435,1.6882
D1,2023-12-15,M'gladbach,Werder Bremen,2,2,1.2081,1.6472
E0,2023-12-15,Nott'm Forest,Tottenham,0,2,1.7057,1.6074
F1,2023-12-15,Monaco,Lyon,0,1,1.4027,0.7393
I1,2023-12-15,Genoa,Juventus,1,1,0.8445,2.1042
SP1,2023-12-15,Osasuna,Vallecano,1,0,1.7756,1.1532
D1,2023-12-16,Augsburg,Dortmund,1,1,1.509,2.0254
D1,2023-12-16,Bochum,Union Berlin,3,0,3.578,0.6707
D1,2023-12-16,Darmstadt,Wolfsburg,0,1,0.9421,0.587
D1,2023-12-16,Mainz,Heidenheim,0,1,1.2118,0.7564
D1,2023-12-16,RB Leipzig,Hoffenheim,3,1,2.9167,1.0424
E0,2023-12-16,Burnley,Everton,0,2,0.8114,2.2231
E0,2023-12-16,Chelsea,Sheffield United,2,0,3.2732,0.4401
E0,2023-12-16,Man City,Crystal Palace,2,2,2.4165,1.6498
E0,2023-12-16,Newcastle,Fulham,3,0,4.2793,0.471
F1,2023-12-16,Le Havre,Nice,3,1,1.9256,1.6414
F1,2023-12-16,Lens,Reims,2,0,1.2677,0.8761
I1,2023-12-16,Lecce,Frosinone,2,1,0.7293,1.8413
I1,2023-12-16,Napoli,Cagliari,2,1,3.0327,1.8383
I1,2023-12-16,Torino,Empoli,1,0,2.1134,0.2893
SP1,2023-12-16,Ath Bilbao,Ath Madrid,2,0,2.7308,0.3421
SP1,2023-12-16,Celta,Granada,1,0,1.3326,0.6902
SP1,2023-12-16,Sevilla,Getafe,0,3,0.8079,2.8375
SP1,2023-12-16,Valencia,Barcelona,1,1,0.7868,3.1613
D1,2023-12-17,Bayern Munich,Stuttgart,3,0,3.4152,0.3092
D1,2023-12-17,Freiburg,FC Koln,2,0,3.4696,1.246
D1,2023-12-17,Leverkusen,Ein Frankfurt,3,0,2.4919,0.2052
E0,2023-12-17,Arsenal,Brighton,2,0,2.7698,0.6631
E0,2023-12-17,Brentford,Aston Villa,1,2,0.7968,1.4664
E0,2023-12-17,Liverpool,Man United,0,0,1.9711,0.6327
E0,2023-12-17,West Ham,Wolves,3,0,1.0383,0.5562
F1,2023-12-17,Lille,Paris SG,1,1,1.9078,1.3932
F1,2023-12-17,Lorient,Strasbourg,1,2,1.1712,1.7612
F1,2023-12-17,Marseille,Clermont,2,1,2.6265,0.1313
F1,2023-12-17,Metz,Montpellier,0,1,0.8501,0.7662
F1,2023-12-17,Nantes,Brest,0,2,1.3896,1.8065
F1,2023-12-17,Toulouse,Rennes,0,0,0.686,1.0817
I1,2023-12-17,Bologna,Roma,2,0,0.7822,0.5665
I1,2023-12-17,Fiorentina,Verona,1,0,0.3304,2.925
I1,2023-12-17,Lazio,Inter,0,2,1.638,1.6941
I1,2023-12-17,Milan,Monza,3,0,2.2658,1.4282
I1,2023-12-17,Udinese,Sassuolo,2,2,0.7509,2.9011
SP1,2023-12-17,Almeria,Mallorca,0,0,0.3148,1.5137
SP1,2023-12-17,Las Palmas,Cadiz,1,1,0.8268,1.4262
SP1,2023-12-17,Real Madrid,Villarreal,4,1,3.2248,0.422
SP1,2023-12-17,Sociedad,Betis,0,0,0.99,1.3716
I1,2023-12-18,Atalanta,Salernitana,4,1,2.3476,0.9768
SP1,2023-12-18,Girona,Alaves,3,0,1.9299,0.5464
D1,2023-12-19,Dortmund,Mainz,1,1,1.3334,1.0626
D1,2023-12-19,Hoffenheim,Darmstadt,3,3,2.8181,0.9527
D1,2023-12-19,Werder Bremen,RB Leipzig,1,1,1.4818,1.9945
SP1,2023-12-19,Ath Madrid,Getafe,3,3,2.0294,2.5368
SP1,2023-12-19,Granada,Sevilla,0,3,1.1282,0.5149
SP1,2023-12-19,Vallecano,Valencia,0,1,0.5127,0.3348
D1,2023-12-20,Ein Frankfurt,M'gladbach,2,1,1.5391,0.5522
D1,2023-12-20,Heidenheim,Freiburg,3,2,1.7563,1.5905
D1,2023-12-20,Leverkusen,Bochum,4,0,3.3237,0.3254
D1,2023-12-20,Stuttgart,Augsburg,3,0,2.6501,0.2246
D1,2023-12-20,Union Berlin,FC Koln,2,0,1.8654,0.8979
D1,2023-12-20,Wolfsburg,Bayern Munich,1,2,0.3132,3.1505
F1,2023-12-20,Brest,Lorient,4,0,1.5914,0.4567
F1,2023-12-20,Clermont,Rennes,1,3,0.7562,2.3174
F1,2023-12-20,Lyon,Nantes,1,0,2.1113,0.3516
F1,2023-12-20,Montpellier,Marseille,1,1,1.5109,1.2026
F1,2023-12-20,Nice,Lens,2,0,2.9579,0.5394
F1,2023-12-20,Paris SG,Metz,3,1,2.182,0.1491
F1,2023-12-20,Reims,Le Havre,1,0,1.4252,0.4596
F1,2023-12-20,Strasbourg,Lille,2,1,0.8053,0.8824
F1,2023-12-20,Toulouse,Monaco,1,2,1.5893,2.2663
SP1,2023-12-20,Ath Bilbao,Las Palmas,1,0,3.5358,0.2514
SP1,2023-12-20,Barcelona,Almeria,3,2,4.049,1.397
SP1,2023-12-20,Villarreal,Celta,3,2,2.5956,1.985
E0,2023-12-21,Crystal Palace,Brighton,1,1,1.6541,1.3365
SP1,2023-12-21,Alaves,Real Madrid,0,1,0.3882,0.9475
SP1,2023-12-21,Betis,Girona,1,1,1.6139,1.6455
SP1,2023-12-21,Cadiz,Sociedad,0,0,0.8561,0.6603
SP1,2023-12-21,Mallorca,Osasuna,3,2,1.6839,1.5871
E0,2023-12-22,Aston Villa,Sheffield United,1,1,1.2186,0.6462
I1,2023-12-22,Empoli,Lazio,0,2,0.6592,1.9538
I1,2023-12-22,Monza,Fiorentina,0,1,0.659,1.9568
I1,2023-12-22,Salernitana,Milan,2,2,1.1434,2.9432
I1,2023-12-22,Sassuolo,Genoa,1,2,2.1713,1.3709
E0,2023-12-23,Fulham,Burnley,0,2,1.381,0.4171
E0,2023-12-23,Liverpool,Arsenal,1,1,0.9829,0.8517
E0,2023-12-23,Luton,Newcastle,1,0,1.8184,1.4149
E0,2023-12-23,Nott'm Forest,Bournemouth,2,3,0.7918,1.8907
E0,2023-12-23,Tottenham,Everton,2,1,1.5753,1.9838
E0,2023-12-23,West Ham,Man United,2,0,1.5147,0.7305
I1,2023-12-23,Bologna,Atalanta,1,0,0.9866,1.5938
I1,2023-12-23,Frosinone,Juventus,1,2,0.4955,1.2752
I1,2023-12-23,Inter,Lecce,2,0,3.2869,1.1279
I1,2023-12-23,Roma,Napoli,2,0,2.069,0.4409
I1,2023-12-23,Torino,Udinese,1,1,0.6668,0.9195
I1,2023-12-23,Verona,Cagliari,2,0,0.9868,1.2091
SP1,2023-12-23,Ath Madrid,Sevilla,1,0,1.5328,0.28
E0,2023-12-24,Wolves,Chelsea,2,1,1.7463,1.7545
E0,2023-12-26,Bournemouth,Fulham,3,0,2.0791,0.3244
E0,2023-12-26,Burnley,Liverpool,0,2,0.9724,1.6845
E0,2023-12-26,Man United,Aston Villa,3,2,1.201,1.8364
E0,2023-12-26,Newcastle,Nott'm Forest,1,3,2.7911,3.1074
E0,2023-12-26,Sheffield United,Luton,2,3,3.6179,0.7156
E0,2023-12-27,Brentford,Wolves,1,4,2.5935,1.8948
E0,2023-12-27,Chelsea,Crystal Palace,2,1,2.73,0.9581
E0,2023-12-27,Everton,Man City,1,3,1.2353,2.2832
E0,2023-12-28,Arsenal,West Ham,0,2,2.7884,1.5971
E0,2023-12-28,Brighton,Tottenham,4,2,3.847,2.0696
I1,2023-12-29,Fiorentina,Torino,1,0,0.8856,0.4397
I1,2023-12-29,Genoa,Inter,1,1,0.4103,1.8593
I1,2023-12-29,Lazio,Frosinone,3,1,1.7489,1.1313
I1,2023-12-29,Napoli,Monza,0,0,2.3731,1.0967
E0,2023-12-30,Aston Villa,Burnley,3,2,2.9259,1.1192
E0,2023-12-30,Crystal Palace,Brentford,3,1,1.6106,1.2873
E0,2023-12-30,Luton,Chelsea,2,3,2.6409,1.5746
E0,2023-12-30,Man City,Sheffield United,2,0,2.2423,0.2632
E0,2023-12-30,Nott'm Forest,Man United,2,1,0.7443,0.6519
E0,2023-12-30,Wolves,Everton,3,0,2.6448,0.5196
I1,2023-12-30,Atalanta,Lecce,1,0,1.4919,1.3851
I1,2023-12-30,Cagliari,Empoli,0,0,1.4357,0.2225
I1,2023-12-30,Juventus,Roma,1,0,1.6327,0.3952
I1,2023-12-30,Milan,Sassuolo,1,0,1.4984,0.4037
I1,2023-12-30,Udinese,Bologna,3,0,1.5317,0.7667
I1,2023-12-30,Verona,Salernitana,0,1,0.8122,0.7685
E0,2023-12-31,Fulham,Arsenal,2,1,1.5283,1.6591
E0,2023-12-31,Tottenham,Bournemouth,3,1,2.1503,1.5823
E0,2024-01-01,Liverpool,Newcastle,4,2,6.6715,0.911
E0,2024-01-02,West Ham,Brighton,0,0,0.9831,2.1552
SP1,2024-01-02,Getafe,Vallecano,0,2,0.6512,2.7357
SP1,2024-01-02,Sociedad,Alaves,1,1,0.9808,0.9693
SP1,2024-01-02,Valencia,Villarreal,3,1,2.7811,1.15
SP1,2024-01-03,Celta,Betis,2,1,2.5467,1.7367
SP1,2024-01-03,Girona,Ath Madrid,4,3,2.3237,2.6739
SP1,2024-01-03,Granada,Cadiz,2,0,3.8767,0.7461
SP1,2024-01-03,Real Madrid,Mallorca,1,0,1.8758,0.8404
SP1,2024-01-04,Las Palmas,Barcelona,1,2,0.9673,2.3608
SP1,2024-01-04,Osasuna,Almeria,1,0,2.0336,0.2396
SP1,2024-01-04,Sevilla,Ath Bilbao,0,2,0.5478,1.997
I1,2024-01-05,Bologna,Genoa,1,1,1.3592,0.1533
I1,2024-01-06,Frosinone,Monza,2,3,1.15,1.4529
I1,2024-01-06,Inter,Verona,2,1,2.1231,1.3648
I1,2024-01-06,Lecce,Cagliari,1,1,1.6115,0.9942
I1,2024-01-06,Sassuolo,Fiorentina,1,0,0.7019,1.4924
I1,2024-01-07,Empoli,Milan,0,3,0.9457,1.5143
I1,2024-01-07,Roma,Atalanta,1,1,2.5818,1.1114
I1,2024-01-07,Salernitana,Juventus,1,2,0.931,1.8252
I1,2024-01-07,Torino,Napoli,3,0,2.13,1.1479
I1,2024-01-07,Udinese,Lazio,1,2,0.612,0.4982
D1,2024-01-12,Bayern Munich,Hoffenheim,3,0,3.4164,1.6189
E0,2024-01-12,Burnley,Luton,1,1,1.5202,0.9652
F1,2024-01-12,Marseille,Strasbourg,1,1,1.5694,1.1498
SP1,2024-01-12,Sevilla,Alaves,2,3,2.4956,2.089
D1,2024-01-13,Augsburg,Leverkusen,0,1,0.4452,2.3176
D1,2024-01-13,Darmstadt,Dortmund,0,3,0.8258,3.1468
D1,2024-01-13,FC Koln,Heidenheim,1,1,0.6416,1.2787
D1,2024-01-13,Freiburg,Union Berlin,0,0,2.1675,0.425
D1,2024-01-13,Mainz,Wolfsburg,1,1,0.3661,0.4194
D1,2024-01-13,RB Leipzig,Ein Frankfurt,0,1,2.6731,1.0779
E0,2024-01-13,Chelsea,Fulham,1,0,2.0456,0.6978
E0,2024-01-13,Newcastle,Man City,2,3,1.2364,2.5545
F1,2024-01-13,Monaco,Reims,1,3,1.0259,1.9159
F1,2024-01-13,Rennes,Nice,2,0,1.8251,0.8056
I1,2024-01-13,Genoa,Torino,0,0,0.5757,0.3085
I1,2024-01-13,Monza,Inter,1,5,1.0737,4.725
I1,2024-01-13,Napoli,Salernitana,2,1,2.7331,0.1516
I1,2024-01-13,Verona,Empoli,2,1,1.2507,0.7206
SP1,2024-01-13,Ath Bilbao,Sociedad,2,1,1.7304,1.0238
SP1,2024-01-13,Betis,Granada,1,0,2.009,0.6581
SP1,2024-01-13,Las Palmas,Villarreal,3,0,0.964,1.712
SP1,2024-01-13,Mallorca,Celta,1,1,2.5998,0.7117
D1,2024-01-14,Bochum,Werder Bremen,1,1,1.2402,0.9342
D1,2024-01-14,M'gladbach,Stuttgart,3,1,2.0229,1.247
E0,2024-01-14,Everton,Aston Villa,0,0,1.0366,1.3435
E0,2024-01-14,Man United,Tottenham,2,2,0.9232,1.3122
F1,2024-01-14,Brest,Montpellier,2,0,4.3472,0.4626
F1,2024-01-14,Le Havre,Lyon,3,1,1.4729,0.8734
F1,2024-01-14,Lens,Paris SG,0,2,2.6822,1.8038
F1,2024-01-14,Lille,Lorient,3,0,3.0555,0.1227
F1,2024-01-14,Metz,Toulouse,0,1,0.559,0.9522
F1,2024-01-14,Nantes,Clermont,1,2,1.6389,1.2216
I1,2024-01-14,Cagliari,Bologna,2,1,0.4891,0.738
I1,2024-01-14,Fiorentina,Udinese,2,2,1.6667,1.1664
I1,2024-01-14,Lazio,Lecce,1,0,1.0829,0.9713
I1,2024-01-14,Milan,Roma,3,1,1.5736,1.2371
SP1,2024-01-14,Almeria,Girona,0,0,2.2055,0.2466
SP1,2024-01-14,Cadiz,Valencia,1,4,1.5529,1.7596
I1,2024-01-15,Atalanta,Frosinone,5,0,4.9173,0.4345
I1,2024-01-16,Juventus,Sassuolo,3,0,1.2324,0.2951
SP1,2024-01-19,Alaves,Cadiz,1,0,1.8312,0.6704
D1,2024-01-20,Bochum,Stuttgart,1,0,0.7145,1.9932
D1,2024-01-20,Darmstadt,Ein Frankfurt,2,2,1.3877,1.2889
D1,2024-01-20,FC Koln,Dortmund,0,4,1.3929,3.4803
D1,2024-01-20,Freiburg,Hoffenheim,3,2,2.4797,1.7635
D1,2024-01-20,Heidenheim,Wolfsburg,1,1,1.1921,1.221
D1,2024-01-20,RB Leipzig,Leverkusen,2,3,1.5945,2.1722
E0,2024-01-20,Arsenal,Crystal Palace,5,0,3.5217,0.2881
E0,2024-01-20,Brentford,Nott'm Forest,3,2,1.9422,1.2225
I1,2024-01-20,Roma,Verona,2,1,1.4542,1.096
I1,2024-01-20,Udinese,Milan,2,3,0.813,2.4312
SP1,2024-01-20,Celta,Sociedad,0,1,0.2574,0.6302
SP1,2024-01-20,Valencia,Ath Bilbao,1,0,0.7444,0.3514
SP1,2024-01-20,Vallecano,Las Palmas,0,2,2.1683,0.7861
SP1,2024-01-20,Villarreal,Mallorca,1,1,1.7328,0.4305
D1,2024-01-21,Bayern Munich,Werder Bremen,0,1,1.5456,0.4293
D1,2024-01-21,M'gladbach,Augsburg,1,2,1.8792,1.6119
E0,2024-01-21,Bournemouth,Liverpool,0,4,0.8346,1.5334
E0,2024-01-21,Sheffield United,West Ham,2,2,2.6136,2.4241
I1,2024-01-21,Empoli,Monza,3,0,1.781,0.8688
I1,2024-01-21,Frosinone,Cagliari,3,1,2.9278,0.5992
I1,2024-01-21,Lecce,Juventus,0,3,0.4932,2.4841
I1,2024-01-21,Salernitana,Genoa,1,2,1.1539,1.1108
SP1,2024-01-21,Betis,Barcelona,2,4,1.6112,2.7102
SP1,2024-01-21,Girona,Sevilla,5,1,2.9528,0.9478
SP1,2024-01-21,Osasuna,Getafe,3,2,1.5705,1.5077
SP1,2024-01-21,Real Madrid,Almeria,3,2,3.0726,0.9287
E0,2024-01-22,Brighton,Wolves,0,0,1.3701,1.1412
SP1,2024-01-22,Granada,Ath Madrid,0,1,0.6843,1.4288
D1,2024-01-24,Bayern Munich,Union Berlin,1,0,2.172,0.4776
D1,2024-01-26,Ein Frankfurt,Mainz,1,0,1.1383,0.8152
F1,2024-01-26,Lyon,Rennes,2,3,0.965,1.3747
I1,2024-01-26,Cagliari,Torino,1,2,1.9759,2.4228
SP1,2024-01-26,Almeria,Alaves,0,3,1.8018,2.061
D1,2024-01-27,Augsburg,Bayern Munich,2,3,2.6852,2.275
D1,2024-01-27,Hoffenheim,Heidenheim,1,1,3.237,1.1006
D1,2024-01-27,Leverkusen,M'gladbach,0,0,3.3283,0.2789
D1,2024-01-27,Stuttgart,RB Leipzig,5,2,3.1306,0.496
D1,2024-01-27,Werder Bremen,Freiburg,3,1,2.3303,1.3374
D1,2024-01-27,Wolfsburg,FC Koln,1,1,2.14,0.3659
F1,2024-01-27,Marseille,Monaco,2,2,3.4623,0.3722
F1,2024-01-27,Nice,Metz,1,0,1.9747,0.1198
I1,2024-01-27,Atalanta,Udinese,2,0,1.322,0.6167
I1,2024-01-27,Juventus,Empoli,1,1,0.9908,0.6964
I1,2024-01-27,Milan,Bologna,2,2,3.6012,2.0728
SP1,2024-01-27,Barcelona,Villarreal,3,5,2.0278,2.3687
SP1,2024-01-27,Las Palmas,Real Madrid,1,2,0.93,2.0568
SP1,2024-01-27,Mallorca,Betis,0,1,1.7296,0.4008
SP1,2024-01-27,Sociedad,Vallecano,0,0,0.2511,0.1297
D1,2024-01-28,Dortmund,Bochum,3,1,3.0992,0.3884
D1,2024-01-28,Union Berlin,Darmstadt,1,0,3.5473,1.0013
F1,2024-01-28,Clermont,Strasbourg,1,1,1.5305,1.3165
F1,2024-01-28,Lorient,Le Havre,3,3,1.6338,1.3573
F1,2024-01-28,Montpellier,Lille,0,0,1.3772,0.6227
F1,2024-01-28,Paris SG,Brest,2,2,1.898,1.0735
F1,2024-01-28,Reims,Nantes,0,0,1.2138,1.4098
F1,2024-01-28,Toulouse,Lens,0,2,2.4207,1.1707
I1,2024-01-28,Fiorentina,Inter,0,1,1.8921,0.6173
I1,2024-01-28,Genoa,Lecce,2,1,2.0854,2.2989
I1,2024-01-28,Lazio,Napoli,0,0,0.4144,0.1697
I1,2024-01-28,Monza,Sassuolo,1,0,0.4191,0.7255
I1,2024-01-28,Verona,Frosinone,1,1,2.2987,1.6658
SP1,2024-01-28,Ath Madrid,Valencia,2,0,2.8023,0.4066
SP1,2024-01-28,Cadiz,Ath Bilbao,0,0,0.3675,0.256
SP1,2024-01-28,Celta,Girona,0,1,1.0396,1.6071
SP1,2024-01-28,Sevilla,Osasuna,1,1,1.4237,1.0778
I1,2024-01-29,Salernitana,Roma,1,2,1.4291,1.4883
SP1,2024-01-29,Getafe,Granada,2,0,1.0338,1.504
E0,2024-01-30,Aston Villa,Newcastle,1,3,1.4448,3.3224
E0,2024-01-30,Crystal Palace,Sheffield United,3,2,1.1601,0.7685
E0,2024-01-30,Fulham,Everton,0,0,2.375,2.8332
E0,2024-01-30,Luton,Brighton,4,0,3.6331,1.0137
E0,2024-01-30,Nott'm Forest,Arsenal,1,2,0.6316,1.3914
E0,2024-01-31,Liverpool,Chelsea,4,1,3.6627,0.478
E0,2024-01-31,Man City,Burnley,3,1,1.8476,1.4911
E0,2024-01-31,Tottenham,Brentford,3,2,3.3619,1.5964
SP1,2024-01-31,Ath Madrid,Vallecano,2,1,1.2988,0.4266
SP1,2024-01-31,Barcelona,Osasuna,1,0,2.2174,1.4197
E0,2024-02-01,West Ham,Bournemouth,1,1,1.3128,1.1349
E0,2024-02-01,Wolves,Man United,3,4,2.2761,3.227
SP1,2024-02-01,Getafe,Real Madrid,0,2,0.791,2.7223
D1,2024-02-02,Heidenheim,Dortmund,0,0,1.0094,0.8117
F1,2024-02-02,Strasbourg,Paris SG,1,2,2.5786,1.9065
I1,2024-02-02,Lecce,Fiorentina,3,2,2.316,1.0754
SP1,2024-02-02,Ath Bilbao,Mallorca,4,0,1.96,0.4697
D1,2024-02-03,Bayern Munich,M'gladbach,3,1,2.584,0.7801
D1,2024-02-03,Bochum,Augsburg,1,1,1.1673,1.3943
D1,2024-02-03,Darmstadt,Leverkusen,0,2,0.4328,2.1821
D1,2024-02-03,FC Koln,Ein Frankfurt,2,0,2.0965,1.1605
D1,2024-02-03,Freiburg,Stuttgart,1,3,1.1596,2.7373
D1,2024-02-03,Mainz,Werder Bremen,0,1,1.0404,0.395
E0,2024-02-03,Brighton,Crystal Palace,4,1,1.9259,0.2411
E0,2024-02-03,Burnley,Fulham,2,2,1.0043,1.2881
E0,2024-02-03,Everton,Tottenham,2,2,3.2588,0.9224
E0,2024-02-03,Newcastle,Luton,4,4,2.3735,2.6746
E0,2024-02-03,Sheffield United,Aston Villa,0,5,1.5278,2.9901
F1,2024-02-03,Nantes,Lens,0,1,0.7119,1.6384
F1,2024-02-03,Rennes,Montpellier,2,1,2.211,0.7979
I1,2024-02-03,Bologna,Sassuolo,4,2,0.8895,0.8987
I1,2024-02-03,Empoli,Genoa,0,0,0.5848,0.5775
I1,2024-02-03,Frosinone,Milan,2,3,1.0672,2.0117
I1,2024-02-03,Udinese,Monza,0,0,0.7808,0.1248
SP1,2024-02-03,Alaves,Barcelona,1,3,1.0472,1.5578
SP1,2024-02-03,Girona,Sociedad,0,0,1.0454,0.5837
SP1,2024-02-03,Granada,Las Palmas,1,1,0.1556,1.2761
SP1,2024-02-03,Valencia,Almeria,2,1,1.3865,1.5882
D1,2024-02-04,RB Leipzig,Union Berlin,2,0,1.7598,0.6591
D1,2024-02-04,Wolfsburg,Hoffenheim,2,2,1.6042,1.9327
E0,2024-02-04,Arsenal,Liverpool,3,1,2.8526,0.5421
E0,2024-02-04,Bournemouth,Nott'm Forest,1,1,1.1895,0.4565
E0,2024-02-04,Chelsea,Wolves,2,4,2.3597,2.49
E0,2024-02-04,Man United,West Ham,3,0,0.9672,1.1807
F1,2024-02-04,Brest,Nice,0,0,0.8758,0.6729
F1,2024-02-04,Lille,Clermont,4,0,2.4424,0.8113
F1,2024-02-04,Lyon,Marseille,1,0,1.9216,0.5114
F1,2024-02-04,Metz,Lorient,1,2,0.823,1.3724
F1,2024-02-04,Monaco,Le Havre,1,1,1.4852,0.1492
F1,2024-02-04,Reims,Toulouse,2,3,2.0242,1.7417
I1,2024-02-04,Atalanta,Lazio,3,1,2.88,1.2966
I1,2024-02-04,Inter,Juventus,1,0,1.6425,0.5973
I1,2024-02-04,Napoli,Verona,2,1,1.9772,1.1848
I1,2024-02-04,Torino,Salernitana,0,0,0.7425,0.0815
SP1,2024-02-04,Betis,Getafe,1,1,1.5441,1.9002
SP1,2024-02-04,Osasuna,Celta,0,3,1.0052,1.3784
SP1,2024-02-04,Real Madrid,Ath Madrid,1,1,2.3633,1.3501
SP1,2024-02-04,Villarreal,Cadiz,0,0,1.0009,0.687
E0,2024-02-05,Brentford,Man City,1,3,0.8657,2.1079
I1,2024-02-05,Roma,Cagliari,4,0,3.3593,0.5032
SP1,2024-02-05,Vallecano,Sevilla,1,2,2.1306,1.7765
D1,2024-02-07,Mainz,Union Berlin,1,1,1.3781,1.5358
D1,2024-02-09,Dortmund,Freiburg,3,0,3.22,0.2301
F1,2024-02-09,Marseille,Metz,1,1,2.3945,0.9552
I1,2024-02-09,Salernitana,Empoli,1,3,0.7999,2.1499
SP1,2024-02-09,Cadiz,Betis,0,2,0.7551,1.4387
D1,2024-02-10,Augsburg,RB Leipzig,2,2,0.9659,1.789
D1,2024-02-10,Ein Frankfurt,Bochum,1,1,2.4415,1.2769
D1,2024-02-10,Leverkusen,Bayern Munich,3,0,1.2299,0.7102
D1,2024-02-10,M'gladbach,Darmstadt,0,0,1.4735,0.8177
D1,2024-02-10,Union Berlin,Wolfsburg,1,0,0.5755,1.081
D1,2024-02-10,Werder Bremen,Heidenheim,1,2,1.6259,2.1722
E0,2024-02-10,Fulham,Bournemouth,3,1,1.7456,2.6061
E0,2024-02-10,Liverpool,Burnley,3,1,3.1473,1.1112
E0,2024-02-10,Luton,Sheffield United,1,3,1.7622,1.9828
E0,2024-02-10,Man City,Everton,2,0,1.5897,0.1921
E0,2024-02-10,Nott'm Forest,Newcastle,2,3,0.9681,0.5114
E0,2024-02-10,Tottenham,Brighton,2,1,2.1093,1.4929
E0,2024-02-10,Wolves,Brentford,0,2,1.0578,1.8491
F1,2024-02-10,Lens,Strasbourg,3,1,1.9196,1.6669
F1,2024-02-10,Paris SG,Lille,3,1,2.431,1.4827
I1,2024-02-10,Cagliari,Lazio,1,3,0.6934,1.6034
I1,2024-02-10,Roma,Inter,2,4,1.0086,1.2418
I1,2024-02-10,Sassuolo,Torino,1,1,0.8038,1.1114
SP1,2024-02-10,Alaves,Villarreal,1,1,2.0911,1.29
SP1,2024-02-10,Las Palmas,Valencia,2,0,1.4195,0.2512
SP1,2024-02-10,Real Madrid,Girona,4,0,3.3264,0.1802
SP1,2024-02-10,Sociedad,Osasuna,0,1,2.505,0.7047
D1,2024-02-11,Hoffenheim,FC Koln,1,1,0.7269,0.1724
D1,2024-02-11,Stuttgart,Mainz,3,1,2.1701,1.6154
E0,2024-02-11,Aston Villa,Man United,1,2,2.6467,2.4459
E0,2024-02-11,West Ham,Arsenal,0,6,0.1911,3.9989
F1,2024-02-11,Clermont,Brest,1,1,1.1972,1.3569
F1,2024-02-11,Le Havre,Rennes,0,1,1.374,1.1867
F1,2024-02-11,Lorient,Reims,2,0,2.2903,1.1701
F1,2024-02-11,Montpellier,Lyon,1,2,1.781,1.2977
F1,2024-02-11,Nice,Monaco,2,3,2.1646,2.0648
F1,2024-02-11,Toulouse,Nantes,1,2,0.8933,0.498
I1,2024-02-11,Bologna,Lecce,4,0,1.7752,1.1083
I1,2024-02-11,Fiorentina,Frosinone,5,1,3.1785,1.2861
I1,2024-02-11,Genoa,Atalanta,1,4,0.9063,2.8464
I1,2024-02-11,Milan,Napoli,1,0,1.373,0.5021
I1,2024-02-11,Monza,Verona,0,0,0.8319,0.5768
SP1,2024-02-11,Barcelona,Granada,3,3,2.5229,1.2045
SP1,2024-02-11,Getafe,Celta,3,2,2.2229,1.2733
SP1,2024-02-11,Mallorca,Vallecano,2,1,0.829,1.4079
SP1,2024-02-11,Sevilla,Ath Madrid,1,0,2.1534,1.6755
E0,2024-02-12,Crystal Palace,Chelsea,1,3,0.7195,1.2695
I1,2024-02-12,Juventus,Udinese,0,1,2.0153,1.1322
SP1,2024-02-12,Almeria,Ath Bilbao,0,0,0.9006,0.6219
I1,2024-02-14,Bologna,Fiorentina,2,0,2.6517,0.9697
D1,2024-02-16,FC Koln,Werder Bremen,0,1,0.6274,1.352
F1,2024-02-16,Lyon,Nice,1,0,0.8015,0.6855
I1,2024-02-16,Inter,Salernitana,4,0,4.4876,0.0464
I1,2024-02-16,Torino,Lecce,2,0,1.528,0.4157
SP1,2024-02-16,Villarreal,Getafe,1,1,1.6196,0.9769
D1,2024-02-17,Darmstadt,Stuttgart,1,2,2.6675,1.7445
D1,2024-02-17,Heidenheim,Leverkusen,1,2,0.699,1.8799
D1,2024-02-17,Hoffenheim,Union Berlin,0,1,1.2451,2.1649
D1,2024-02-17,Mainz,Augsburg,1,0,2.6229,0.6122
D1,2024-02-17,RB Leipzig,M'gladbach,2,0,1.4902,0.9441
D1,2024-02-17,Wolfsburg,Dortmund,1,1,2.1197,1.2111
E0,2024-02-17,Brentford,Liverpool,1,4,1.6952,3.0895
E0,2024-02-17,Burnley,Arsenal,0,5,0.3351,2.2058
E0,2024-02-17,Fulham,Aston Villa,1,2,1.418,1.573
E0,2024-02-17,Man City,Chelsea,1,1,2.7771,1.829
E0,2024-02-17,Newcastle,Bournemouth,2,2,2.3843,2.081
E0,2024-02-17,Nott'm Forest,West Ham,2,0,2.6694,0.52
E0,2024-02-17,Tottenham,Wolves,1,2,1.5977,1.7759
F1,2024-02-17,Lille,Le Havre,3,0,4.2331,0.2967
F1,2024-02-17,Nantes,Paris SG,0,2,2.1363,1.7189
I1,2024-02-17,Atalanta,Sassuolo,3,0,5.0093,1.8136
I1,2024-02-17,Napoli,Genoa,1,1,1.1879,0.285
I1,2024-02-17,Verona,Juventus,2,2,0.6172,1.8061
SP1,2024-02-17,Ath Madrid,Las Palmas,5,0,2.7927,0.6603
SP1,2024-02-17,Celta,Barcelona,1,2,0.6365,1.5046
SP1,2024-02-17,Osasuna,Cadiz,2,0,1.3785,0.9198
SP1,2024-02-17,Valencia,Sevilla,0,0,1.1199,0.0458
D1,2024-02-18,Bochum,Bayern Munich,3,2,2.085,2.8688
D1,2024-02-18,Freiburg,Ein Frankfurt,3,3,2.7724,1.3548
E0,2024-02-18,Luton,Man United,1,2,1.5723,3.5897
E0,2024-02-18,Sheffield United,Brighton,0,5,0.5862,3.3555
F1,2024-02-18,Brest,Marseille,1,0,1.799,0.4962
F1,2024-02-18,Monaco,Toulouse,1,2,1.6953,1.5778
F1,2024-02-18,Montpellier,Metz,3,0,3.0469,0.9294
F1,2024-02-18,Reims,Lens,1,1,1.0409,1.4598
F1,2024-02-18,Rennes,Clermont,3,1,4.2718,0.7554
F1,2024-02-18,Strasbourg,Lorient,1,3,1.7191,2.1373
I1,2024-02-18,Empoli,Fiorentina,1,1,0.9451,0.9203
I1,2024-02-18,Frosinone,Roma,0,3,1.624,1.8185
I1,2024-02-18,Lazio,Bologna,1,2,1.1412,1.1604
I1,2024-02-18,Monza,Milan,4,2,1.6186,1.331
I1,2024-02-18,Udinese,Cagliari,1,1,1.1759,0.8173
SP1,2024-02-18,Betis,Alaves,0,0,1.1827,0.4908
SP1,2024-02-18,Granada,Almeria,1,1,1.7962,0.6938
SP1,2024-02-18,Mallorca,Sociedad,1,2,0.1889,1.2086
SP1,2024-02-18,Vallecano,Real Madrid,1,1,1.1431,1.0219
E0,2024-02-19,Everton,Crystal Palace,1,1,2.4459,0.7347
SP1,2024-02-19,Ath Bilbao,Girona,3,2,2.7904,1.8058
E0,2024-02-20,Man City,Brentford,1,0,2.5377,0.5038
E0,2024-02-21,Liverpool,Luton,4,1,3.703,0.9565
I1,2024-02-22,Torino,Lazio,0,2,1.9491,0.3524
D1,2024-02-23,Leverkusen,Mainz,2,1,1.4722,0.471
F1,2024-02-23,Metz,Lyon,1,2,1.7699,1.2567
I1,2024-02-23,Bologna,Verona,2,0,2.3328,0.7019
SP1,2024-02-23,Sociedad,Villarreal,1,3,1.4898,1.6421
D1,2024-02-24,Bayern Munich,RB Leipzig,2,1,1.8318,0.577
D1,2024-02-24,M'gladbach,Bochum,5,2,3.6494,2.1372
D1,2024-02-24,Stuttgart,FC Koln,1,1,1.8779,1.4367
D1,2024-02-24,Union Berlin,Heidenheim,2,2,1.2093,1.3302
D1,2024-02-24,Werder Bremen,Darmstadt,1,1,1.5891,0.8902
E0,2024-02-24,Arsenal,Newcastle,4,1,2.5934,0.2174
E0,2024-02-24,Aston Villa,Nott'm Forest,4,2,3.4886,2.2557
E0,2024-02-24,Bournemouth,Man City,0,1,0.9259,1.7964
E0,2024-02-24,Brighton,Everton,1,1,1.6538,0.2867
E0,2024-02-24,Crystal Palace,Burnley,3,0,2.4161,0.076
E0,2024-02-24,Man United,Fulham,1,2,1.9604,1.1385
F1,2024-02-24,Lorient,Nantes,0,1,0.6209,0.3318
F1,2024-02-24,Strasbourg,Brest,0,3,0.1472,1.7563
I1,2024-02-24,Genoa,Udinese,2,0,1.6232,0.3228
I1,2024-02-24,Salernitana,Monza,0,2,0.7288,2.6089
I1,2024-02-24,Sassuolo,Empoli,2,3,1.6015,2.5254
SP1,2024-02-24,Alaves,Mallorca,1,1,0.5019,1.8017
SP1,2024-02-24,Almeria,Ath Madrid,2,2,0.3523,1.8764
SP1,2024-02-24,Barcelona,Getafe,4,0,2.6509,0.3168
D1,2024-02-25,Augsburg,Freiburg,2,1,2.4082,1.4265
D1,2024-02-25,Dortmund,Hoffenheim,2,3,3.0636,1.3159
D1,2024-02-25,Ein Frankfurt,Wolfsburg,2,2,1.5362,1.1817
E0,2024-02-25,Wolves,Sheffield United,1,0,1.2162,0.6543
F1,2024-02-25,Le Havre,Reims,1,2,1.7185,3.1699
F1,2024-02-25,Lens,Monaco,2,3,2.863,2.3304
F1,2024-02-25,Marseille,Montpellier,4,1,2.9118,1.0955
F1,2024-02-25,Nice,Clermont,0,0,1.9703,2.4629
F1,2024-02-25,Paris SG,Rennes,1,1,1.887,0.9824
F1,2024-02-25,Toulouse,Lille,3,1,1.9582,0.5994
I1,2024-02-25,Cagliari,Napoli,1,1,0.9164,1.4625
I1,2024-02-25,Juventus,Frosinone,3,2,1.7441,0.5707
I1,2024-02-25,Lecce,Inter,0,4,0.9282,3.0738
I1,2024-02-25,Milan,Atalanta,1,1,1.3892,1.0655
SP1,2024-02-25,Betis,Ath Bilbao,3,1,0.9213,0.1378
SP1,2024-02-25,Cadiz,Celta,2,2,1.8748,0.6802
SP1,2024-02-25,Las Palmas,Osasuna,1,1,0.9427,0.3879
SP1,2024-02-25,Real Madrid,Sevilla,1,0,1.0164,0.9671
E0,2024-02-26,West Ham,Brentford,4,2,2.0687,1.3368
I1,2024-02-26,Fiorentina,Lazio,2,1,3.8694,0.6119
I1,2024-02-26,Roma,Torino,3,2,1.524,0.5518
SP1,2024-02-26,Girona,Vallecano,3,0,2.8131,0.5647
I1,2024-02-28,Inter,Atalanta,4,0,2.9185,0.2583
I1,2024-02-28,Sassuolo,Napoli,1,6,0.2376,2.7969
D1,2024-03-01,Freiburg,Bayern Munich,2,2,1.5398,2.4424
F1,2024-03-01,Monaco,Paris SG,0,0,2.442,1.8472
I1,2024-03-01,Lazio,Milan,0,1,1.599,0.8497
SP1,2024-03-01,Celta,Almeria,1,0,1.8232,0.3259
D1,2024-03-02,Bochum,RB Leipzig,1,4,0.5629,2.117
D1,2024-03-02,Darmstadt,Augsburg,0,6,1.113,3.3961
D1,2024-03-02,Heidenheim,Ein Frankfurt,1,2,0.8478,1.5778
D1,2024-03-02,Mainz,M'gladbach,1,1,1.0886,1.5508
D1,2024-03-02,Union Berlin,Dortmund,0,2,0.999,1.6392
D1,2024-03-02,Wolfsburg,Stuttgart,2,3,0.9643,1.0406
E0,2024-03-02,Brentford,Chelsea,2,2,2.4732,2.1523
E0,2024-03-02,Everton,West Ham,1,3,3.1208,2.1795
E0,2024-03-02,Fulham,Brighton,3,0,1.376,1.152
E0,2024-03-02,Luton,Aston Villa,2,3,2.4331,2.0859
E0,2024-03-02,Newcastle,Wolves,3,0,3.335,0.5078
E0,2024-03-02,Nott'm Forest,Liverpool,0,1,0.9715,1.3226
E0,2024-03-02,Tottenham,Crystal Palace,3,1,2.6625,0.2779
F1,2024-03-02,Clermont,Marseille,1,5,0.7372,3.0686
F1,2024-03-02,Reims,Lille,0,1,0.5337,1.0826
I1,2024-03-02,Monza,Roma,1,4,1.0158,1.8966
I1,2024-03-02,Torino,Fiorentina,0,0,0.5617,0.6978
I1,2024-03-02,Udinese,Salernitana,1,1,1.9828,0.8392
SP1,2024-03-02,Getafe,Las Palmas,3,3,2.388,1.3715
SP1,2024-03-02,Sevilla,Sociedad,3,2,2.1551,1.2724
SP1,2024-03-02,Valencia,Real Madrid,2,2,1.3318,1.458
SP1,2024-03-02,Vallecano,Cadiz,1,1,0.6881,1.2165
D1,2024-03-03,FC Koln,Leverkusen,0,2,1.294,1.6384
D1,2024-03-03,Hoffenheim,Werder Bremen,2,1,2.0658,1.3494
E0,2024-03-03,Burnley,Bournemouth,0,2,1.6046,1.4362
E0,2024-03-03,Man City,Man United,3,1,2.6417,0.1538
F1,2024-03-03,Brest,Le Havre,1,0,1.2486,0.4273
F1,2024-03-03,Lyon,Lens,0,3,2.1322,3.3527
F1,2024-03-03,Montpellier,Strasbourg,2,2,1.554,1.6159
F1,2024-03-03,Nantes,Metz,0,2,0.9627,2.3645
F1,2024-03-03,Rennes,Lorient,1,2,1.4879,1.9457
F1,2024-03-03,Toulouse,Nice,2,1,1.5007,1.9118
I1,2024-03-03,Atalanta,Bologna,1,2,1.2072,1.5826
I1,2024-03-03,Empoli,Cagliari,0,1,1.5058,0.4286
I1,2024-03-03,Frosinone,Lecce,1,1,1.5351,1.2949
I1,2024-03-03,Napoli,Juventus,2,1,1.7764,2.0359
I1,2024-03-03,Verona,Sassuolo,1,0,0.5043,0.36
SP1,2024-03-03,Ath Bilbao,Barcelona,0,0,0.4684,0.7146
SP1,2024-03-03,Ath Madrid,Betis,2,1,3.5414,0.5886
SP1,2024-03-03,Mallorca,Girona,1,0,0.9433,1.0862
SP1,2024-03-03,Villarreal,Granada,5,1,3.0299,0.2768
E0,2024-03-04,Sheffield United,Arsenal,0,6,0.2014,2.4729
I1,2024-03-04,Inter,Genoa,2,1,2.9042,1.1705
SP1,2024-03-04,Osasuna,Alaves,1,0,1.7165,1.1453
D1,2024-03-08,Stuttgart,Union Berlin,2,0,1.3093,0.8392
F1,2024-03-08,Nice,Montpellier,1,2,1.5102,1.6699
I1,2024-03-08,Napoli,Torino,1,1,1.6152,1.1278
SP1,2024-03-08,Barcelona,Mallorca,1,0,2.0623,0.5048
D1,2024-03-09,Augsburg,Heidenheim,1,0,0.7409,0.2675
D1,2024-03-09,Bayern Munich,Mainz,8,1,6.7814,1.0744
D1,2024-03-09,M'gladbach,FC Koln,3,3,2.547,0.9247
D1,2024-03-09,RB Leipzig,Darmstadt,2,0,4.2538,0.3943
D1,2024-03-09,Werder Bremen,Dortmund,1,2,1.3479,1.2356
E0,2024-03-09,Arsenal,Brentford,2,1,1.5937,0.7332
E0,2024-03-09,Bournemouth,Sheffield United,2,2,3.9266,1.9175
E0,2024-03-09,Crystal Palace,Luton,1,1,3.251,1.0853
E0,2024-03-09,Man United,Everton,2,0,2.9016,1.8214
E0,2024-03-09,Wolves,Fulham,2,1,1.2959,2.9415
F1,2024-03-09,Lens,Brest,1,0,0.7515,0.5225
F1,2024-03-09,Lorient,Lyon,0,2,0.2792,2.3792
I1,2024-03-09,Bologna,Inter,0,1,0.6687,0.82
I1,2024-03-09,Cagliari,Salernitana,4,2,3.4182,1.1725
I1,2024-03-09,Genoa,Monza,2,3,1.8155,1.6621
I1,2024-03-09,Sassuolo,Frosinone,1,0,0.5966,1.3851
SP1,2024-03-09,Cadiz,Ath Madrid,2,0,1.1803,0.8957
SP1,2024-03-09,Girona,Osasuna,2,0,2.1772,0.1852
SP1,2024-03-09,Granada,Sociedad,2,3,2.0551,1.8832
SP1,2024-03-09,Valencia,Getafe,1,0,1.2725,1.1777
D1,2024-03-10,Bochum,Freiburg,1,2,1.2824,1.4357
D1,2024-03-10,Ein Frankfurt,Hoffenheim,3,1,3.5317,0.6959
D1,2024-03-10,Leverkusen,Wolfsburg,2,0,2.0998,0.3549
E0,2024-03-10,Aston Villa,Tottenham,0,4,1.2327,2.2538
E0,2024-03-10,Brighton,Nott'm Forest,1,0,0.5345,0.687
E0,2024-03-10,Liverpool,Man City,1,1,2.2549,1.3729
E0,2024-03-10,West Ham,Burnley,2,2,1.8741,0.8813
F1,2024-03-10,Le Havre,Toulouse,1,0,1.2502,0.2123
F1,2024-03-10,Lille,Rennes,2,2,2.4764,1.2112
F1,2024-03-10,Marseille,Nantes,2,0,2.0366,0.6512
F1,2024-03-10,Metz,Clermont,1,0,1.828,0.6248
F1,2024-03-10,Paris SG,Reims,2,2,1.5352,1.5189
F1,2024-03-10,Strasbourg,Monaco,0,1,0.2681,1.3284
I1,2024-03-10,Fiorentina,Roma,2,2,2.4779,0.7766
I1,2024-03-10,Juventus,Atalanta,2,2,1.6672,0.4709
I1,2024-03-10,Lecce,Verona,0,1,1.0352,0.5565
I1,2024-03-10,Milan,Empoli,1,0,0.989,0.4196
SP1,2024-03-10,Alaves,Vallecano,1,0,0.6402,0.5795
SP1,2024-03-10,Betis,Villarreal,2,3,1.3998,1.3081
SP1,2024-03-10,Las Palmas,Ath Bilbao,0,2,0.8347,1.2732
SP1,2024-03-10,Real Madrid,Celta,4,0,3.6885,0.5373
E0,2024-03-11,Chelsea,Newcastle,3,2,1.7832,0.5684
I1,2024-03-11,Lazio,Udinese,1,2,2.1514,1.4885
SP1,2024-03-11,Almeria,Sevilla,2,2,1.8123,2.6495
E0,2024-03-13,Bournemouth,Luton,4,3,2.844,2.7942
D1,2024-03-15,FC Koln,RB Leipzig,1,5,1.1825,3.9278
F1,2024-03-15,Toulouse,Lyon,2,3,2.0594,1.4978
I1,2024-03-15,Empoli,Bologna,0,1,0.8689,2.3057
SP1,2024-03-15,Sociedad,Cadiz,2,0,2.3496,0.6957
D1,2024-03-16,Darmstadt,Bayern Munich,2,5,1.2476,5.1191
D1,2024-03-16,Heidenheim,M'gladbach,1,1,1.611,0.8203
D1,2024-03-16,Hoffenheim,Stuttgart,0,3,0.2292,3.1752
D1,2024-03-16,Mainz,Bochum,2,0,2.338,0.5907
D1,2024-03-16,Union Berlin,Werder Bremen,2,1,1.4284,0.833
D1,2024-03-16,Wolfsburg,Augsburg,1,3,1.6793,0.9715
E0,2024-03-16,Burnley,Brentford,2,1,2.6978,1.2512
E0,2024-03-16,Fulham,Tottenham,3,0,2.4723,2.1456
E0,2024-03-16,Luton,Nott'm Forest,1,1,0.8538,1.9527
F1,2024-03-16,Lens,Nice,1,3,1.3631,1.8069
F1,2024-03-16,Nantes,Strasbourg,1,3,0.7092,1.8875
I1,2024-03-16,Frosinone,Lazio,2,3,1.9005,3.3054
I1,2024-03-16,Monza,Cagliari,1,0,1.4436,0.4439
I1,2024-03-16,Salernitana,Lecce,0,1,1.4514,2.0147
I1,2024-03-16,Udinese,Torino,0,2,0.3848,1.5461
SP1,2024-03-16,Ath Bilbao,Alaves,2,0,2.3113,1.387
SP1,2024-03-16,Getafe,Girona,1,0,1.1096,1.7019
SP1,2024-03-16,Mallorca,Granada,1,0,1.655,0.296
SP1,2024-03-16,Osasuna,Real Madrid,2,4,0.6698,3.0577
D1,2024-03-17,Dortmund,Ein Frankfurt,3,1,2.8341,0.869
D1,2024-03-17,Freiburg,Leverkusen,2,3,0.9166,2.5034
E0,2024-03-17,West Ham,Aston Villa,1,1,1.3283,0.9113
F1,2024-03-17,Brest,Lille,1,1,1.4278,0.8459
F1,2024-03-17,Clermont,Le Havre,2,1,1.1789,1.1388
F1,2024-03-17,Monaco,Lorient,2,2,3.4326,0.7529
F1,2024-03-17,Montpellier,Paris SG,2,6,2.5178,2.243
F1,2024-03-17,Reims,Metz,2,1,1.58,1.1241
F1,2024-03-17,Rennes,Marseille,2,0,1.5921,0.7404
I1,2024-03-17,Inter,Napoli,1,1,1.3792,1.3615
I1,2024-03-17,Juventus,Genoa,0,0,1.3871,0.1755
I1,2024-03-17,Roma,Sassuolo,1,0,0.8585,0.7776
I1,2024-03-17,Verona,Milan,1,3,0.5657,2.7528
SP1,2024-03-17,Ath Madrid,Barcelona,0,3,0.5708,1.9497
SP1,2024-03-17,Las Palmas,Almeria,0,1,0.7937,0.6881
SP1,2024-03-17,Sevilla,Celta,1,2,1.7559,2.2342
SP1,2024-03-17,Vallecano,Betis,2,0,0.7902,0.6937
SP1,2024-03-17,Villarreal,Valencia,1,0,2.1872,1.0772
F1,2024-03-29,Lille,Lens,2,1,1.6025,0.7417
SP1,2024-03-29,Cadiz,Granada,1,0,1.1917,0.4126
D1,2024-03-30,Bayern Munich,Dortmund,0,2,1.9088,1.2584
D1,2024-03-30,Ein Frankfurt,Union Berlin,0,0,1.3089,1.0768
D1,2024-03-30,Leverkusen,Hoffenheim,2,1,3.0367,0.6577
D1,2024-03-30,M'gladbach,Freiburg,0,3,1.8442,2.0877
D1,2024-03-30,RB Leipzig,Mainz,0,0,2.9197,1.0056
D1,2024-03-30,Werder Bremen,Wolfsburg,0,2,0.7388,2.4461
E0,2024-03-30,Aston Villa,Wolves,2,0,1.2827,1.6623
E0,2024-03-30,Bournemouth,Everton,2,1,1.3927,0.9338
E0,2024-03-30,Brentford,Man United,1,1,3.1649,0.9896
E0,2024-03-30,Chelsea,Burnley,2,2,4.4664,2.1042
E0,2024-03-30,Newcastle,West Ham,4,3,3.8092,0.9946
E0,2024-03-30,Nott'm Forest,Crystal Palace,1,1,0.7847,0.901
E0,2024-03-30,Sheffield United,Fulham,3,3,1.7882,1.1025
E0,2024-03-30,Tottenham,Luton,2,1,2.4652,0.4024
F1,2024-03-30,Lyon,Reims,1,1,2.1253,1.4853
F1,2024-03-30,Metz,Monaco,2,5,1.7628,2.8624
I1,2024-03-30,Fiorentina,Milan,1,2,1.6997,3.1743
I1,2024-03-30,Genoa,Frosinone,1,1,1.658,1.0069
I1,2024-03-30,Lazio,Juventus,1,0,1.2425,0.4792
I1,2024-03-30,Napoli,Atalanta,0,3,1.835,1.559
I1,2024-03-30,Torino,Monza,1,0,1.6159,0.5602
SP1,2024-03-30,Almeria,Osasuna,0,3,0.7457,1.0089
SP1,2024-03-30,Barcelona,Las Palmas,1,0,1.7295,0.3143
SP1,2024-03-30,Getafe,Sevilla,0,1,1.5779,0.901
SP1,2024-03-30,Valencia,Mallorca,0,0,1.3384,0.6737
D1,2024-03-31,Augsburg,FC Koln,1,1,2.1313,1.6795
D1,2024-03-31,Bochum,Darmstadt,2,2,2.2925,0.879
D1,2024-03-31,Stuttgart,Heidenheim,3,3,3.0588,1.6252
E0,2024-03-31,Liverpool,Brighton,2,1,3.2115,0.4392
E0,2024-03-31,Man City,Arsenal,0,0,1.2201,0.5114
F1,2024-03-31,Clermont,Toulouse,0,3,0.8973,2.3031
F1,2024-03-31,Le Havre,Montpellier,0,2,0.6907,1.8185
F1,2024-03-31,Lorient,Brest,0,1,1.4114,0.4299
F1,2024-03-31,Marseille,Paris SG,0,2,1.0258,1.7397
F1,2024-03-31,Nice,Nantes,1,2,1.211,1.7938
F1,2024-03-31,Strasbourg,Rennes,2,0,2.4577,0.9133
SP1,2024-03-31,Alaves,Sociedad,0,1,0.143,1.2925
SP1,2024-03-31,Celta,Vallecano,0,0,0.8384,0.5151
SP1,2024-03-31,Girona,Betis,3,2,2.4316,0.525
SP1,2024-03-31,Real Madrid,Ath Bilbao,2,0,1.1877,0.3047
I1,2024-04-01,Bologna,Salernitana,3,0,1.8532,0.7022
I1,2024-04-01,Cagliari,Verona,1,1,0.5945,1.092
I1,2024-04-01,Inter,Empoli,2,0,2.0337,0.5604
I1,2024-04-01,Lecce,Roma,0,0,1.9759,1.6937
I1,2024-04-01,Sassuolo,Udinese,1,1,1.4761,1.7267
SP1,2024-04-01,Villarreal,Ath Madrid,1,2,0.682,1.2402
E0,2024-04-02,Bournemouth,Crystal Palace,1,0,1.3097,0.1744
E0,2024-04-02,Burnley,Wolves,1,1,1.1258,1.0102
E0,2024-04-02,Newcastle,Everton,1,1,2.6501,1.6983
E0,2024-04-02,Nott'm Forest,Fulham,3,1,1.9462,1.043
E0,2024-04-02,West Ham,Tottenham,1,1,1.4702,1.3942
E0,2024-04-03,Arsenal,Luton,2,0,1.1438,0.2921
E0,2024-04-03,Brentford,Brighton,0,0,0.4233,1.224
E0,2024-04-03,Man City,Aston Villa,4,1,3.877,1.1864
E0,2024-04-04,Chelsea,Man United,4,3,3.4805,1.5669
E0,2024-04-04,Liverpool,Sheffield United,3,1,2.5177,0.7209
SP1,2024-04-04,Granada,Valencia,0,1,0.7291,0.7186
D1,2024-04-05,Ein Frankfurt,Werder Bremen,1,1,2.189,1.601
F1,2024-04-05,Lille,Marseille,3,1,1.9474,0.85
I1,2024-04-05,Salernitana,Sassuolo,2,2,1.2795,1.8804
D1,2024-04-06,Dortmund,Stuttgart,0,1,2.9533,1.8287
D1,2024-04-06,FC Koln,Bochum,2,1,1.2373,0.7771
D1,2024-04-06,Freiburg,RB Leipzig,1,4,1.559,2.887
D1,2024-04-06,Heidenheim,Bayern Munich,3,2,1.3505,2.1207
D1,2024-04-06,Mainz,Darmstadt,4,0,3.8497,0.5582
D1,2024-04-06,Union Berlin,Leverkusen,0,1,0.2699,2.7617
E0,2024-04-06,Aston Villa,Brentford,3,3,1.1633,1.4206
E0,2024-04-06,Brighton,Arsenal,0,3,0.4285,4.1652
E0,2024-04-06,Crystal Palace,Man City,2,4,1.4947,2.2638
E0,2024-04-06,Everton,Burnley,1,0,0.6598,0.347
E0,2024-04-06,Fulham,Newcastle,0,1,0.8346,1.1801
E0,2024-04-06,Luton,Bournemouth,2,1,1.3048,0.6161
E0,2024-04-06,Wolves,West Ham,1,2,1.7834,1.1413
F1,2024-04-06,Lens,Le Havre,1,1,1.0314,1.5478
F1,2024-04-06,Paris SG,Clermont,1,1,2.5738,0.2814
I1,2024-04-06,Empoli,Torino,3,2,0.4879,2.5343
I1,2024-04-06,Milan,Lecce,3,0,2.4131,0.8414
I1,2024-04-06,Roma,Lazio,1,0,0.6352,0.4803
D1,2024-04-07,Hoffenheim,Augsburg,3,1,2.2198,0.8068
D1,2024-04-07,Wolfsburg,M'gladbach,1,3,1.2669,1.387
E0,2024-04-07,Man United,Liverpool,2,2,0.8145,4.4346
E0,2024-04-07,Sheffield United,Chelsea,2,2,1.7427,0.5218
E0,2024-04-07,Tottenham,Nott'm Forest,3,1,1.6198,2.0012
F1,2024-04-07,Brest,Metz,4,3,4.5164,2.0804
F1,2024-04-07,Monaco,Rennes,1,0,1.6049,1.6645
F1,2024-04-07,Montpellier,Lorient,2,0,2.6893,1.7483
F1,2024-04-07,Nantes,Lyon,1,3,1.1032,2.9099
F1,2024-04-07,Reims,Nice,0,0,0.5376,1.9215
F1,2024-04-07,Toulouse,Strasbourg,0,0,0.8251,0.5821
I1,2024-04-07,Cagliari,Atalanta,2,1,0.7153,0.7724
I1,2024-04-07,Frosinone,Bologna,0,0,0.5683,2.4642
I1,2024-04-07,Juventus,Fiorentina,1,0,2.4645,0.509
I1,2024-04-07,Monza,Napoli,2,4,0.414,2.7029
I1,2024-04-07,Verona,Genoa,1,2,0.9615,2.0133
I1,2024-04-08,Udinese,Inter,1,2,0.07,3.4119
D1,2024-04-12,Augsburg,Union Berlin,2,0,1.7073,1.5504
F1,2024-04-12,Metz,Lens,2,1,0.8027,1.9093
I1,2024-04-12,Lazio,Salernitana,4,1,2.5016,0.5446
SP1,2024-04-12,Betis,Celta,2,1,1.229,1.5813
D1,2024-04-13,Bayern Munich,FC Koln,2,0,2.347,0.7668
D1,2024-04-13,Bochum,Heidenheim,1,1,1.1171,1.4069
D1,2024-04-13,M'gladbach,Dortmund,1,2,1.1723,1.807
D1,2024-04-13,Mainz,Hoffenheim,4,1,2.5839,0.5297
D1,2024-04-13,RB Leipzig,Wolfsburg,3,0,1.6814,0.323
D1,2024-04-13,Stuttgart,Ein Frankfurt,3,0,1.262,0.5656
E0,2024-04-13,Bournemouth,Man United,2,2,2.3852,1.5227
E0,2024-04-13,Brentford,Sheffield United,2,0,1.0907,0.8345
E0,2024-04-13,Burnley,Brighton,1,1,1.8522,0.8894
E0,2024-04-13,Man City,Luton,5,1,4.6425,0.8098
E0,2024-04-13,Newcastle,Tottenham,4,0,3.1483,0.7376
E0,2024-04-13,Nott'm Forest,Wolves,2,2,1.7624,1.4569
F1,2024-04-13,Rennes,Toulouse,1,2,0.8778,0.7839
F1,2024-04-13,Strasbourg,Reims,3,1,2.3051,0.7391
I1,2024-04-13,Bologna,Monza,0,0,2.7722,0.4092
I1,2024-04-13,Lecce,Empoli,1,0,3.1513,0.1361
I1,2024-04-13,Torino,Juventus,0,0,0.8348,1.2596
SP1,2024-04-13,Ath Madrid,Girona,3,1,2.5863,2.2099
SP1,2024-04-13,Cadiz,Barcelona,0,1,0.7905,0.8334
SP1,2024-04-13,Mallorca,Real Madrid,0,1,0.593,1.8116
SP1,2024-04-13,Vallecano,Getafe,0,0,0.7778,0.2515
D1,2024-04-14,Darmstadt,Freiburg,0,1,0.9623,1.3444
D1,2024-04-14,Leverkusen,Werder Bremen,5,0,3.3358,0.8854
E0,2024-04-14,Arsenal,Aston Villa,0,2,1.89,0.929
E0,2024-04-14,Liverpool,Crystal Palace,0,1,3.045,2.1288
E0,2024-04-14,West Ham,Fulham,0,2,1.4531,3.6141
F1,2024-04-14,Clermont,Montpellier,1,1,1.369,1.7142
F1,2024-04-14,Le Havre,Nantes,0,1,1.6031,0.7562
F1,2024-04-14,Lyon,Brest,4,3,1.8478,1.7183
I1,2024-04-14,Inter,Cagliari,2,2,1.9507,1.109
I1,2024-04-14,Napoli,Frosinone,2,2,2.7326,2.3143
I1,2024-04-14,Sassuolo,Milan,3,3,1.372,3.0528
I1,2024-04-14,Udinese,Roma,1,2,0.9447,1.6156
SP1,2024-04-14,Ath Bilbao,Villarreal,1,1,0.823,2.1913
SP1,2024-04-14,Granada,Alaves,2,0,1.8682,0.2793
SP1,2024-04-14,Las Palmas,Sevilla,0,2,0.0909,2.0641
SP1,2024-04-14,Sociedad,Almeria,2,2,1.6874,1.7755
E0,2024-04-15,Chelsea,Everton,6,0,3.3709,1.2179
I1,2024-04-15,Atalanta,Verona,2,2,1.6709,1.1042
I1,2024-04-15,Fiorentina,Genoa,1,1,1.7876,1.5951
SP1,2024-04-15,Osasuna,Valencia,0,1,2.2687,0.2357
D1,2024-04-19,Ein Frankfurt,Augsburg,3,1,1.8874,0.598
F1,2024-04-19,Nice,Lorient,3,0,2.513,0.5617
I1,2024-04-19,Cagliari,Juventus,2,2,1.9782,0.5951
I1,2024-04-19,Genoa,Lazio,0,1,0.6085,0.9521
SP1,2024-04-19,Ath Bilbao,Granada,1,1,1.6414,0.151
D1,2024-04-20,FC Koln,Darmstadt,0,2,1.1117,1.9512
D1,2024-04-20,Heidenheim,RB Leipzig,1,2,1.3525,1.5811
D1,2024-04-20,Hoffenheim,M'gladbach,4,3,2.7728,1.3637
D1,2024-04-20,Union Berlin,Bayern Munich,1,5,1.0686,1.928
D1,2024-04-20,Wolfsburg,Bochum,1,0,1.3481,1.379
E0,2024-04-20,Luton,Brentford,1,5,0.4978,3.7809
E0,2024-04-20,Sheffield United,Burnley,1,4,1.9782,2.4234
E0,2024-04-20,Wolves,Arsenal,0,2,0.1645,1.6618
F1,2024-04-20,Lens,Clermont,1,0,2.807,0.6173
F1,2024-04-20,Nantes,Rennes,0,3,0.1594,2.3816
I1,2024-04-20,Empoli,Napoli,1,0,1.2535,0.8918
I1,2024-04-20,Verona,Udinese,1,0,1.2952,1.9722
SP1,2024-04-20,Celta,Las Palmas,4,1,3.5893,0.9084
SP1,2024-04-20,Girona,Cadiz,4,1,2.3094,1.8243
SP1,2024-04-20,Valencia,Betis,1,2,0.9515,1.8212
SP1,2024-04-20,Vallecano,Osasuna,2,1,0.5603,0.9307
D1,2024-04-21,Dortmund,Leverkusen,1,1,0.774,1.5128
D1,2024-04-21,Freiburg,Mainz,1,1,1.2557,1.4794
D1,2024-04-21,Werder Bremen,Stuttgart,2,1,1.4078,3.3236
E0,2024-04-21,Aston Villa,Bournemouth,3,1,2.6269,2.0521
E0,2024-04-21,Crystal Palace,West Ham,5,2,3.7185,1.3454
E0,2024-04-21,Everton,Nott'm Forest,2,0,0.4732,1.1892
E0,2024-04-21,Fulham,Liverpool,1,3,0.8388,1.0245
F1,2024-04-21,Brest,Monaco,0,2,0.641,1.3068
F1,2024-04-21,Le Havre,Metz,0,1,0.6494,1.5016
F1,2024-04-21,Lille,Strasbourg,1,0,1.2631,0.9487
F1,2024-04-21,Paris SG,Lyon,4,1,3.0913,0.6672
F1,2024-04-21,Reims,Montpellier,1,2,1.3194,1.3557
F1,2024-04-21,Toulouse,Marseille,2,2,0.6547,1.0651
I1,2024-04-21,Monza,Atalanta,1,2,0.8789,2.1983
I1,2024-04-21,Salernitana,Fiorentina,0,2,0.3268,2.4511
I1,2024-04-21,Sassuolo,Lecce,0,3,0.4101,2.3661
I1,2024-04-21,Torino,Frosinone,0,0,0.521,0.5789
SP1,2024-04-21,Alaves,Ath Madrid,2,0,0.521,0.7152
SP1,2024-04-21,Almeria,Villarreal,1,2,2.1454,1.6001
SP1,2024-04-21,Getafe,Sociedad,1,1,1.1982,1.0352
SP1,2024-04-21,Real Madrid,Barcelona,3,2,2.7698,1.3467
I1,2024-04-22,Milan,Inter,1,2,2.5111,1.6298
I1,2024-04-22,Roma,Bologna,1,3,1.8336,1.2568
SP1,2024-04-22,Sevilla,Mallorca,2,1,1.7284,0.8798
E0,2024-04-23,Arsenal,Chelsea,5,0,3.4586,1.6034
E0,2024-04-24,Crystal Palace,Newcastle,2,0,1.4366,0.5513
E0,2024-04-24,Everton,Liverpool,2,0,1.8911,1.8716
E0,2024-04-24,Man United,Sheffield United,4,2,3.5131,1.2052
E0,2024-04-24,Wolves,Bournemouth,0,1,0.4845,2.4031
F1,2024-04-24,Lorient,Paris SG,1,4,1.0363,1.9781
F1,2024-04-24,Marseille,Nice,2,2,1.7766,1.2879
F1,2024-04-24,Monaco,Lille,1,0,2.2153,1.2823
E0,2024-04-25,Brighton,Man City,0,4,0.572,1.9051
D1,2024-04-26,Bochum,Hoffenheim,3,2,3.9103,1.2829
F1,2024-04-26,Montpellier,Nantes,1,1,0.6796,1.708
I1,2024-04-26,Frosinone,Salernitana,3,0,1.7517,1.031
SP1,2024-04-26,Sociedad,Real Madrid,0,1,0.3809,0.4627
D1,2024-04-27,Augsburg,Werder Bremen,0,3,0.5426,2.5314
D1,2024-04-27,Bayern Munich,Ein Frankfurt,2,1,3.2965,0.3929
D1,2024-04-27,Freiburg,Wolfsburg,1,2,1.8626,0.5831
D1,2024-04-27,Leverkusen,Stuttgart,2,2,1.6658,2.0201
D1,2024-04-27,RB Leipzig,Dortmund,4,1,2.7491,1.7764
E0,2024-04-27,Aston Villa,Chelsea,2,2,0.6123,1.564
E0,2024-04-27,Everton,Brentford,1,0,1.214,0.9564
E0,2024-04-27,Fulham,Crystal Palace,1,1,1.3942,1.0539
E0,2024-04-27,Man United,Burnley,1,1,3.062,1.8959
E0,2024-04-27,Newcastle,Sheffield United,5,1,2.9348,1.8241
E0,2024-04-27,West Ham,Liverpool,2,2,0.794,2.293
E0,2024-04-27,Wolves,Luton,2,1,1.4901,0.9043
F1,2024-04-27,Paris SG,Le Havre,3,3,2.2583,1.2127
I1,2024-04-27,Juventus,Milan,0,0,1.7656,0.278
I1,2024-04-27,Lazio,Verona,1,0,1.317,0.6293
I1,2024-04-27,Lecce,Monza,1,1,0.9276,1.0956
SP1,2024-04-27,Alaves,Celta,3,0,3.4109,0.1883
SP1,2024-04-27,Almeria,Getafe,1,3,2.748,1.6748
SP1,2024-04-27,Ath Madrid,Ath Bilbao,3,1,0.6203,0.8946
SP1,2024-04-27,Las Palmas,Girona,0,2,1.4168,2.0472
D1,2024-04-28,Darmstadt,Heidenheim,0,1,0.532,1.4916
D1,2024-04-28,M'gladbach,Union Berlin,0,0,1.2102,1.1135
D1,2024-04-28,Mainz,FC Koln,1,1,1.8893,2.8569
E0,2024-04-28,Bournemouth,Brighton,3,0,2.4813,1.3568
E0,2024-04-28,Nott'm Forest,Man City,0,2,2.1731,0.9321
E0,2024-04-28,Tottenham,Arsenal,2,3,2.6046,1.5147
F1,2024-04-28,Clermont,Reims,4,1,2.5681,0.8752
F1,2024-04-28,Lorient,Toulouse,1,2,1.3574,2.2347
F1,2024-04-28,Lyon,Monaco,3,2,2.6414,2.0461
F1,2024-04-28,Marseille,Lens,2,1,1.7734,1.2514
F1,2024-04-28,Metz,Lille,1,2,1.2818,0.8821
F1,2024-04-28,Rennes,Brest,4,5,2.3421,2.187
F1,2024-04-28,Strasbourg,Nice,1,3,1.0423,1.898
I1,2024-04-28,Atalanta,Empoli,2,0,2.1309,0.5939
I1,2024-04-28,Bologna,Udinese,1,1,0.7091,0.6139
I1,2024-04-28,Fiorentina,Sassuolo,5,1,4.2963,0.2684
I1,2024-04-28,Inter,Torino,2,0,1.901,0.4581
I1,2024-04-28,Napoli,Roma,2,2,3.8756,1.7889
SP1,2024-04-28,Betis,Sevilla,1,1,2.3946,1.2648
SP1,2024-04-28,Cadiz,Mallorca,1,1,0.4418,0.8275
SP1,2024-04-28,Granada,Osasuna,3,0,2.3147,0.989
SP1,2024-04-28,Villarreal,Vallecano,3,0,1.9809,0.8969
I1,2024-04-29,Genoa,Cagliari,3,0,1.0942,0.7815
SP1,2024-04-29,Barcelona,Valencia,4,2,2.5964,1.4935
E0,2024-05-02,Chelsea,Tottenham,2,0,2.2243,1.2706
D1,2024-05-03,Hoffenheim,RB Leipzig,1,1,1.8037,1.0343
E0,2024-05-03,Luton,Everton,1,1,0.9504,1.2296
F1,2024-05-03,Lens,Lorient,2,0,2.3024,0.4598
F1,2024-05-03,Toulouse,Montpellier,1,2,1.9861,0.6604
I1,2024-05-03,Torino,Bologna,0,0,0.7866,0.1699
SP1,2024-05-03,Getafe,Ath Bilbao,0,2,4.4164,0.9256
D1,2024-05-04,Dortmund,Augsburg,5,1,3.671,2.5698
D1,2024-05-04,FC Koln,Freiburg,0,0,1.0894,1.1273
D1,2024-05-04,Stuttgart,Bayern Munich,3,1,2.0106,1.9276
D1,2024-05-04,Werder Bremen,M'gladbach,2,2,1.3162,2.2853
D1,2024-05-04,Wolfsburg,Darmstadt,3,0,3.1604,0.3724
E0,2024-05-04,Arsenal,Bournemouth,3,0,3.9137,0.4687
E0,2024-05-04,Brentford,Fulham,0,0,0.8094,1.4558
E0,2024-05-04,Burnley,Newcastle,1,4,1.2863,4.2564
E0,2024-05-04,Man City,Wolves,5,1,4.5254,0.3969
E0,2024-05-04,Sheffield United,Nott'm Forest,1,3,2.4899,1.9382
F1,2024-05-04,Brest,Nantes,0,0,0.6211,1.336
F1,2024-05-04,Le Havre,Strasbourg,3,1,2.5631,0.6318
F1,2024-05-04,Metz,Rennes,2,3,0.8292,2.0182
F1,2024-05-04,Monaco,Clermont,4,1,3.4451,1.0153
I1,2024-05-04,Monza,Lazio,2,2,2.0808,1.5745
I1,2024-05-04,Sassuolo,Inter,1,0,0.335,1.6369
SP1,2024-05-04,Girona,Barcelona,4,2,2.3152,2.6053
SP1,2024-05-04,Mallorca,Ath Madrid,0,1,0.3285,0.8748
SP1,2024-05-04,Real Madrid,Cadiz,3,0,2.6345,0.9988
SP1,2024-05-04,Sociedad,Las Palmas,2,0,0.8991,0.5669
D1,2024-05-05,Ein Frankfurt,Leverkusen,1,5,1.5758,3.1132
D1,2024-05-05,Heidenheim,Mainz,1,1,1.4257,2.2312
D1,2024-05-05,Union Berlin,Bochum,3,4,1.4956,1.8468
E0,2024-05-05,Brighton,Aston Villa,1,0,2.6357,0.0644
E0,2024-05-05,Chelsea,West Ham,5,0,4.2184,0.8939
E0,2024-05-05,Liverpool,Tottenham,4,2,3.2622,1.1721
I1,2024-05-05,Cagliari,Lecce,1,1,0.924,1.813
I1,2024-05-05,Empoli,Frosinone,0,0,0.3182,0.9478
I1,2024-05-05,Milan,Genoa,3,3,2.315,0.9112
I1,2024-05-05,Roma,Juventus,1,1,1.606,0.9526
I1,2024-05-05,Verona,Fiorentina,2,1,1.4921,1.1074
SP1,2024-05-05,Celta,Villarreal,3,2,4.4126,0.5448
SP1,2024-05-05,Osasuna,Betis,0,2,1.0246,1.4469
SP1,2024-05-05,Sevilla,Granada,3,0,2.4522,0.2271
SP1,2024-05-05,Valencia,Alaves,0,1,1.4082,1.1691
SP1,2024-05-05,Vallecano,Almeria,0,1,2.0961,0.556
E0,2024-05-06,Crystal Palace,Man United,4,0,2.0656,0.3414
F1,2024-05-06,Lille,Lyon,3,4,1.1245,2.4298
I1,2024-05-06,Salernitana,Atalanta,1,2,0.4971,2.265
I1,2024-05-06,Udinese,Napoli,1,1,0.5219,1.1157
D1,2024-05-10,Augsburg,Stuttgart,0,1,0.5624,1.826
F1,2024-05-10,Brest,Reims,1,1,1.3475,0.4322
F1,2024-05-10,Nice,Le Havre,1,0,1.9364,0.4278
I1,2024-05-10,Frosinone,Inter,0,5,1.8881,2.0567
SP1,2024-05-10,Alaves,Girona,2,2,2.4015,1.5366
D1,2024-05-11,FC Koln,Union Berlin,3,2,3.0242,1.6606
D1,2024-05-11,Freiburg,Heidenheim,1,1,1.8695,0.6345
D1,2024-05-11,M'gladbach,Ein Frankfurt,1,1,0.3235,2.3314
D1,2024-05-11,Mainz,Dortmund,3,0,3.054,0.399
D1,2024-05-11,RB Leipzig,Werder Bremen,1,1,1.6096,1.0305
E0,2024-05-11,Bournemouth,Brentford,1,2,1.0724,1.9272
E0,2024-05-11,Everton,Sheffield United,1,0,1.8241,0.4655
E0,2024-05-11,Fulham,Man City,0,4,0.0886,3.1522
E0,2024-05-11,Newcastle,Brighton,1,1,2.4516,1.9156
E0,2024-05-11,Nott'm Forest,Chelsea,2,3,2.4457,2.4107
E0,2024-05-11,Tottenham,Burnley,2,1,3.0024,0.9503
E0,2024-05-11,West Ham,Luton,3,1,3.7101,0.6405
E0,2024-05-11,Wolves,Crystal Palace,1,3,1.1561,2.5145
I1,2024-05-11,Milan,Cagliari,5,1,3.5631,1.3391
I1,2024-05-11,Napoli,Bologna,0,2,1.4832,1.7406
SP1,2024-05-11,Ath Bilbao,Osasuna,2,2,2.1703,1.0533
SP1,2024-05-11,Granada,Real Madrid,0,4,0.6998,2.7909
SP1,2024-05-11,Mallorca,Las Palmas,1,0,0.4572,0.3132
SP1,2024-05-11,Villarreal,Sevilla,3,2,3.1077,1.9584
D1,2024-05-12,Bayern Munich,Wolfsburg,2,0,0.3715,0.1324
D1,2024-05-12,Bochum,Leverkusen,0,5,0.2215,4.5949
D1,2024-05-12,Darmstadt,Hoffenheim,0,6,0.4672,3.6713
E0,2024-05-12,Man United,Arsenal,0,1,0.5517,1.731
F1,2024-05-12,Clermont,Lyon,0,1,1.1765,0.3897
F1,2024-05-12,Marseille,Lorient,3,1,3.9691,1.0861
F1,2024-05-12,Montpellier,Monaco,0,2,1.1295,2.3159
F1,2024-05-12,Nantes,Lille,1,2,0.8104,1.409
F1,2024-05-12,Paris SG,Toulouse,1,3,1.5041,1.7109
F1,2024-05-12,Rennes,Lens,1,1,2.1522,0.4105
F1,2024-05-12,Strasbourg,Metz,2,1,1.3873,0.8969
I1,2024-05-12,Atalanta,Roma,2,1,2.8595,1.1719
I1,2024-05-12,Genoa,Sassuolo,2,1,0.813,1.6904
I1,2024-05-12,Juventus,Salernitana,1,1,2.37,0.921
I1,2024-05-12,Lazio,Empoli,2,0,1.6108,1.1028
I1,2024-05-12,Verona,Torino,1,2,1.0925,0.9568
SP1,2024-05-12,Ath Madrid,Celta,1,0,1.8101,0.37
SP1,2024-05-12,Betis,Almeria,3,2,1.6934,1.083
SP1,2024-05-12,Cadiz,Getafe,1,0,1.4282,0.3103
SP1,2024-05-12,Valencia,Vallecano,0,0,1.1633,0.7857
E0,2024-05-13,Aston Villa,Liverpool,3,3,2.7165,1.8997
I1,2024-05-13,Fiorentina,Monza,2,1,2.4501,1.1963
I1,2024-05-13,Lecce,Udinese,0,2,0.3485,1.6374
SP1,2024-05-13,Barcelona,Sociedad,2,0,1.6603,0.7992
E0,2024-05-14,Tottenham,Man City,0,2,1.8429,2.7033
SP1,2024-05-14,Girona,Villarreal,0,1,2.2845,0.7765
SP1,2024-05-14,Osasuna,Mallorca,1,1,0.429,0.9193
SP1,2024-05-14,Real Madrid,Alaves,5,0,2.8822,1.5066
E0,2024-05-15,Brighton,Chelsea,1,2,1.3242,1.544
E0,2024-05-15,Man United,Newcastle,3,2,1.4971,2.2766
F1,2024-05-15,Nice,Paris SG,1,2,1.9552,1.445
F1,2024-05-15,Reims,Marseille,1,0,0.8793,1.8126
SP1,2024-05-15,Celta,Ath Bilbao,2,1,0.7582,0.3771
SP1,2024-05-15,Getafe,Ath Madrid,0,3,0.447,1.6704
SP1,2024-05-15,Sevilla,Cadiz,0,1,1.4379,2.8514
SP1,2024-05-15,Vallecano,Granada,2,1,3.003,0.9334
SP1,2024-05-16,Almeria,Barcelona,0,2,1.0395,2.1312
SP1,2024-05-16,Las Palmas,Betis,2,2,2.6153,1.3277
SP1,2024-05-16,Sociedad,Valencia,1,0,1.1319,0.7746
I1,2024-05-17,Fiorentina,Napoli,2,2,0.5665,1.3212
D1,2024-05-18,Dortmund,Darmstadt,4,0,3.0526,0.2818
D1,2024-05-18,Ein Frankfurt,RB Leipzig,2,2,2.6249,1.7908
D1,2024-05-18,Heidenheim,FC Koln,4,1,1.4631,2.7011
D1,2024-05-18,Hoffenheim,Bayern Munich,4,2,2.4419,1.6916
D1,2024-05-18,Leverkusen,Augsburg,2,1,2.4022,1.1994
D1,2024-05-18,Stuttgart,M'gladbach,4,0,2.1075,1.654
D1,2024-05-18,Union Berlin,Freiburg,2,1,2.2894,0.9638
D1,2024-05-18,Werder Bremen,Bochum,4,1,3.8067,2.143
D1,2024-05-18,Wolfsburg,Mainz,1,3,1.5246,2.3738
I1,2024-05-18,Lecce,Atalanta,0,2,1.0305,2.2203
I1,2024-05-18,Torino,Milan,3,1,1.0801,1.6418
SP1,2024-05-18,Alaves,Getafe,1,0,1.5775,0.6581
E0,2024-05-19,Arsenal,Everton,2,1,3.2117,0.6649
E0,2024-05-19,Brentford,Newcastle,2,4,1.7016,3.6504
E0,2024-05-19,Brighton,Man United,0,2,1.9717,1.004
E0,2024-05-19,Burnley,Nott'm Forest,1,2,1.0822,1.5796
E0,2024-05-19,Chelsea,Bournemouth,2,1,1.5977,2.002
E0,2024-05-19,Crystal Palace,Aston Villa,5,0,2.2319,0.5988
E0,2024-05-19,Liverpool,Wolves,2,0,5.6594,0.7313
E0,2024-05-19,Luton,Fulham,2,4,2.0674,1.116
E0,2024-05-19,Man City,West Ham,3,1,2.315,0.2402
E0,2024-05-19,Sheffield United,Tottenham,0,3,0.6973,3.1968
F1,2024-05-19,Le Havre,Marseille,1,2,2.3234,2.3213
F1,2024-05-19,Lens,Montpellier,2,2,5.3856,1.1152
F1,2024-05-19,Lille,Nice,2,2,1.5994,1.3291
F1,2024-05-19,Lorient,Clermont,5,0,4.92,0.7372
F1,2024-05-19,Lyon,Strasbourg,2,1,3.2669,1.1254
F1,2024-05-19,Metz,Paris SG,0,2,1.2072,2.9288
F1,2024-05-19,Monaco,Nantes,4,0,1.853,0.8858
F1,2024-05-19,Reims,Rennes,2,1,1.3902,1.2565
F1,2024-05-19,Toulouse,Brest,0,3,0.9842,1.029
I1,2024-05-19,Inter,Lazio,1,1,1.6117,0.6866
I1,2024-05-19,Monza,Frosinone,0,1,1.2489,2.2269
I1,2024-05-19,Roma,Genoa,1,0,0.7368,0.508
I1,2024-05-19,Sassuolo,Cagliari,0,2,0.2696,1.4738
I1,2024-05-19,Udinese,Empoli,1,1,1.6687,0.8296
SP1,2024-05-19,Ath Bilbao,Sevilla,2,0,1.7859,1.2921
SP1,2024-05-19,Ath Madrid,Osasuna,1,4,1.7612,1.8843
SP1,2024-05-19,Barcelona,Vallecano,3,0,1.6996,1.6853
SP1,2024-05-19,Betis,Sociedad,0,2,1.6075,0.7928
SP1,2024-05-19,Cadiz,Las Palmas,0,0,1.3611,0.9662
SP1,2024-05-19,Granada,Celta,1,2,1.7576,2.0208
SP1,2024-05-19,Mallorca,Almeria,2,2,2.4561,0.2384
SP1,2024-05-19,Valencia,Girona,1,3,3.3561,2.903
SP1,2024-05-19,Villarreal,Real Madrid,4,4,2.2118,1.5913
I1,2024-05-20,Bologna,Juventus,3,3,1.379,1.2737
I1,2024-05-20,Salernitana,Verona,1,2,0.9008,2.3336
I1,2024-05-24,Cagliari,Fiorentina,2,3,2.0826,2.2163
I1,2024-05-24,Genoa,Bologna,2,0,1.5757,0.4508
SP1,2024-05-24,Girona,Granada,7,0,4.7509,0.9872
I1,2024-05-25,Juventus,Monza,2,0,1.9284,1.1339
I1,2024-05-25,Milan,Salernitana,3,3,2.8253,1.8016
SP1,2024-05-25,Almeria,Cadiz,6,1,3.2344,0.4946
SP1,2024-05-25,Osasuna,Villarreal,1,1,1.0936,0.8353
SP1,2024-05-25,Real Madrid,Betis,0,0,1.2442,1.1555
SP1,2024-05-25,Sociedad,Ath Madrid,0,2,0.5705,2.1982
SP1,2024-05-25,Vallecano,Ath Bilbao,0,1,1.4746,0.9306
I1,2024-05-26,Atalanta,Torino,3,0,2.5687,1.6953
I1,2024-05-26,Empoli,Roma,2,1,2.8899,1.4558
I1,2024-05-26,Frosinone,Udinese,0,1,0.8692,0.8955
I1,2024-05-26,Lazio,Sassuolo,1,1,1.2515,1.1193
I1,2024-05-26,Napoli,Lecce,0,0,1.8301,0.6224
I1,2024-05-26,Verona,Inter,2,2,1.6368,2.9985
SP1,2024-05-26,Celta,Valencia,2,2,1.5016,2.1604
SP1,2024-05-26,Getafe,Mallorca,1,2,1.0791,1.3444
SP1,2024-05-26,Las Palmas,Alaves,1,1,1.1562,2.2354
SP1,2024-05-26,Sevilla,Barcelona,1,2,1.9627,1.4772
I1,2024-06-02,Atalanta,Fiorentina,2,3,1.6973,1.0071
SP1,2024-08-15,Ath Bilbao,Getafe,1,1,0.2902,0.5375
SP1,2024-08-15,Betis,Girona,1,1,1.8058,1.5473
E0,2024-08-16,Man United,Fulham,1,0,2.0427,0.4187
F1,2024-08-16,Le Havre,Paris SG,1,4,0.197,2.9098
SP1,2024-08-16,Celta,Alaves,2,1,0.7938,1.9391
SP1,2024-08-16,Las Palmas,Sevilla,2,2,1.3187,2.0999
E0,2024-08-17,Arsenal,Wolves,2,0,1.6283,0.5758
E0,2024-08-17,Everton,Brighton,0,3,0.4053,1.7908
E0,2024-08-17,Ipswich,Liverpool,0,2,0.3426,3.9291
E0,2024-08-17,Newcastle,Southampton,1,0,0.4335,1.9548
E0,2024-08-17,Nott'm Forest,Bournemouth,1,1,1.2441,1.9091
E0,2024-08-17,West Ham,Aston Villa,1,2,2.8047,2.6703
F1,2024-08-17,Brest,Marseille,1,5,1.5148,2.965
F1,2024-08-17,Monaco,St Etienne,1,0,2.7844,0.4841
F1,2024-08-17,Reims,Lille,0,2,0.0759,2.3171
I1,2024-08-17,Empoli,Monza,0,0,0.5786,0.3278
I1,2024-08-17,Genoa,Inter,2,2,2.3129,2.0066
I1,2024-08-17,Milan,Torino,2,2,2.1004,0.8766
I1,2024-08-17,Parma,Fiorentina,1,1,1.838,0.8131
SP1,2024-08-17,Osasuna,Leganes,1,1,1.7631,1.3395
SP1,2024-08-17,Valencia,Barcelona,1,2,1.5521,3.4882
E0,2024-08-18,Brentford,Crystal Palace,2,1,1.3806,1.1476
E0,2024-08-18,Chelsea,Man City,0,2,1.0612,1.1804
F1,2024-08-18,Angers,Lens,0,1,0.2978,1.0408
F1,2024-08-18,Auxerre,Nice,2,1,3.0325,0.5806
F1,2024-08-18,Montpellier,Strasbourg,1,1,1.447,1.1048
F1,2024-08-18,Rennes,Lyon,3,0,2.5741,2.2007
F1,2024-08-18,Toulouse,Nantes,0,0,1.5094,0.5138
I1,2024-08-18,Bologna,Udinese,1,1,3.3102,0.9446
I1,2024-08-18,Cagliari,Roma,0,0,1.3063,1.2964
I1,2024-08-18,Lazio,Venezia,3,1,2.3322,0.7896
I1,2024-08-18,Verona,Napoli,3,0,1.8054,0.9752
SP1,2024-08-18,Mallorca,Real Madrid,1,1,1.3056,0.6081
SP1,2024-08-18,Sociedad,Vallecano,1,2,1.5661,1.6015
E0,2024-08-19,Leicester,Tottenham,1,1,1.0261,1.4078
I1,2024-08-19,Juventus,Como,3,0,1.3058,0.1712
I1,2024-08-19,Lecce,Atalanta,0,4,1.8841,2.4591
SP1,2024-08-19,Valladolid,Espanol,1,0,1.1775,0.5156
SP1,2024-08-19,Villarreal,Ath Madrid,2,2,0.6868,1.1387
D1,2024-08-23,M'gladbach,Leverkusen,2,3,1.5167,3.2359
F1,2024-08-23,Paris SG,Montpellier,6,0,4.937,0.773
SP1,2024-08-23,Celta,Valencia,3,1,1.3057,1.1544
SP1,2024-08-23,Sevilla,Villarreal,1,2,1.2383,1.3982
D1,2024-08-24,Augsburg,Werder Bremen,2,2,1.3157,1.5431
D1,2024-08-24,Dortmund,Ein Frankfurt,2,0,1.9263,1.1519
D1,2024-08-24,Freiburg,Stuttgart,3,1,3.0149,0.3742
D1,2024-08-24,Hoffenheim,Holstein Kiel,3,2,3.7371,1.9724
D1,2024-08-24,Mainz,Union Berlin,1,1,1.7702,0.7316
D1,2024-08-24,RB Leipzig,Bochum,1,0,0.9371,1.3154
E0,2024-08-24,Aston Villa,Arsenal,0,2,1.3166,1.414
E0,2024-08-24,Brighton,Man United,2,1,2.1415,1.2856
E0,2024-08-24,Crystal Palace,West Ham,0,2,1.3761,1.5342
E0,2024-08-24,Fulham,Leicester,2,1,1.9622,0.857
E0,2024-08-24,Man City,Ipswich,4,1,3.0782,0.48
E0,2024-08-24,Southampton,Nott'm Forest,0,1,0.215,2.8647
E0,2024-08-24,Tottenham,Everton,4,0,2.6114,0.6489
F1,2024-08-24,Lille,Angers,2,0,1.258,0.737
F1,2024-08-24,Lyon,Monaco,0,2,0.0145,2.6092
F1,2024-08-24,St Etienne,Le Havre,0,2,1.4883,2.2336
I1,2024-08-24,Inter,Lecce,2,0,2.4806,0.3353
I1,2024-08-24,Monza,Genoa,0,1,0.4014,0.6603
I1,2024-08-24,Parma,Milan,2,1,2.4627,2.0981
I1,2024-08-24,Udinese,Lazio,2,1,1.1158,1.6828
SP1,2024-08-24,Barcelona,Ath Bilbao,2,1,2.4158,1.0998
SP1,2024-08-24,Espanol,Sociedad,0,1,1.7957,0.7961
SP1,2024-08-24,Getafe,Vallecano,0,0,0.5127,0.1611
SP1,2024-08-24,Osasuna,Mallorca,1,0,0.8877,0.4276
D1,2024-08-25,St Pauli,Heidenheim,0,2,1.1609,1.1683
D1,2024-08-25,Wolfsburg,Bayern Munich,2,3,2.0812,2.1754
E0,2024-08-25,Bournemouth,Newcastle,1,1,2.5351,1.8929
E0,2024-08-25,Liverpool,Brentford,2,0,2.7188,0.4572
E0,2024-08-25,Wolves,Chelsea,2,6,2.4181,2.0293
F1,2024-08-25,Lens,Brest,2,0,4.0193,0.6956
F1,2024-08-25,Marseille,Reims,2,2,2.9402,1.012
F1,2024-08-25,Nantes,Auxerre,2,0,1.5254,0.8763
F1,2024-08-25,Nice,Toulouse,1,1,1.2372,0.9466
F1,2024-08-25,Strasbourg,Rennes,3,1,1.5888,1.4031
I1,2024-08-25,Fiorentina,Venezia,0,0,0.6602,1.013
I1,2024-08-25,Napoli,Bologna,3,0,2.0705,0.5445
I1,2024-08-25,Roma,Empoli,1,2,2.0425,3.0773
I1,2024-08-25,Torino,Atalanta,2,1,2.4992,3.0867
SP1,2024-08-25,Alaves,Betis,0,0,0.1725,1.3601
SP1,2024-08-25,Ath Madrid,Girona,3,0,1.4239,0.5965
SP1,2024-08-25,Leganes,Las Palmas,2,1,1.59,1.2344
SP1,2024-08-25,Real Madrid,Valladolid,3,0,2.1795,0.3785
I1,2024-08-26,Cagliari,Como,1,1,1.0353,2.0897
I1,2024-08-26,Verona,Juventus,0,3,0.8786,1.3615
SP1,2024-08-26,Villarreal,Celta,4,3,4.3817,3.7918
SP1,2024-08-27,Mallorca,Sevilla,0,0,0.9409,0.6098
SP1,2024-08-27,Vallecano,Barcelona,1,2,0.3925,1.5187
SP1,2024-08-28,Ath Bilbao,Valencia,1,0,1.5159,0.0996
SP1,2024-08-28,Ath Madrid,Espanol,0,0,3.8859,0.8558
SP1,2024-08-28,Sociedad,Alaves,1,2,0.9516,2.6256
SP1,2024-08-28,Valladolid,Leganes,0,0,0.7738,0.1846
SP1,2024-08-29,Girona,Osasuna,4,0,2.6015,0.02
SP1,2024-08-29,Las Palmas,Real Madrid,1,1,0.8092,3.2832
D1,2024-08-30,Union Berlin,St Pauli,1,0,1.0488,0.6449
F1,2024-08-30,Lyon,Strasbourg,4,3,3.2275,2.447
I1,2024-08-30,Inter,Atalanta,4,0,2.2888,1.1777
I1,2024-08-30,Venezia,Torino,0,1,0.6356,1.809
D1,2024-08-31,Bochum,M'gladbach,0,2,0.9186,2.6689
D1,2024-08-31,Ein Frankfurt,Hoffenheim,3,1,2.6851,0.8324
D1,2024-08-31,Holstein Kiel,Wolfsburg,0,2,0.8949,1.4619
D1,2024-08-31,Leverkusen,RB Leipzig,2,3,3.4227,1.5053
D1,2024-08-31,Stuttgart,Mainz,3,3,4.2134,1.9518
D1,2024-08-31,Werder Bremen,Dortmund,0,0,0.2785,0.9183
E0,2024-08-31,Arsenal,Brighton,1,1,2.418,1.8175
E0,2024-08-31,Brentford,Southampton,3,1,3.8628,1.6471
E0,2024-08-31,Everton,Bournemouth,2,3,2.5563,2.9569
E0,2024-08-31,Ipswich,Fulham,1,1,0.707,1.1888
E0,2024-08-31,Leicester,Aston Villa,1,2,0.7747,2.1639
E0,2024-08-31,Nott'm Forest,Wolves,1,1,1.4107,0.9376
E0,2024-08-31,West Ham,Man City,1,3,0.9472,3.193
F1,2024-08-31,Brest,St Etienne,4,0,3.607,0.2566
F1,2024-08-31,Montpellier,Nantes,1,3,0.746,1.6944
F1,2024-08-31,Toulouse,Marseille,1,3,0.4854,1.2982
I1,2024-08-31,Bologna,Empoli,1,1,1.3588,1.1143
I1,2024-08-31,Lazio,Milan,2,2,2.3297,1.3424
I1,2024-08-31,Lecce,Cagliari,1,0,2.3411,2.0926
I1,2024-08-31,Napoli,Parma,2,1,2.3351,1.9023
SP1,2024-08-31,Ath Bilbao,Ath Madrid,0,1,0.2522,1.5861
SP1,2024-08-31,Barcelona,Valladolid,7,0,4.9402,0.4225
SP1,2024-08-31,Espanol,Vallecano,2,1,1.8468,1.0088
SP1,2024-08-31,Leganes,Mallorca,0,1,0.5208,1.4876
SP1,2024-08-31,Valencia,Villarreal,1,1,1.1432,0.8854
D1,2024-09-01,Bayern Munich,Freiburg,2,0,1.628,0.9709
D1,2024-09-01,Heidenheim,Augsburg,4,0,3.0938,0.6415
E0,2024-09-01,Chelsea,Crystal Palace,1,1,2.9774,0.4597
E0,2024-09-01,Man United,Liverpool,0,3,1.5009,2.104
E0,2024-09-01,Newcastle,Tottenham,2,1,1.5869,1.633
F1,2024-09-01,Angers,Nice,1,4,1.332,2.5341
F1,2024-09-01,Le Havre,Auxerre,3,1,2.8366,0.7435
F1,2024-09-01,Lille,Paris SG,1,3,1.5756,3.2414
F1,2024-09-01,Monaco,Lens,1,1,0.9056,1.913
F1,2024-09-01,Reims,Rennes,2,1,2.0095,1.0262
I1,2024-09-01,Fiorentina,Monza,2,2,2.4154,0.49
I1,2024-09-01,Genoa,Verona,0,2,1.3474,2.0965
I1,2024-09-01,Juventus,Roma,0,0,0.4153,0.3826
I1,2024-09-01,Udinese,Como,1,0,1.1845,1.6573
SP1,2024-09-01,Alaves,Las Palmas,2,0,2.0103,0.5473
SP1,2024-09-01,Getafe,Sociedad,0,0,0.5471,0.0209
SP1,2024-09-01,Osasuna,Celta,3,2,0.7796,1.7233
SP1,2024-09-01,Real Madrid,Betis,2,0,2.3717,0.8314
SP1,2024-09-01,Sevilla,Girona,0,2,0.8127,2.3636
D1,2024-09-13,Dortmund,Heidenheim,4,2,2.8407,1.6141
F1,2024-09-13,St Etienne,Lille,1,0,1.1774,2.7318
SP1,2024-09-13,Betis,Leganes,2,0,1.722,0.107
D1,2024-09-14,Freiburg,Bochum,2,1,3.9562,1.1073
D1,2024-09-14,Hoffenheim,Leverkusen,1,4,1.0636,3.4183
D1,2024-09-14,Holstein Kiel,Bayern Munich,1,6,0.2998,4.1344
D1,2024-09-14,M'gladbach,Stuttgart,1,3,2.0514,2.7214
D1,2024-09-14,RB Leipzig,Union Berlin,0,0,1.2946,0.8591
D1,2024-09-14,Wolfsburg,Ein Frankfurt,1,2,1.2325,2.8686
E0,2024-09-14,Aston Villa,Everton,3,2,3.1588,0.8522
E0,2024-09-14,Bournemouth,Chelsea,0,1,1.5373,0.9327
E0,2024-09-14,Brighton,Ipswich,0,0,1.757,0.7213
E0,2024-09-14,Crystal Palace,Leicester,2,2,2.8872,1.6519
E0,2024-09-14,Fulham,West Ham,1,1,2.886,0.6827
E0,2024-09-14,Liverpool,Nott'm Forest,0,1,1.1704,0.5895
E0,2024-09-14,Man City,Brentford,2,1,1.5528,1.0509
E0,2024-09-14,Southampton,Man United,0,3,1.3559,3.0269
F1,2024-09-14,Auxerre,Monaco,0,3,0.4194,3.3767
F1,2024-09-14,Marseille,Nice,2,0,1.0269,1.7204
F1,2024-09-14,Paris SG,Brest,3,1,2.9125,1.0093
I1,2024-09-14,Como,Bologna,2,2,1.4578,1.1509
I1,2024-09-14,Empoli,Juventus,0,0,0.6012,0.726
I1,2024-09-14,Milan,Venezia,4,0,2.189,0.2633
SP1,2024-09-14,Espanol,Alaves,3,2,1.951,2.3693
SP1,2024-09-14,Mallorca,Villarreal,1,2,0.3454,2.4188
SP1,2024-09-14,Sevilla,Getafe,1,0,1.648,0.9716
SP1,2024-09-14,Sociedad,Real Madrid,0,2,1.4183,2.2759
D1,2024-09-15,Augsburg,St Pauli,3,1,2.6147,0.4931
D1,2024-09-15,Mainz,Werder Bremen,1,2,1.6711,1.8089
E0,2024-09-15,Tottenham,Arsenal,0,1,0.7926,1.1209
E0,2024-09-15,Wolves,Newcastle,1,2,1.4697,1.4834
F1,2024-09-15,Lens,Lyon,0,0,0.6236,0.529
F1,2024-09-15,Nantes,Reims,1,2,1.4332,0.5492
F1,2024-09-15,Rennes,Montpellier,3,0,1.2687,0.3103
F1,2024-09-15,Strasbourg,Angers,1,1,2.4792,0.8551
F1,2024-09-15,Toulouse,Le Havre,2,0,1.8674,0.1505
I1,2024-09-15,Atalanta,Fiorentina,3,2,2.4507,1.9639
I1,2024-09-15,Cagliari,Napoli,0,4,0.8816,1.4281
I1,2024-09-15,Genoa,Roma,1,1,1.596,2.658
I1,2024-09-15,Monza,Inter,1,1,0.2178,1.8081
I1,2024-09-15,Torino,Lecce,0,0,0.4474,1.6617
SP1,2024-09-15,Ath Madrid,Valencia,3,0,3.2296,0.1831
SP1,2024-09-15,Celta,Valladolid,3,1,1.9927,0.3827
SP1,2024-09-15,Girona,Barcelona,1,4,1.0957,2.5936
SP1,2024-09-15,Las Palmas,Ath Bilbao,2,3,1.5194,1.8043
I1,2024-09-16,Lazio,Verona,2,1,1.7924,0.5333
I1,2024-09-16,Parma,Udinese,2,3,0.8797,3.0883
SP1,2024-09-16,Vallecano,Osasuna,3,1,1.4843,0.5303
SP1,2024-09-17,Mallorca,Sociedad,1,0,1.5693,0.4991
SP1,2024-09-18,Betis,Getafe,2,1,3.0618,0.8643
SP1,2024-09-19,Leganes,Ath Bilbao,0,2,0.6666,1.3233
D1,2024-09-20,Augsburg,Mainz,2,3,2.7956,1.2579
F1,2024-09-20,Nice,St Etienne,8,0,4.5001,0.3355
I1,2024-09-20,Cagliari,Empoli,0,2,1.6865,1.0269
I1,2024-09-20,Verona,Torino,2,3,0.7778,1.9668
SP1,2024-09-20,Alaves,Sevilla,2,1,1.4064,0.6239
D1,2024-09-21,Bochum,Holstein Kiel,2,2,1.3238,2.2688
D1,2024-09-21,Ein Frankfurt,M'gladbach,2,0,2.9325,1.1967
D1,2024-09-21,Heidenheim,Freiburg,0,3,0.3797,1.2388
D1,2024-09-21,Union Berlin,Hoffenheim,2,1,1.2159,0.3788
D1,2024-09-21,Werder Bremen,Bayern Munich,0,5,0.0,3.3445
E0,2024-09-21,Aston Villa,Wolves,3,1,2.3735,0.5201
E0,2024-09-21,Crystal Palace,Man United,0,0,1.6693,2.3506
E0,2024-09-21,Fulham,Newcastle,3,1,3.2114,1.0977
E0,2024-09-21,Leicester,Everton,1,1,1.3379,1.8238
E0,2024-09-21,Liverpool,Bournemouth,3,0,2.4373,1.4698
E0,2024-09-21,Southampton,Ipswich,1,1,2.8981,1.645
E0,2024-09-21,Tottenham,Brentford,3,1,3.8948,0.8936
E0,2024-09-21,West Ham,Chelsea,0,3,0.7583,2.3973
F1,2024-09-21,Lille,Strasbourg,3,3,2.3021,3.02
F1,2024-09-21,Reims,Paris SG,1,1,0.7603,1.9028
F1,2024-09-21,Rennes,Lens,1,1,1.3464,0.8533
I1,2024-09-21,Juventus,Napoli,0,0,0.4193,0.2338
I1,2024-09-21,Lecce,Parma,2,2,1.2586,2.054
I1,2024-09-21,Venezia,Genoa,2,0,2.335,0.3889
SP1,2024-09-21,Osasuna,Las Palmas,2,1,1.9717,1.2828
SP1,2024-09-21,Real Madrid,Espanol,4,1,4.8949,0.3188
SP1,2024-09-21,Valencia,Girona,2,0,0.3508,0.3877
SP1,2024-09-21,Valladolid,Sociedad,0,0,0.9526,1.3906
D1,2024-09-22,Leverkusen,Wolfsburg,4,3,1.7187,0.8364
D1,2024-09-22,St Pauli,RB Leipzig,0,0,1.6728,0.8413
D1,2024-09-22,Stuttgart,Dortmund,5,1,3.5622,0.6069
E0,2024-09-22,Brighton,Nott'm Forest,2,2,1.5684,1.3692
E0,2024-09-22,Man City,Arsenal,2,2,2.7559,1.2841
F1,2024-09-22,Angers,Nantes,1,1,0.8249,1.2859
F1,2024-09-22,Brest,Toulouse,2,0,0.709,2.3505
F1,2024-09-22,Lyon,Marseille,2,3,3.8927,0.6756
F1,2024-09-22,Monaco,Le Havre,3,1,1.8402,0.5805
F1,2024-09-22,Montpellier,Auxerre,3,2,1.784,1.4259
I1,2024-09-22,Fiorentina,Lazio,2,1,2.8563,1.1447
I1,2024-09-22,Inter,Milan,1,2,0.9414,2.7575
I1,2024-09-22,Monza,Bologna,1,2,0.7074,1.453
I1,2024-09-22,Roma,Udinese,3,0,2.5658,0.5251
SP1,2024-09-22,Ath Bilbao,Celta,3,1,0.8643,1.2155
SP1,2024-09-22,Getafe,Leganes,1,1,1.2428,0.7832
SP1,2024-09-22,Vallecano,Ath Madrid,1,1,1.6895,0.5541
SP1,2024-09-22,Villarreal,Barcelona,1,5,2.396,4.1937
SP1,2024-09-23,Betis,Mallorca,1,2,1.3708,1.4369
I1,2024-09-24,Atalanta,Como,2,3,1.3169,0.5797
SP1,2024-09-24,Real Madrid,Alaves,3,2,1.7979,0.8535
SP1,2024-09-24,Sevilla,Valladolid,2,1,1.671,0.4115
SP1,2024-09-24,Valencia,Osasuna,0,0,1.1753,0.3776
SP1,2024-09-25,Barcelona,Getafe,1,0,2.208,0.9299
SP1,2024-09-25,Girona,Vallecano,0,0,2.1579,0.3777
SP1,2024-09-26,Celta,Ath Madrid,0,1,1.7613,0.7784
SP1,2024-09-26,Espanol,Villarreal,1,2,0.3551,1.9623
SP1,2024-09-26,Las Palmas,Betis,1,1,1.108,2.6665
D1,2024-09-27,Dortmund,Bochum,4,2,4.1712,1.0292
F1,2024-09-27,Auxerre,Brest,3,0,2.9504,0.7261
F1,2024-09-27,Paris SG,Rennes,3,1,3.2241,2.0265
I1,2024-09-27,Milan,Lecce,3,0,2.4327,0.4623
SP1,2024-09-27,Valladolid,Mallorca,1,2,1.3155,2.4903
D1,2024-09-28,Bayern Munich,Leverkusen,1,1,1.1946,0.087
D1,2024-09-28,Freiburg,St Pauli,0,3,1.1017,1.4092
D1,2024-09-28,M'gladbach,Union Berlin,1,0,1.383,0.7312
D1,2024-09-28,Mainz,Heidenheim,0,2,0.3714,1.093
D1,2024-09-28,RB Leipzig,Augsburg,4,0,2.8159,1.0741
D1,2024-09-28,Wolfsburg,Stuttgart,2,2,1.0386,2.5804
E0,2024-09-28,Arsenal,Leicester,4,2,6.053,0.3379
E0,2024-09-28,Brentford,West Ham,1,1,0.3702,0.8786
E0,2024-09-28,Chelsea,Brighton,4,2,3.6584,1.2071
E0,2024-09-28,Everton,Crystal Palace,2,1,1.1096,1.1236
E0,2024-09-28,Newcastle,Man City,1,1,1.3434,1.2652
E0,2024-09-28,Nott'm Forest,Fulham,0,1,0.6144,1.4359
E0,2024-09-28,Wolves,Liverpool,1,2,0.7489,2.1172
F1,2024-09-28,Le Havre,Lille,0,3,0.489,3.5706
F1,2024-09-28,Lens,Nice,0,0,2.0642,0.9614
F1,2024-09-28,Monaco,Montpellier,2,1,3.4571,0.7689
I1,2024-09-28,Bologna,Atalanta,1,1,0.1764,2.4775
I1,2024-09-28,Genoa,Juventus,0,3,0.3853,2.918
I1,2024-09-28,Udinese,Inter,2,3,0.9848,2.3047
SP1,2024-09-28,Getafe,Alaves,2,0,2.5585,0.4153
SP1,2024-09-28,Osasuna,Barcelona,4,2,2.5007,0.7518
SP1,2024-09-28,Sociedad,Valencia,3,0,3.6853,0.806
SP1,2024-09-28,Vallecano,Leganes,1,1,1.1523,0.8524
D1,2024-09-29,Hoffenheim,Werder Bremen,3,4,1.7865,4.0692
D1,2024-09-29,Holstein Kiel,Ein Frankfurt,2,4,1.0297,2.4344
E0,2024-09-29,Ipswich,Aston Villa,2,2,1.8461,1.1449
E0,2024-09-29,Man United,Tottenham,0,3,0.6007,5.4072
F1,2024-09-29,Angers,Reims,1,3,1.0828,4.1812
F1,2024-09-29,Nantes,St Etienne,2,2,2.6156,1.0242
F1,2024-09-29,Strasbourg,Marseille,1,0,1.6745,0.7824
F1,2024-09-29,Toulouse,Lyon,1,2,0.7166,0.7308
I1,2024-09-29,Como,Verona,3,2,2.4749,1.5544
I1,2024-09-29,Empoli,Fiorentina,0,0,0.4478,1.2544
I1,2024-09-29,Napoli,Monza,2,0,1.3589,0.2983
I1,2024-09-29,Roma,Venezia,2,1,1.99,2.0284
I1,2024-09-29,Torino,Lazio,2,3,0.4948,2.2473
SP1,2024-09-29,Ath Bilbao,Sevilla,1,1,1.8296,1.2415
SP1,2024-09-29,Ath Madrid,Real Madrid,1,1,1.0548,0.661
SP1,2024-09-29,Betis,Espanol,1,0,1.9792,0.5694
SP1,2024-09-29,Celta,Girona,1,1,0.524,1.4127
E0,2024-09-30,Bournemouth,Southampton,3,1,1.4422,0.6961
I1,2024-09-30,Parma,Cagliari,2,3,2.986,3.057
SP1,2024-09-30,Villarreal,Las Palmas,3,1,4.0787,0.8024
D1,2024-10-04,Augsburg,M'gladbach,2,1,1.7552,0.807
F1,2024-10-04,Marseille,Angers,1,1,0.8968,1.1944
I1,2024-10-04,Napoli,Como,3,1,1.9141,0.6385
I1,2024-10-04,Verona,Venezia,2,1,2.1074,1.4376
SP1,2024-10-04,Leganes,Valencia,0,0,0.9132,0.7038
D1,2024-10-05,Bochum,Wolfsburg,1,3,2.2859,2.3734
D1,2024-10-05,Leverkusen,Holstein Kiel,2,2,2.5839,1.9844
D1,2024-10-05,St Pauli,Mainz,0,3,0.8054,1.2961
D1,2024-10-05,Union Berlin,Dortmund,2,1,1.5269,0.7488
D1,2024-10-05,Werder Bremen,Freiburg,0,1,0.8797,1.5807
E0,2024-10-05,Arsenal,Southampton,3,1,3.2517,1.2731
E0,2024-10-05,Brentford,Wolves,5,3,4.1351,0.6963
E0,2024-10-05,Crystal Palace,Liverpool,0,1,0.6095,2.0733
E0,2024-10-05,Everton,Newcastle,0,0,0.6922,1.7905
E0,2024-10-05,Leicester,Bournemouth,1,0,0.9121,1.9496
E0,2024-10-05,Man City,Fulham,3,2,1.3668,2.7585
E0,2024-10-05,West Ham,Ipswich,4,1,4.394,1.1846
F1,2024-10-05,Lille,Toulouse,2,1,1.3775,1.4365
F1,2024-10-05,Rennes,Monaco,1,2,0.6403,0.4987
F1,2024-10-05,St Etienne,Auxerre,3,1,2.4511,0.7196
I1,2024-10-05,Atalanta,Genoa,5,1,4.0137,0.5432
I1,2024-10-05,Inter,Torino,3,2,3.4464,1.2903
I1,2024-10-05,Udinese,Lecce,1,0,1.5631,0.646
SP1,2024-10-05,Espanol,Mallorca,2,1,0.9486,1.7984
SP1,2024-10-05,Getafe,Osasuna,1,1,1.3483,0.2477
SP1,2024-10-05,Las Palmas,Celta,0,1,0.9649,0.8142
SP1,2024-10-05,Real Madrid,Villarreal,2,0,0.4596,1.4618
SP1,2024-10-05,Valladolid,Vallecano,1,2,1.6584,1.6475
D1,2024-10-06,Ein Frankfurt,Bayern Munich,3,3,1.4951,2.8312
D1,2024-10-06,Heidenheim,RB Leipzig,0,1,1.0816,1.8158
D1,2024-10-06,Stuttgart,Hoffenheim,1,1,1.7257,0.8935
E0,2024-10-06,Aston Villa,Man United,0,0,0.5328,0.4485
E0,2024-10-06,Brighton,Tottenham,3,2,1.9722,1.0928
E0,2024-10-06,Chelsea,Nott'm Forest,1,1,2.2775,1.6665
F1,2024-10-06,Brest,Le Havre,2,0,0.8904,2.1191
F1,2024-10-06,Lyon,Nantes,2,0,2.4332,0.7659
F1,2024-10-06,Nice,Paris SG,1,1,0.3265,0.8223
F1,2024-10-06,Reims,Montpellier,4,2,3.7151,0.8741
F1,2024-10-06,Strasbourg,Lens,2,2,1.3114,1.4301
I1,2024-10-06,Bologna,Parma,0,0,0.8356,1.0853
I1,2024-10-06,Fiorentina,Milan,2,1,1.9429,2.8345
I1,2024-10-06,Juventus,Cagliari,1,1,3.2171,1.045
I1,2024-10-06,Lazio,Empoli,2,1,2.0459,0.9128
I1,2024-10-06,Monza,Roma,1,1,1.1197,1.4789
SP1,2024-10-06,Alaves,Barcelona,0,3,0.7948,2.4937
SP1,2024-10-06,Girona,Ath Bilbao,2,1,2.1739,3.1597
SP1,2024-10-06,Sevilla,Betis,1,0,1.8284,0.4366
SP1,2024-10-06,Sociedad,Ath Madrid,1,1,1.0852,0.5617
D1,2024-10-18,Dortmund,St Pauli,2,1,3.9716,1.0701
F1,2024-10-18,Monaco,Lille,0,0,1.1914,0.1638
SP1,2024-10-18,Alaves,Valladolid,2,3,0.433,2.3365
D1,2024-10-19,Bayern Munich,Stuttgart,4,0,3.6189,0.2867
D1,2024-10-19,Freiburg,Augsburg,3,1,1.0759,0.8687
D1,2024-10-19,Hoffenheim,Bochum,3,1,2.4627,2.3454
D1,2024-10-19,Leverkusen,Ein Frankfurt,2,1,4.0715,1.5516
D1,2024-10-19,M'gladbach,Heidenheim,3,2,4.1498,1.8977
D1,2024-10-19,Mainz,RB Leipzig,0,2,0.6113,2.1608
E0,2024-10-19,Bournemouth,Arsenal,2,0,2.1842,0.7408
E0,2024-10-19,Fulham,Aston Villa,1,3,2.6307,1.436
E0,2024-10-19,Ipswich,Everton,0,2,1.174,1.608
E0,2024-10-19,Man United,Brentford,2,1,1.7655,0.8928
E0,2024-10-19,Newcastle,Brighton,0,1,1.9366,1.6779
E0,2024-10-19,Southampton,Leicester,2,3,2.4278,2.8383
E0,2024-10-19,Tottenham,West Ham,4,1,1.4405,0.8588
F1,2024-10-19,Brest,Rennes,1,1,1.4257,1.1444
F1,2024-10-19,Paris SG,Strasbourg,4,2,4.6698,2.2204
F1,2024-10-19,St Etienne,Lens,0,2,0.7827,1.3559
I1,2024-10-19,Como,Parma,1,1,1.2853,0.9182
I1,2024-10-19,Genoa,Bologna,2,2,0.4503,1.1568
I1,2024-10-19,Juventus,Lazio,1,0,1.493,0.0648
I1,2024-10-19,Milan,Udinese,1,0,1.204,0.5228
SP1,2024-10-19,Ath Bilbao,Espanol,4,1,1.4652,0.5008
SP1,2024-10-19,Celta,Real Madrid,1,2,1.7911,1.1982
SP1,2024-10-19,Girona,Sociedad,0,1,0.4462,1.8608
SP1,2024-10-19,Osasuna,Betis,1,2,2.2102,2.7918
D1,2024-10-20,Holstein Kiel,Union Berlin,0,2,0.9011,1.2809
D1,2024-10-20,Wolfsburg,Werder Bremen,2,4,2.1735,2.1479
E0,2024-10-20,Liverpool,Chelsea,2,1,2.2252,1.339
E0,2024-10-20,Wolves,Man City,1,2,0.7612,1.3657
F1,2024-10-20,Auxerre,Reims,2,1,2.8638,1.2287
F1,2024-10-20,Le Havre,Lyon,0,4,0.3603,2.7668
F1,2024-10-20,Montpellier,Marseille,0,5,1.7568,3.8811
F1,2024-10-20,Nantes,Nice,1,1,0.8323,0.7769
F1,2024-10-20,Toulouse,Angers,1,1,2.4378,1.473
I1,2024-10-20,Cagliari,Torino,3,2,1.5118,1.2339
I1,2024-10-20,Empoli,Napoli,0,1,1.0047,1.3176
I1,2024-10-20,Lecce,Fiorentina,0,6,0.2238,2.2168
I1,2024-10-20,Roma,Inter,0,1,0.7874,0.7969
I1,2024-10-20,Venezia,Atalanta,0,2,0.8819,1.8337
SP1,2024-10-20,Ath Madrid,Leganes,3,1,5.214,0.2719
SP1,2024-10-20,Barcelona,Sevilla,5,1,4.0853,0.5997
SP1,2024-10-20,Mallorca,Vallecano,1,0,2.7208,0.465
SP1,2024-10-20,Villarreal,Getafe,1,1,1.1468,2.0264
E0,2024-10-21,Nott'm Forest,Crystal Palace,1,0,1.8857,0.835
I1,2024-10-21,Verona,Monza,0,3,0.8145,1.5638
SP1,2024-10-21,Valencia,Las Palmas,2,3,1.9442,1.5686
D1,2024-10-25,Mainz,M'gladbach,1,1,1.4556,0.934
E0,2024-10-25,Leicester,Nott'm Forest,1,3,0.8324,2.5449
F1,2024-10-25,Rennes,Le Havre,1,0,1.8415,0.2723
I1,2024-10-25,Torino,Como,1,0,1.5601,1.5955
I1,2024-10-25,Udinese,Cagliari,2,0,1.1288,0.1606
SP1,2024-10-25,Espanol,Sevilla,0,2,1.0292,0.8133
D1,2024-10-26,Augsburg,Dortmund,2,1,0.5605,0.7769
D1,2024-10-26,RB Leipzig,Freiburg,3,1,2.6905,1.7589
D1,2024-10-26,St Pauli,Wolfsburg,0,0,0.7302,0.941
D1,2024-10-26,Stuttgart,Holstein Kiel,2,1,1.91,0.6801
D1,2024-10-26,Werder Bremen,Leverkusen,2,2,1.7881,1.3085
E0,2024-10-26,Aston Villa,Bournemouth,1,1,1.974,0.3287
E0,2024-10-26,Brentford,Ipswich,4,3,4.0966,1.657
E0,2024-10-26,Brighton,Wolves,2,2,1.5135,1.1107
E0,2024-10-26,Everton,Fulham,1,1,0.8848,1.4953
E0,2024-10-26,Man City,Southampton,1,0,3.1629,0.37
F1,2024-10-26,Angers,St Etienne,4,2,3.2678,1.33
F1,2024-10-26,Lens,Lille,0,2,0.8653,1.4764
F1,2024-10-26,Reims,Brest,1,2,1.4491,1.6409
I1,2024-10-26,Atalanta,Verona,6,1,3.8412,0.2245
I1,2024-10-26,Napoli,Lecce,1,0,2.5324,0.5704
SP1,2024-10-26,Las Palmas,Girona,1,0,1.2445,1.0472
SP1,2024-10-26,Real Madrid,Barcelona,0,4,1.4036,2.5157
SP1,2024-10-26,Valladolid,Villarreal,1,2,0.978,2.6843
SP1,2024-10-26,Vallecano,Alaves,1,0,2.8901,0.8714
D1,2024-10-27,Bochum,Bayern Munich,0,5,0.205,3.1499
D1,2024-10-27,Heidenheim,Hoffenheim,0,0,1.5782,0.6928
D1,2024-10-27,Union Berlin,Ein Frankfurt,1,1,1.8631,1.5406
E0,2024-10-27,Arsenal,Liverpool,2,2,1.0883,1.3535
E0,2024-10-27,Chelsea,Newcastle,2,1,1.6179,1.7423
E0,2024-10-27,Crystal Palace,Tottenham,1,0,0.9786,1.0192
E0,2024-10-27,West Ham,Man United,2,1,2.9931,2.626
F1,2024-10-27,Lyon,Auxerre,2,2,2.2118,1.0609
F1,2024-10-27,Marseille,Paris SG,0,3,0.278,4.0422
F1,2024-10-27,Montpellier,Toulouse,0,3,0.2414,2.8871
F1,2024-10-27,Nice,Monaco,2,1,1.7943,0.7967
F1,2024-10-27,Strasbourg,Nantes,3,1,1.9968,0.7619
I1,2024-10-27,Fiorentina,Roma,5,1,4.5689,0.6574
I1,2024-10-27,Inter,Juventus,4,4,2.8254,2.3618
I1,2024-10-27,Lazio,Genoa,3,0,2.9799,0.2617
I1,2024-10-27,Monza,Venezia,2,2,0.903,0.4599
I1,2024-10-27,Parma,Empoli,1,1,1.4362,0.1491
SP1,2024-10-27,Betis,Ath Madrid,1,0,2.2038,0.5552
SP1,2024-10-27,Getafe,Valencia,1,1,2.9783,0.6383
SP1,2024-10-27,Leganes,Celta,3,0,1.5488,0.7672
SP1,2024-10-27,Sociedad,Osasuna,0,2,1.6767,1.0649
SP1,2024-10-28,Mallorca,Ath Bilbao,0,0,0.5424,0.7555
I1,2024-10-29,Cagliari,Bologna,0,2,1.1857,0.8723
I1,2024-10-29,Lecce,Verona,1,0,1.3527,0.2115
I1,2024-10-29,Milan,Napoli,0,2,0.5683,0.9569
I1,2024-10-30,Atalanta,Monza,2,0,1.6522,0.0806
I1,2024-10-30,Empoli,Inter,0,3,0.3197,1.6883
I1,2024-10-30,Juventus,Parma,2,2,2.7765,1.4555
I1,2024-10-30,Venezia,Udinese,3,2,2.5537,1.307
I1,2024-10-31,Como,Lazio,1,5,1.1631,2.9669
I1,2024-10-31,Genoa,Fiorentina,0,1,0.8487,0.909
I1,2024-10-31,Roma,Torino,1,0,0.4363,0.1893
D1,2024-11-01,Leverkusen,Stuttgart,0,0,2.7829,0.2238
F1,2024-11-01,Lille,Lyon,1,1,1.6724,1.5801
F1,2024-11-01,Monaco,Angers,0,1,1.4752,0.5
SP1,2024-11-01,Alaves,Mallorca,1,0,1.4358,0.7083
D1,2024-11-02,Bayern Munich,Union Berlin,3,0,2.7618,0.4664
D1,2024-11-02,Dortmund,RB Leipzig,2,1,3.301,0.2393
D1,2024-11-02,Ein Frankfurt,Bochum,7,2,3.8303,2.0871
D1,2024-11-02,Hoffenheim,St Pauli,0,2,0.7464,1.1155
D1,2024-11-02,Holstein Kiel,Heidenheim,1,0,2.1332,1.2758
D1,2024-11-02,Wolfsburg,Augsburg,1,1,1.1132,0.4995
E0,2024-11-02,Bournemouth,Man City,2,1,2.4493,2.3527
E0,2024-11-02,Ipswich,Leicester,1,1,1.3362,2.3386
E0,2024-11-02,Liverpool,Brighton,2,1,1.8104,1.0157
E0,2024-11-02,Newcastle,Arsenal,1,0,0.8597,0.9113
E0,2024-11-02,Nott'm Forest,West Ham,3,0,2.3501,0.1323
E0,2024-11-02,Southampton,Everton,1,0,0.5403,1.7858
E0,2024-11-02,Wolves,Crystal Palace,2,2,1.6502,2.6485
F1,2024-11-02,Brest,Nice,0,1,1.0202,1.9208
F1,2024-11-02,Paris SG,Lens,1,0,2.7693,0.8034
F1,2024-11-02,St Etienne,Strasbourg,2,0,2.8274,0.4512
I1,2024-11-02,Bologna,Lecce,1,0,2.0605,0.7719
I1,2024-11-02,Monza,Milan,0,1,1.2329,2.9104
I1,2024-11-02,Udinese,Juventus,0,2,0.5731,1.5553
SP1,2024-11-02,Girona,Leganes,4,3,1.8127,0.3205
SP1,2024-11-02,Osasuna,Valladolid,1,0,3.217,0.2041
D1,2024-11-03,Freiburg,Mainz,0,0,0.4639,0.9037
D1,2024-11-03,M'gladbach,Werder Bremen,4,1,2.9567,1.3021
E0,2024-11-03,Man United,Chelsea,1,1,2.1605,1.2107
E0,2024-11-03,Tottenham,Aston Villa,4,1,2.0975,2.4875
F1,2024-11-03,Auxerre,Rennes,4,0,2.399,0.7019
F1,2024-11-03,Le Havre,Montpellier,1,0,1.7998,0.7227
F1,2024-11-03,Nantes,Marseille,1,2,1.259,0.8762
F1,2024-11-03,Toulouse,Reims,1,0,0.9101,0.8187
I1,2024-11-03,Inter,Venezia,1,0,3.3454,1.1402
I1,2024-11-03,Napoli,Atalanta,0,3,0.6111,1.5098
I1,2024-11-03,Torino,Fiorentina,0,1,0.5904,0.5233
I1,2024-11-03,Verona,Roma,3,2,1.517,2.3841
SP1,2024-11-03,Ath Bilbao,Betis,1,1,4.2033,1.545
SP1,2024-11-03,Ath Madrid,Las Palmas,2,0,1.7347,0.0329
SP1,2024-11-03,Barcelona,Espanol,3,1,1.944,0.7874
SP1,2024-11-03,Sevilla,Sociedad,0,2,0.6295,1.2184
E0,2024-11-04,Fulham,Brentford,2,1,1.4302,0.7392
I1,2024-11-04,Empoli,Como,1,0,0.7239,0.4168
I1,2024-11-04,Lazio,Cagliari,2,1,3.3996,0.2742
I1,2024-11-04,Parma,Genoa,0,1,0.8837,1.1524
SP1,2024-11-04,Celta,Getafe,1,0,2.1248,0.4247
I1,2024-11-07,Genoa,Como,1,1,1.0389,1.3736
D1,2024-11-08,Union Berlin,Freiburg,0,0,0.8017,2.6662
F1,2024-11-08,Marseille,Auxerre,1,3,2.0283,2.0947
I1,2024-11-08,Lecce,Empoli,1,1,1.419,0.6105
SP1,2024-11-08,Vallecano,Las Palmas,1,3,2.6398,1.2521
D1,2024-11-09,Bochum,Leverkusen,1,1,0.7776,1.4055
D1,2024-11-09,Mainz,Dortmund,3,1,3.1875,0.8451
D1,2024-11-09,RB Leipzig,M'gladbach,0,0,0.8498,1.3152
D1,2024-11-09,St Pauli,Bayern Munich,0,1,0.0752,1.673
D1,2024-11-09,Werder Bremen,Holstein Kiel,2,1,2.2613,0.8842
E0,2024-11-09,Brentford,Bournemouth,3,2,1.5647,2.4923
E0,2024-11-09,Brighton,Man City,2,1,2.8712,2.6033
E0,2024-11-09,Crystal Palace,Fulham,0,2,1.9604,2.2533
E0,2024-11-09,Liverpool,Aston Villa,2,0,2.682,1.6634
E0,2024-11-09,West Ham,Everton,0,0,1.1237,0.866
E0,2024-11-09,Wolves,Southampton,2,0,0.9128,0.7927
F1,2024-11-09,Angers,Paris SG,2,4,1.2148,4.381
F1,2024-11-09,Lens,Nantes,3,2,3.7471,1.4989
F1,2024-11-09,Strasbourg,Monaco,1,3,0.7712,3.4257
I1,2024-11-09,Cagliari,Milan,3,3,1.9036,2.776
I1,2024-11-09,Juventus,Torino,2,0,1.5733,0.2739
I1,2024-11-09,Venezia,Parma,1,2,1.2964,0.945
SP1,2024-11-09,Leganes,Sevilla,1,0,1.0932,0.5399
SP1,2024-11-09,Real Madrid,Osasuna,4,0,3.2731,0.0679
SP1,2024-11-09,Villarreal,Alaves,3,0,1.4429,0.6086
D1,2024-11-10,Augsburg,Hoffenheim,0,0,0.9703,0.4156
D1,2024-11-10,Heidenheim,Wolfsburg,1,3,2.6245,1.5523
D1,2024-11-10,Stuttgart,Ein Frankfurt,2,3,2.8186,1.9389
E0,2024-11-10,Chelsea,Arsenal,1,1,1.2407,1.9605
E0,2024-11-10,Man United,Leicester,3,0,1.2369,0.4173
E0,2024-11-10,Nott'm Forest,Newcastle,1,3,1.1785,1.869
E0,2024-11-10,Tottenham,Ipswich,1,2,1.7509,2.1839
F1,2024-11-10,Le Havre,Reims,0,3,1.5104,2.6995
F1,2024-11-10,Lyon,St Etienne,1,0,2.2865,0.7031
F1,2024-11-10,Montpellier,Brest,3,1,3.0376,1.8867
F1,2024-11-10,Nice,Lille,2,2,1.9298,2.1956
F1,2024-11-10,Rennes,Toulouse,0,2,0.3128,1.3156
I1,2024-11-10,Atalanta,Udinese,2,1,1.6049,0.9091
I1,2024-11-10,Fiorentina,Verona,3,1,2.7703,0.5354
I1,2024-11-10,Inter,Napoli,1,1,1.4737,1.0061
I1,2024-11-10,Monza,Lazio,0,1,0.7474,1.1708
I1,2024-11-10,Roma,Bologna,2,3,1.0697,2.1677
SP1,2024-11-10,Betis,Celta,2,2,1.6506,0.9417
SP1,2024-11-10,Getafe,Girona,0,1,0.2208,0.521
SP1,2024-11-10,Mallorca,Ath Madrid,0,1,0.7351,0.9386
SP1,2024-11-10,Sociedad,Barcelona,1,0,1.8852,0.5141
SP1,2024-11-10,Valladolid,Ath Bilbao,1,1,0.8877,1.487
D1,2024-11-22,Bayern Munich,Augsburg,3,0,4.0266,0.1491
F1,2024-11-22,Monaco,Brest,3,2,2.5578,1.3868
F1,2024-11-22,Paris SG,Toulouse,3,0,1.6322,1.8416
SP1,2024-11-22,Getafe,Valladolid,2,0,0.6585,0.7292
D1,2024-11-23,Dortmund,Freiburg,4,0,1.4997,1.1957
D1,2024-11-23,Ein Frankfurt,Werder Bremen,1,0,1.4706,0.6328
D1,2024-11-23,Hoffenheim,RB Leipzig,4,3,2.6014,1.7298
D1,2024-11-23,Leverkusen,Heidenheim,5,2,2.0258,1.0314
D1,2024-11-23,Stuttgart,Bochum,2,0,2.0577,0.6523
D1,2024-11-23,Wolfsburg,Union Berlin,1,0,0.7428,0.6334
E0,2024-11-23,Arsenal,Nott'm Forest,3,0,1.6602,0.4031
E0,2024-11-23,Aston Villa,Crystal Palace,2,2,3.0446,1.6144
E0,2024-11-23,Bournemouth,Brighton,1,2,1.9116,1.2306
E0,2024-11-23,Everton,Brentford,0,0,1.5951,1.3431
E0,2024-11-23,Fulham,Wolves,1,4,0.7172,1.339
E0,2024-11-23,Leicester,Chelsea,1,2,0.968,2.8166
E0,2024-11-23,Man City,Tottenham,0,4,2.159,3.3045
F1,2024-11-23,Lens,Marseille,1,3,2.1723,1.3789
F1,2024-11-23,Reims,Lyon,1,1,1.1729,1.9268
F1,2024-11-23,St Etienne,Montpellier,1,0,1.273,0.8628
I1,2024-11-23,Milan,Juventus,0,0,0.3063,0.8113
I1,2024-11-23,Parma,Atalanta,1,3,0.6222,3.5436
I1,2024-11-23,Verona,Inter,0,5,0.5546,2.7977
SP1,2024-11-23,Ath Madrid,Alaves,2,1,2.0532,0.7859
SP1,2024-11-23,Celta,Barcelona,2,2,2.7598,1.9378
SP1,2024-11-23,Girona,Espanol,4,1,3.2852,0.4883
SP1,2024-11-23,Las Palmas,Mallorca,2,3,1.1597,1.4582
SP1,2024-11-23,Valencia,Betis,4,2,1.6734,1.0524
D1,2024-11-24,Holstein Kiel,Mainz,0,3,0.346,2.1363
D1,2024-11-24,M'gladbach,St Pauli,2,0,2.9913,1.1523
E0,2024-11-24,Ipswich,Man United,1,1,1.9871,1.2691
E0,2024-11-24,Southampton,Liverpool,2,3,1.5398,3.1883
F1,2024-11-24,Auxerre,Angers,1,0,0.6831,1.1415
F1,2024-11-24,Lille,Rennes,1,0,0.6415,0.1781
F1,2024-11-24,Nantes,Le Havre,0,2,0.8469,0.9771
F1,2024-11-24,Nice,Strasbourg,2,1,2.0383,0.5242
I1,2024-11-24,Como,Fiorentina,0,2,1.27,0.9473
I1,2024-11-24,Genoa,Cagliari,2,2,2.1978,2.8122
I1,2024-11-24,Lazio,Bologna,3,0,2.5991,0.0933
I1,2024-11-24,Napoli,Roma,1,0,2.0239,0.5926
I1,2024-11-24,Torino,Monza,1,1,1.4543,0.9166
SP1,2024-11-24,Ath Bilbao,Sociedad,1,0,1.6507,0.7991
SP1,2024-11-24,Leganes,Real Madrid,0,3,0.1089,2.7301
SP1,2024-11-24,Osasuna,Villarreal,2,2,1.3273,2.6819
SP1,2024-11-24,Sevilla,Vallecano,1,0,1.5706,0.8623
E0,2024-11-25,Newcastle,West Ham,0,2,1.4978,0.9428
I1,2024-11-25,Empoli,Udinese,1,1,0.1669,1.0929
I1,2024-11-25,Venezia,Lecce,0,1,2.8824,0.6247
E0,2024-11-29,Brighton,Southampton,1,1,1.8699,0.935
F1,2024-11-29,Reims,Lens,0,2,0.5893,1.4079
I1,2024-11-29,Cagliari,Verona,1,0,2.6482,0.6062
SP1,2024-11-29,Mallorca,Valencia,2,1,0.7214,1.3344
D1,2024-11-30,Augsburg,Bochum,1,0,2.1553,0.2507
D1,2024-11-30,Dortmund,Bayern Munich,1,1,0.5598,1.8312
D1,2024-11-30,Freiburg,M'gladbach,3,1,2.1543,1.2781
D1,2024-11-30,RB Leipzig,Wolfsburg,1,5,1.4486,2.6988
D1,2024-11-30,St Pauli,Holstein Kiel,3,1,1.9618,1.1506
D1,2024-11-30,Union Berlin,Leverkusen,1,2,1.1133,0.9067
D1,2024-11-30,Werder Bremen,Stuttgart,2,2,2.1495,1.6651
E0,2024-11-30,Brentford,Leicester,4,1,2.2189,0.9076
E0,2024-11-30,Crystal Palace,Newcastle,1,1,2.2959,0.021
E0,2024-11-30,Nott'm Forest,Ipswich,1,0,1.7659,0.4628
E0,2024-11-30,West Ham,Arsenal,2,5,1.2354,3.9994
E0,2024-11-30,Wolves,Bournemouth,2,4,0.866,3.079
F1,2024-11-30,Brest,Strasbourg,3,1,2.9042,0.9303
F1,2024-11-30,Paris SG,Nantes,1,1,3.8584,0.7427
F1,2024-11-30,Rennes,St Etienne,5,0,3.0181,0.1684
I1,2024-11-30,Bologna,Venezia,3,0,4.1696,0.3573
I1,2024-11-30,Como,Monza,1,1,1.3865,1.7556
I1,2024-11-30,Milan,Empoli,3,0,2.0229,0.4006
SP1,2024-11-30,Alaves,Leganes,1,1,1.2888,1.3688
SP1,2024-11-30,Barcelona,Las Palmas,1,2,2.1835,0.5992
SP1,2024-11-30,Espanol,Celta,3,1,1.5014,1.56
SP1,2024-11-30,Valladolid,Ath Madrid,0,5,0.4373,3.4049
D1,2024-12-01,Heidenheim,Ein Frankfurt,0,4,0.8611,3.1902
D1,2024-12-01,Mainz,Hoffenheim,2,0,2.6279,0.8146
E0,2024-12-01,Chelsea,Aston Villa,3,0,1.9494,0.8754
E0,2024-12-01,Liverpool,Man City,2,0,3.7005,0.745
E0,2024-12-01,Man United,Everton,4,0,1.7616,0.7667
E0,2024-12-01,Tottenham,Fulham,1,1,1.0109,1.5727
F1,2024-12-01,Le Havre,Angers,0,1,0.3226,2.1037
F1,2024-12-01,Lyon,Nice,4,1,2.8847,2.0362
F1,2024-12-01,Marseille,Monaco,2,1,1.6563,0.9586
F1,2024-12-01,Montpellier,Lille,2,2,1.2824,2.0648
F1,2024-12-01,Toulouse,Auxerre,2,0,2.7862,0.1296
I1,2024-12-01,Lecce,Juventus,1,1,1.1042,1.04
I1,2024-12-01,Parma,Lazio,3,1,1.2745,2.4176
I1,2024-12-01,Torino,Napoli,0,1,0.443,1.642
I1,2024-12-01,Udinese,Genoa,0,2,0.1564,1.7171
SP1,2024-12-01,Real Madrid,Getafe,2,0,3.2363,0.3466
SP1,2024-12-01,Sociedad,Betis,2,0,0.8181,0.3661
SP1,2024-12-01,Vallecano,Ath Bilbao,1,2,0.59,0.5569
SP1,2024-12-01,Villarreal,Girona,2,2,1.9684,0.5163
I1,2024-12-02,Roma,Atalanta,0,2,0.6679,1.767
SP1,2024-12-02,Sevilla,Osasuna,1,1,1.0908,1.0484
E0,2024-12-03,Ipswich,Crystal Palace,0,1,0.4717,1.6542
E0,2024-12-03,Leicester,West Ham,3,1,2.7806,2.8772
SP1,2024-12-03,Mallorca,Barcelona,1,5,0.9217,5.3807
E0,2024-12-04,Arsenal,Man United,2,0,2.9668,0.2561
E0,2024-12-04,Aston Villa,Brentford,3,1,3.2167,1.1327
E0,2024-12-04,Everton,Wolves,4,0,1.499,0.8477
E0,2024-12-04,Man City,Nott'm Forest,3,0,3.2017,0.8022
E0,2024-12-04,Newcastle,Liverpool,3,3,1.5206,2.2277
E0,2024-12-04,Southampton,Chelsea,1,5,1.9101,5.8331
SP1,2024-12-04,Ath Bilbao,Real Madrid,2,1,2.0813,1.9773
E0,2024-12-05,Bournemouth,Tottenham,1,0,3.2772,0.6239
E0,2024-12-05,Fulham,Brighton,3,1,0.6666,1.0994
D1,2024-12-06,Stuttgart,Union Berlin,3,2,1.8135,1.863
F1,2024-12-06,Auxerre,Paris SG,0,0,0.3415,3.0454
F1,2024-12-06,Lille,Brest,3,1,3.0104,0.7404
I1,2024-12-06,Atalanta,Milan,2,1,2.6282,0.8995
I1,2024-12-06,Inter,Parma,3,1,3.0797,0.2741
SP1,2024-12-06,Celta,Mallorca,2,0,1.1995,1.0904
D1,2024-12-07,Bayern Munich,Heidenheim,4,2,3.0854,1.1688
D1,2024-12-07,Bochum,Werder Bremen,0,1,1.1626,1.2075
D1,2024-12-07,Ein Frankfurt,Augsburg,2,2,1.5347,1.1709
D1,2024-12-07,Holstein Kiel,RB Leipzig,0,2,1.1496,1.727
D1,2024-12-07,Leverkusen,St Pauli,2,1,0.7295,2.1839
D1,2024-12-07,M'gladbach,Dortmund,1,1,1.1019,1.5886
E0,2024-12-07,Aston Villa,Southampton,1,0,2.5134,0.3858
E0,2024-12-07,Brentford,Newcastle,4,2,1.746,1.9565
E0,2024-12-07,Crystal Palace,Man City,2,2,1.2148,1.5846
E0,2024-12-07,Man United,Nott'm Forest,2,3,1.4697,0.6512
F1,2024-12-07,Angers,Lyon,0,3,0.5054,2.027
F1,2024-12-07,Monaco,Toulouse,2,0,2.8043,0.2325
F1,2024-12-07,Nice,Le Havre,2,1,2.276,1.4288
I1,2024-12-07,Genoa,Torino,0,0,0.3272,0.706
I1,2024-12-07,Juventus,Bologna,2,2,0.8568,0.7847
I1,2024-12-07,Roma,Lecce,4,1,2.3808,0.8269
SP1,2024-12-07,Betis,Barcelona,2,2,2.7626,1.5412
SP1,2024-12-07,Girona,Real Madrid,0,3,0.3513,1.1603
SP1,2024-12-07,Las Palmas,Valladolid,2,1,1.2763,1.3083
SP1,2024-12-07,Valencia,Vallecano,0,1,1.0002,1.0229
D1,2024-12-08,Hoffenheim,Freiburg,1,1,1.4945,1.5314
D1,2024-12-08,Wolfsburg,Mainz,4,3,1.4869,3.0224
E0,2024-12-08,Fulham,Arsenal,1,1,0.151,2.4333
E0,2024-12-08,Ipswich,Bournemouth,1,2,1.5668,3.4913
E0,2024-12-08,Leicester,Brighton,2,2,1.4244,1.1218
E0,2024-12-08,Tottenham,Chelsea,3,4,3.2549,2.5733
F1,2024-12-08,Lens,Montpellier,2,0,1.1027,1.5182
F1,2024-12-08,Nantes,Rennes,1,0,1.7097,0.2859
F1,2024-12-08,St Etienne,Marseille,0,2,0.1668,2.9851
F1,2024-12-08,Strasbourg,Reims,0,0,1.0949,1.2846
I1,2024-12-08,Fiorentina,Cagliari,1,0,0.412,1.0007
I1,2024-12-08,Napoli,Lazio,0,1,1.1446,0.2437
I1,2024-12-08,Venezia,Como,2,2,0.3035,0.7794
I1,2024-12-08,Verona,Empoli,1,4,0.8951,1.2903
SP1,2024-12-08,Ath Bilbao,Villarreal,2,0,1.3148,0.7965
SP1,2024-12-08,Ath Madrid,Sevilla,4,3,2.3218,0.6358
SP1,2024-12-08,Leganes,Sociedad,0,3,0.4637,1.7446
SP1,2024-12-08,Osasuna,Alaves,2,2,2.3135,1.5007
E0,2024-12-09,West Ham,Wolves,2,1,1.1981,1.4757
I1,2024-12-09,Monza,Udinese,1,2,1.9222,1.405
SP1,2024-12-09,Getafe,Espanol,1,0,0.5303,1.173
D1,2024-12-13,Freiburg,Wolfsburg,3,2,2.9678,1.8512
F1,2024-12-13,Toulouse,St Etienne,2,1,1.7325,0.3883
I1,2024-12-13,Empoli,Torino,0,1,0.9537,1.3609
SP1,2024-12-13,Valladolid,Valencia,1,0,0.5318,0.6572
D1,2024-12-14,Augsburg,Leverkusen,0,2,0.4367,1.021
D1,2024-12-14,M'gladbach,Holstein Kiel,4,1,2.3342,0.3239
D1,2024-12-14,Mainz,Bayern Munich,2,1,1.6422,0.992
D1,2024-12-14,St Pauli,Werder Bremen,0,2,0.5154,0.9861
D1,2024-12-14,Union Berlin,Bochum,1,1,3.0131,1.2372
E0,2024-12-14,Arsenal,Everton,0,0,1.3087,0.1322
E0,2024-12-14,Liverpool,Fulham,2,2,2.097,1.2862
E0,2024-12-14,Newcastle,Leicester,4,0,3.9546,0.1868
E0,2024-12-14,Nott'm Forest,Aston Villa,2,1,2.2861,0.3894
E0,2024-12-14,Wolves,Ipswich,1,2,1.2375,1.7335
F1,2024-12-14,Auxerre,Lens,2,2,0.5103,1.7377
F1,2024-12-14,Marseille,Lille,1,1,1.2151,1.2401
F1,2024-12-14,Reims,Monaco,0,0,1.5207,1.3291
I1,2024-12-14,Cagliari,Atalanta,0,1,1.9094,2.3745
I1,2024-12-14,Juventus,Venezia,2,2,2.1895,0.5868
I1,2024-12-14,Udinese,Napoli,1,3,1.4854,1.9643
SP1,2024-12-14,Espanol,Osasuna,0,0,0.2987,0.2139
SP1,2024-12-14,Mallorca,Girona,2,1,1.6509,0.9397
SP1,2024-12-14,Sevilla,Celta,1,0,0.4875,0.9288
SP1,2024-12-14,Vallecano,Real Madrid,3,3,1.6077,1.1543
D1,2024-12-15,Dortmund,Hoffenheim,1,1,0.4333,1.3144
D1,2024-12-15,Heidenheim,Stuttgart,1,3,0.8083,3.4617
D1,2024-12-15,RB Leipzig,Ein Frankfurt,2,1,2.4958,0.8394
E0,2024-12-15,Brighton,Crystal Palace,1,3,1.3232,3.0062
E0,2024-12-15,Chelsea,Brentford,2,1,2.5915,1.6586
E0,2024-12-15,Man City,Man United,1,2,0.6381,2.0466
E0,2024-12-15,Southampton,Tottenham,0,5,1.2736,3.8932
F1,2024-12-15,Brest,Nantes,4,1,2.201,1.3991
F1,2024-12-15,Le Havre,Strasbourg,0,3,1.5833,1.3917
F1,2024-12-15,Montpellier,Nice,2,2,2.4512,1.5519
F1,2024-12-15,Paris SG,Lyon,3,1,2.5962,1.2394
F1,2024-12-15,Rennes,Angers,2,0,0.6272,0.3918
I1,2024-12-15,Bologna,Fiorentina,1,0,2.3227,1.1431
I1,2024-12-15,Como,Roma,2,0,1.1153,0.6507
I1,2024-12-15,Lecce,Monza,2,1,1.5779,0.7904
I1,2024-12-15,Milan,Genoa,0,0,1.2824,0.2045
I1,2024-12-15,Parma,Verona,2,3,2.3053,3.7041
SP1,2024-12-15,Alaves,Ath Bilbao,1,1,0.8038,0.8437
SP1,2024-12-15,Ath Madrid,Getafe,1,0,1.8538,0.2387
SP1,2024-12-15,Barcelona,Leganes,0,1,2.166,0.7724
SP1,2024-12-15,Sociedad,Las Palmas,0,0,1.2456,0.841
SP1,2024-12-15,Villarreal,Betis,1,2,1.6096,1.6735
E0,2024-12-16,Bournemouth,West Ham,1,1,2.0484,1.8183
I1,2024-12-16,Lazio,Inter,0,6,0.6346,2.3331
F1,2024-12-18,Monaco,Paris SG,2,4,3.1019,2.4065
SP1,2024-12-18,Espanol,Valencia,1,1,1.8785,1.7813
SP1,2024-12-18,Villarreal,Vallecano,1,1,2.5291,1.8571
D1,2024-12-20,Bayern Munich,RB Leipzig,5,1,4.3571,0.5526
I1,2024-12-20,Verona,Milan,0,1,0.6495,1.3751
SP1,2024-12-20,Girona,Valladolid,3,0,2.1644,0.012
D1,2024-12-21,Ein Frankfurt,Mainz,1,3,2.5892,0.7533
D1,2024-12-21,Hoffenheim,M'gladbach,1,2,3.7229,0.4905
D1,2024-12-21,Holstein Kiel,Augsburg,5,1,2.4859,1.1306
D1,2024-12-21,Leverkusen,Freiburg,5,1,3.2597,1.3416
D1,2024-12-21,Stuttgart,St Pauli,0,1,2.4159,2.5778
D1,2024-12-21,Werder Bremen,Union Berlin,4,1,2.7336,1.6411
E0,2024-12-21,Aston Villa,Man City,2,1,2.0599,1.0963
E0,2024-12-21,Brentford,Nott'm Forest,0,2,0.769,0.9649
E0,2024-12-21,Crystal Palace,Arsenal,1,5,1.6052,3.0543
E0,2024-12-21,Ipswich,Newcastle,0,4,1.0643,3.2339
E0,2024-12-21,West Ham,Brighton,1,1,1.2294,1.3438
I1,2024-12-21,Genoa,Napoli,1,2,0.7073,1.4238
I1,2024-12-21,Lecce,Lazio,1,2,1.0913,1.9502
I1,2024-12-21,Torino,Bologna,0,2,0.2706,1.7982
SP1,2024-12-21,Barcelona,Ath Madrid,1,2,3.3742,0.7107
SP1,2024-12-21,Celta,Sociedad,2,0,1.2216,0.3145
SP1,2024-12-21,Getafe,Mallorca,0,1,0.7352,2.0627
SP1,2024-12-21,Osasuna,Ath Bilbao,1,2,0.4176,1.1809
D1,2024-12-22,Bochum,Heidenheim,2,0,1.6837,0.5124
D1,2024-12-22,Wolfsburg,Dortmund,1,3,1.9534,2.4116
E0,2024-12-22,Everton,Chelsea,0,0,1.0708,1.5159
E0,2024-12-22,Fulham,Southampton,0,0,1.2526,0.28
E0,2024-12-22,Leicester,Wolves,0,3,0.7887,1.1353
E0,2024-12-22,Man United,Bournemouth,0,3,2.2853,1.8283
E0,2024-12-22,Tottenham,Liverpool,3,6,1.2025,5.2021
I1,2024-12-22,Atalanta,Empoli,3,2,2.0838,1.2183
I1,2024-12-22,Monza,Juventus,1,2,0.9832,2.5856
I1,2024-12-22,Roma,Parma,5,0,5.5586,0.6157
I1,2024-12-22,Venezia,Cagliari,2,1,1.5532,2.6254
SP1,2024-12-22,Betis,Vallecano,1,1,1.9303,0.8784
SP1,2024-12-22,Las Palmas,Espanol,1,0,0.9562,0.879
SP1,2024-12-22,Leganes,Villarreal,2,5,1.4746,4.0101
SP1,2024-12-22,Real Madrid,Sevilla,4,2,2.901,1.4118
SP1,2024-12-22,Valencia,Alaves,2,2,1.3476,1.5429
I1,2024-12-23,Fiorentina,Udinese,1,2,1.5572,0.8588
I1,2024-12-23,Inter,Como,2,0,1.8992,0.3675
E0,2024-12-26,Bournemouth,Crystal Palace,0,0,1.2019,0.5001
E0,2024-12-26,Chelsea,Fulham,1,2,1.5563,1.7793
E0,2024-12-26,Liverpool,Leicester,3,1,1.8994,0.221
E0,2024-12-26,Man City,Everton,1,1,2.5196,0.6533
E0,2024-12-26,Newcastle,Aston Villa,3,0,2.8287,0.2255
E0,2024-12-26,Nott'm Forest,Tottenham,1,0,1.3002,1.0576
E0,2024-12-26,Southampton,West Ham,0,1,2.1983,1.9011
E0,2024-12-26,Wolves,Man United,2,0,0.8265,0.3589
E0,2024-12-27,Arsenal,Ipswich,1,0,2.1646,0.0783
E0,2024-12-27,Brighton,Brentford,0,0,1.3354,0.9612
I1,2024-12-28,Cagliari,Inter,0,3,0.3023,3.1724
I1,2024-12-28,Empoli,Genoa,1,2,1.4269,2.0173
I1,2024-12-28,Lazio,Atalanta,1,1,0.5645,2.9832
I1,2024-12-28,Parma,Monza,2,1,1.2222,2.2247
E0,2024-12-29,Crystal Palace,Southampton,2,1,3.0542,1.2185
E0,2024-12-29,Everton,Nott'm Forest,0,2,0.6152,2.0275
E0,2024-12-29,Fulham,Bournemouth,2,2,0.9616,1.7069
E0,2024-12-29,Leicester,Man City,0,2,1.8421,1.58
E0,2024-12-29,Tottenham,Wolves,2,2,2.2843,0.6407
E0,2024-12-29,West Ham,Liverpool,0,5,0.5183,3.2987
I1,2024-12-29,Juventus,Fiorentina,2,2,1.7474,1.0295
I1,2024-12-29,Milan,Roma,1,1,2.2635,1.6113
I1,2024-12-29,Napoli,Venezia,1,0,2.5551,0.4621
I1,2024-12-29,Udinese,Torino,2,2,1.2395,0.6036
E0,2024-12-30,Aston Villa,Brighton,2,2,1.88,0.938
E0,2024-12-30,Ipswich,Chelsea,2,0,1.5009,1.6062
E0,2024-12-30,Man United,Newcastle,0,2,1.0007,2.2424
I1,2024-12-30,Bologna,Verona,2,3,2.8648,0.799
I1,2024-12-30,Como,Lecce,2,0,2.2594,0.4363
E0,2025-01-01,Brentford,Arsenal,1,3,0.2726,1.9985
F1,2025-01-03,Nice,Rennes,3,2,1.5194,1.5045
SP1,2025-01-03,Valencia,Real Madrid,1,2,1.3531,2.6916
E0,2025-01-04,Aston Villa,Leicester,2,1,2.3456,0.8155
E0,2025-01-04,Bournemouth,Everton,1,0,2.6185,0.561
E0,2025-01-04,Brighton,Arsenal,1,1,1.7651,1.8114
E0,2025-01-04,Crystal Palace,Chelsea,1,1,1.2766,1.5154
E0,2025-01-04,Man City,West Ham,4,1,1.9799,1.5329
E0,2025-01-04,Southampton,Brentford,0,5,0.2496,5.5487
E0,2025-01-04,Tottenham,Newcastle,1,2,1.0033,2.4296
F1,2025-01-04,Lille,Nantes,1,1,1.1341,1.0728
F1,2025-01-04,Lyon,Montpellier,1,0,1.0773,1.5558
F1,2025-01-04,St Etienne,Reims,3,1,3.1864,1.2761
I1,2025-01-04,Fiorentina,Napoli,0,3,0.8776,1.5973
I1,2025-01-04,Venezia,Empoli,1,1,0.4555,1.5225
I1,2025-01-04,Verona,Udinese,0,0,0.7453,0.656
E0,2025-01-05,Fulham,Ipswich,2,2,2.6547,1.4434
E0,2025-01-05,Liverpool,Man United,2,2,2.862,1.6747
F1,2025-01-05,Angers,Brest,2,0,1.9012,0.6089
F1,2025-01-05,Lens,Toulouse,0,1,1.3289,2.1923
F1,2025-01-05,Marseille,Le Havre,5,1,3.1749,0.8853
F1,2025-01-05,Strasbourg,Auxerre,3,1,2.8972,1.7605
I1,2025-01-05,Lecce,Genoa,0,0,0.5456,1.0675
I1,2025-01-05,Monza,Cagliari,1,2,1.5584,0.7815
I1,2025-01-05,Roma,Lazio,2,0,1.2342,1.3196
I1,2025-01-05,Torino,Parma,0,0,1.0858,0.3216
E0,2025-01-06,Wolves,Nott'm Forest,0,3,1.9046,2.5723
D1,2025-01-10,Dortmund,Leverkusen,2,3,1.4866,1.8834
F1,2025-01-10,Auxerre,Lille,0,0,0.6014,1.5183
F1,2025-01-10,Nantes,Monaco,2,2,1.4118,3.4879
I1,2025-01-10,Lazio,Como,1,1,1.0394,1.9019
SP1,2025-01-10,Vallecano,Celta,2,1,1.0044,3.258
D1,2025-01-11,Freiburg,Holstein Kiel,3,2,0.75,1.6685
D1,2025-01-11,Heidenheim,Union Berlin,2,0,1.7556,1.0344
D1,2025-01-11,Hoffenheim,Wolfsburg,0,1,1.1804,1.4913
D1,2025-01-11,M'gladbach,Bayern Munich,0,1,0.3262,4.4774
D1,2025-01-11,Mainz,Bochum,2,0,1.7238,0.6977
D1,2025-01-11,St Pauli,Ein Frankfurt,0,1,2.5542,2.2369
F1,2025-01-11,Brest,Lyon,2,1,1.2896,1.4009
F1,2025-01-11,Reims,Nice,2,4,0.9509,3.22
F1,2025-01-11,Rennes,Marseille,1,2,1.7657,2.4925
I1,2025-01-11,Empoli,Lecce,1,3,2.3153,1.5765
I1,2025-01-11,Milan,Cagliari,1,1,2.4303,0.3088
I1,2025-01-11,Torino,Juventus,1,1,0.4113,0.947
I1,2025-01-11,Udinese,Atalanta,0,0,2.0522,0.233
SP1,2025-01-11,Alaves,Girona,0,1,1.722,0.6257
SP1,2025-01-11,Espanol,Leganes,1,1,1.0554,1.925
SP1,2025-01-11,Sevilla,Valencia,1,1,0.7344,1.0811
SP1,2025-01-11,Valladolid,Betis,1,0,1.6245,1.0381
D1,2025-01-12,Augsburg,Stuttgart,0,1,0.3391,2.6162
D1,2025-01-12,RB Leipzig,Werder Bremen,4,2,2.6504,1.3269
F1,2025-01-12,Le Havre,Lens,1,2,1.8422,3.1079
F1,2025-01-12,Montpellier,Angers,1,3,1.4466,3.4686
F1,2025-01-12,Paris SG,St Etienne,2,1,5.0706,0.41
F1,2025-01-12,Toulouse,Strasbourg,1,2,1.1928,1.8278
I1,2025-01-12,Bologna,Roma,2,2,2.2895,1.5887
I1,2025-01-12,Genoa,Parma,1,0,1.5163,0.5134
I1,2025-01-12,Napoli,Verona,2,0,1.5903,0.2321
I1,2025-01-12,Venezia,Inter,0,1,0.668,2.3527
SP1,2025-01-12,Ath Madrid,Osasuna,1,0,2.2872,0.392
SP1,2025-01-12,Las Palmas,Getafe,1,2,1.6264,1.3958
I1,2025-01-13,Monza,Fiorentina,2,1,0.9884,1.6071
SP1,2025-01-13,Sociedad,Villarreal,1,0,0.806,1.2253
D1,2025-01-14,Ein Frankfurt,Freiburg,4,1,2.8224,0.5878
D1,2025-01-14,Holstein Kiel,Dortmund,4,2,1.9593,1.1639
D1,2025-01-14,Leverkusen,Mainz,1,0,1.9941,0.6035
D1,2025-01-14,Wolfsburg,M'gladbach,5,1,3.7276,0.8569
E0,2025-01-14,Brentford,Man City,2,2,2.3909,2.6532
E0,2025-01-14,Chelsea,Bournemouth,2,2,2.5381,1.1484
E0,2025-01-14,Nott'm Forest,Liverpool,1,1,0.5292,2.7229
E0,2025-01-14,West Ham,Fulham,3,2,0.9373,2.8358
I1,2025-01-14,Atalanta,Juventus,1,1,1.5823,2.2796
I1,2025-01-14,Como,Milan,1,2,1.6358,1.4406
D1,2025-01-15,Bayern Munich,Hoffenheim,5,0,3.8046,0.223
D1,2025-01-15,Bochum,St Pauli,1,0,1.8213,1.1531
D1,2025-01-15,Stuttgart,RB Leipzig,2,1,2.4275,0.7103
D1,2025-01-15,Union Berlin,Augsburg,0,2,0.5493,1.419
D1,2025-01-15,Werder Bremen,Heidenheim,3,3,1.875,1.9188
E0,2025-01-15,Arsenal,Tottenham,2,1,2.255,0.7771
E0,2025-01-15,Everton,Aston Villa,0,1,1.2313,1.2852
E0,2025-01-15,Leicester,Crystal Palace,0,2,2.099,2.2647
E0,2025-01-15,Newcastle,Wolves,3,0,2.1333,1.4743
I1,2025-01-15,Inter,Bologna,2,2,1.7938,0.9144
E0,2025-01-16,Ipswich,Brighton,0,2,0.2681,1.0634
E0,2025-01-16,Man United,Southampton,3,1,3.1085,1.3671
D1,2025-01-17,Ein Frankfurt,Dortmund,2,0,2.0511,0.5764
F1,2025-01-17,Lille,Nice,2,1,1.2922,2.9044
F1,2025-01-17,Montpellier,Monaco,2,1,2.6065,1.7496
I1,2025-01-17,Roma,Genoa,3,1,1.7973,0.4942
SP1,2025-01-17,Espanol,Valladolid,2,1,1.2884,1.7202
D1,2025-01-18,Bayern Munich,Wolfsburg,3,2,3.2328,0.7024
D1,2025-01-18,Bochum,RB Leipzig,3,3,2.7597,2.3857
D1,2025-01-18,Heidenheim,St Pauli,0,2,0.924,2.2324
D1,2025-01-18,Holstein Kiel,Hoffenheim,1,3,0.9085,0.9055
D1,2025-01-18,Leverkusen,M'gladbach,3,1,2.0838,0.4739
D1,2025-01-18,Stuttgart,Freiburg,4,0,2.266,0.1877
E0,2025-01-18,Arsenal,Aston Villa,2,2,1.6446,1.206
E0,2025-01-18,Brentford,Liverpool,0,2,1.2002,4.1625
E0,2025-01-18,Leicester,Fulham,0,2,0.6769,2.3682
E0,2025-01-18,Newcastle,Bournemouth,1,4,0.8378,2.7017
E0,2025-01-18,West Ham,Crystal Palace,0,2,0.2211,1.6256
F1,2025-01-18,Lens,Paris SG,1,2,1.349,1.573
F1,2025-01-18,Lyon,Toulouse,0,0,0.6191,1.3661
F1,2025-01-18,Rennes,Brest,1,2,1.9267,1.8732
I1,2025-01-18,Atalanta,Napoli,2,3,0.7095,1.2536
I1,2025-01-18,Bologna,Monza,3,1,2.3367,0.4109
I1,2025-01-18,Juventus,Milan,2,0,1.5688,1.1782
SP1,2025-01-18,Betis,Alaves,1,3,0.5015,1.6539
SP1,2025-01-18,Getafe,Barcelona,1,1,1.1692,3.5038
SP1,2025-01-18,Girona,Sevilla,1,2,1.1433,3.0922
SP1,2025-01-18,Leganes,Ath Madrid,1,0,0.7703,3.0563
D1,2025-01-19,Union Berlin,Mainz,2,1,2.4495,1.4042
D1,2025-01-19,Werder Bremen,Augsburg,0,2,1.1518,1.3164
E0,2025-01-19,Everton,Tottenham,3,2,2.5609,1.3572
E0,2025-01-19,Ipswich,Man City,0,6,0.7956,3.2023
E0,2025-01-19,Man United,Brighton,1,3,1.3182,2.1717
E0,2025-01-19,Nott'm Forest,Southampton,3,2,2.3642,1.2592
F1,2025-01-19,Angers,Auxerre,2,0,1.2176,0.4621
F1,2025-01-19,Marseille,Strasbourg,1,1,3.2908,0.8549
F1,2025-01-19,Reims,Le Havre,1,1,1.4909,1.2945
F1,2025-01-19,St Etienne,Nantes,1,1,0.8361,1.3603
I1,2025-01-19,Cagliari,Lecce,4,1,3.3623,0.3884
I1,2025-01-19,Fiorentina,Torino,1,1,1.8176,0.54
I1,2025-01-19,Inter,Empoli,3,1,1.6401,0.412
I1,2025-01-19,Parma,Venezia,1,1,1.5961,1.1784
I1,2025-01-19,Verona,Lazio,0,3,1.486,1.9942
SP1,2025-01-19,Celta,Ath Bilbao,1,2,0.4003,2.4968
SP1,2025-01-19,Osasuna,Vallecano,1,1,0.6604,0.7975
SP1,2025-01-19,Real Madrid,Las Palmas,4,1,6.4055,1.062
SP1,2025-01-19,Valencia,Sociedad,1,0,1.7725,0.7582
E0,2025-01-20,Chelsea,Wolves,3,1,3.1488,1.0673
I1,2025-01-20,Como,Udinese,4,1,1.819,0.8474
SP1,2025-01-20,Villarreal,Mallorca,4,0,2.3544,0.391
D1,2025-01-24,Wolfsburg,Holstein Kiel,2,2,2.5204,0.2658
F1,2025-01-24,Auxerre,St Etienne,1,1,0.5828,1.1913
I1,2025-01-24,Torino,Cagliari,2,0,2.2321,0.2708
SP1,2025-01-24,Las Palmas,Osasuna,1,1,0.8332,2.5369
D1,2025-01-25,Augsburg,Heidenheim,2,1,1.6382,0.9474
D1,2025-01-25,Dortmund,Werder Bremen,2,2,1.4942,1.1166
D1,2025-01-25,Freiburg,Bayern Munich,1,2,0.2713,0.7876
D1,2025-01-25,M'gladbach,Bochum,3,0,2.9315,0.7594
D1,2025-01-25,Mainz,Stuttgart,2,0,2.2288,0.9174
D1,2025-01-25,RB Leipzig,Leverkusen,2,2,0.7082,2.5767
E0,2025-01-25,Bournemouth,Nott'm Forest,5,0,2.8254,0.9962
E0,2025-01-25,Brighton,Everton,0,1,0.6438,0.8709
E0,2025-01-25,Liverpool,Ipswich,4,1,2.1681,0.8047
E0,2025-01-25,Man City,Chelsea,3,1,2.2321,1.4984
E0,2025-01-25,Southampton,Newcastle,1,3,0.8256,3.0832
E0,2025-01-25,Wolves,Arsenal,0,1,0.5147,0.8874
F1,2025-01-25,Monaco,Rennes,3,2,3.4738,1.852
F1,2025-01-25,Paris SG,Reims,1,1,1.7963,0.6134
F1,2025-01-25,Strasbourg,Lille,2,1,1.197,1.9547
I1,2025-01-25,Como,Atalanta,1,2,0.7044,1.0483
I1,2025-01-25,Empoli,Bologna,1,1,0.834,0.8988
I1,2025-01-25,Napoli,Juventus,2,1,2.3356,1.0254
SP1,2025-01-25,Ath Madrid,Villarreal,1,1,1.7227,1.7846
SP1,2025-01-25,Mallorca,Betis,0,1,0.7894,0.5949
SP1,2025-01-25,Sevilla,Espanol,1,1,1.1501,1.2794
SP1,2025-01-25,Valladolid,Real Madrid,0,3,0.2347,2.4568
D1,2025-01-26,Hoffenheim,Ein Frankfurt,2,2,2.3214,2.3032
D1,2025-01-26,St Pauli,Union Berlin,3,0,1.4036,0.9864
E0,2025-01-26,Aston Villa,West Ham,1,1,0.9079,1.6789
E0,2025-01-26,Crystal Palace,Brentford,1,2,1.2318,1.9204
E0,2025-01-26,Fulham,Man United,0,1,0.5606,0.202
E0,2025-01-26,Tottenham,Leicester,1,2,1.2748,1.4047
F1,2025-01-26,Le Havre,Brest,0,1,0.6962,2.3828
F1,2025-01-26,Lens,Angers,1,0,2.0112,0.0814
F1,2025-01-26,Nantes,Lyon,1,1,1.6298,1.6176
F1,2025-01-26,Nice,Marseille,2,0,2.1099,1.1116
F1,2025-01-26,Toulouse,Montpellier,1,2,1.3426,0.9399
I1,2025-01-26,Lazio,Fiorentina,1,2,2.0112,1.2002
I1,2025-01-26,Lecce,Inter,0,4,0.719,2.5825
I1,2025-01-26,Milan,Parma,3,2,2.7112,1.8552
I1,2025-01-26,Udinese,Roma,1,2,0.8051,2.6168
SP1,2025-01-26,Ath Bilbao,Leganes,0,0,2.2728,1.574
SP1,2025-01-26,Barcelona,Valencia,7,1,4.3587,1.3033
SP1,2025-01-26,Sociedad,Getafe,0,3,1.2607,2.0103
SP1,2025-01-26,Vallecano,Girona,2,1,3.0105,1.5618
I1,2025-01-27,Genoa,Monza,2,0,3.3175,0.3118
I1,2025-01-27,Venezia,Verona,1,1,0.7097,2.1721
SP1,2025-01-27,Alaves,Celta,1,1,0.8917,0.1551
D1,2025-01-31,Werder Bremen,Mainz,1,0,2.5854,1.016
F1,2025-01-31,Montpellier,Lens,0,2,1.1112,3.21
I1,2025-01-31,Parma,Lecce,1,3,2.0001,0.7569
SP1,2025-01-31,Leganes,Vallecano,0,1,1.0001,2.3909
D1,2025-02-01,Bayern Munich,Holstein Kiel,4,3,4.9324,2.0575
D1,2025-02-01,Bochum,Freiburg,0,1,0.843,3.3324
D1,2025-02-01,Heidenheim,Dortmund,1,2,0.5259,2.6828
D1,2025-02-01,St Pauli,Augsburg,1,1,0.8499,0.1949
D1,2025-02-01,Stuttgart,M'gladbach,1,2,0.9507,1.9697
D1,2025-02-01,Union Berlin,RB Leipzig,0,0,1.7485,0.2379
E0,2025-02-01,Bournemouth,Liverpool,0,2,1.6527,2.7219
E0,2025-02-01,Everton,Leicester,4,0,3.1126,0.4471
E0,2025-02-01,Ipswich,Southampton,1,2,1.9485,1.1757
E0,2025-02-01,Newcastle,Fulham,1,2,1.2272,1.6088
E0,2025-02-01,Nott'm Forest,Brighton,7,0,4.0677,0.7563
E0,2025-02-01,Wolves,Aston Villa,2,0,2.0015,0.7428
F1,2025-02-01,Brest,Paris SG,2,5,0.6365,3.949
F1,2025-02-01,Lille,St Etienne,4,1,2.7482,2.1034
F1,2025-02-01,Monaco,Auxerre,4,2,2.0775,1.6376
I1,2025-02-01,Atalanta,Torino,1,1,3.3513,0.6296
I1,2025-02-01,Bologna,Como,2,0,1.681,0.6401
I1,2025-02-01,Monza,Verona,0,1,0.2795,0.8548
I1,2025-02-01,Udinese,Venezia,3,2,0.9401,1.3625
SP1,2025-02-01,Ath Madrid,Mallorca,2,0,1.5987,0.4218
SP1,2025-02-01,Espanol,Real Madrid,1,0,0.5272,1.528
SP1,2025-02-01,Getafe,Sevilla,0,0,0.9227,0.871
SP1,2025-02-01,Villarreal,Valladolid,5,1,3.8935,0.7473
D1,2025-02-02,Ein Frankfurt,Wolfsburg,1,1,1.696,1.4629
D1,2025-02-02,Leverkusen,Hoffenheim,3,1,1.3542,1.9494
E0,2025-02-02,Arsenal,Man City,5,1,1.532,0.7432
E0,2025-02-02,Brentford,Tottenham,0,2,1.6647,0.9454
E0,2025-02-02,Man United,Crystal Palace,0,2,1.5071,2.4463
F1,2025-02-02,Angers,Le Havre,1,1,1.7733,2.1925
F1,2025-02-02,Marseille,Lyon,3,2,3.6197,1.8381
F1,2025-02-02,Reims,Nantes,1,2,0.9609,1.4165
F1,2025-02-02,Rennes,Strasbourg,1,0,0.7633,0.9944
F1,2025-02-02,Toulouse,Nice,1,1,0.8546,1.5134
I1,2025-02-02,Fiorentina,Genoa,2,1,0.6954,1.9652
I1,2025-02-02,Juventus,Empoli,4,1,2.0076,0.9495
I1,2025-02-02,Milan,Inter,1,1,1.0444,1.9831
I1,2025-02-02,Roma,Napoli,1,1,0.3647,0.3847
SP1,2025-02-02,Barcelona,Alaves,1,0,1.1853,0.1263
SP1,2025-02-02,Betis,Ath Bilbao,2,2,1.3172,1.7591
SP1,2025-02-02,Osasuna,Sociedad,2,1,1.1109,2.3512
SP1,2025-02-02,Valencia,Celta,2,1,1.9306,0.515
E0,2025-02-03,Chelsea,West Ham,2,1,1.3907,1.1868
I1,2025-02-03,Cagliari,Lazio,1,2,1.8289,1.9337
SP1,2025-02-03,Girona,Las Palmas,2,1,2.1919,1.3179
I1,2025-02-06,Fiorentina,Inter,3,0,1.0527,0.5893
D1,2025-02-07,Bayern Munich,Werder Bremen,3,0,4.4771,0.1511
F1,2025-02-07,Nantes,Brest,0,2,1.4511,2.4977
F1,2025-02-07,Paris SG,Monaco,4,1,3.1396,0.9247
I1,2025-02-07,Como,Juventus,1,2,0.9357,1.3239
SP1,2025-02-07,Vallecano,Valladolid,1,0,2.8726,0.6102
D1,2025-02-08,Dortmund,Stuttgart,1,2,1.0706,0.4528
D1,2025-02-08,Freiburg,Heidenheim,1,0,1.3319,0.4344
D1,2025-02-08,Hoffenheim,Union Berlin,0,4,0.8816,3.8659
D1,2025-02-08,M'gladbach,Ein Frankfurt,1,1,0.6565,2.5487
D1,2025-02-08,Mainz,Augsburg,0,0,1.9999,0.2607
D1,2025-02-08,Wolfsburg,Leverkusen,0,0,0.895,1.6632
F1,2025-02-08,Lille,Le Havre,1,2,1.7698,1.6535
F1,2025-02-08,Nice,Lens,2,0,3.3735,1.0249
F1,2025-02-08,St Etienne,Rennes,0,2,0.4621,4.0699
I1,2025-02-08,Empoli,Milan,0,2,0.6688,1.9057
I1,2025-02-08,Torino,Genoa,1,1,0.6472,0.3087
I1,2025-02-08,Verona,Atalanta,0,5,1.7884,2.1475
SP1,2025-02-08,Ath Bilbao,Girona,3,0,3.8194,0.0558
SP1,2025-02-08,Celta,Betis,3,2,1.7513,1.5116
SP1,2025-02-08,Las Palmas,Villarreal,1,2,1.9062,1.2602
SP1,2025-02-08,Real Madrid,Ath Madrid,1,1,2.5558,1.6246
D1,2025-02-09,Holstein Kiel,Bochum,2,2,2.0,2.0
D1,2025-02-09,RB Leipzig,St Pauli,2,0,1.896,0.7232
F1,2025-02-09,Angers,Marseille,0,2,0.3674,2.8758
F1,2025-02-09,Auxerre,Toulouse,2,2,0.7168,1.1627
F1,2025-02-09,Lyon,Reims,4,0,3.2498,0.3079
F1,2025-02-09,Strasbourg,Montpellier,2,0,3.1721,1.9822
I1,2025-02-09,Cagliari,Parma,2,1,1.4963,1.1507
I1,2025-02-09,Lazio,Monza,5,1,4.4299,0.8722
I1,2025-02-09,Lecce,Bologna,0,0,0.8449,0.8506
I1,2025-02-09,Napoli,Udinese,1,1,2.0788,1.2873
I1,2025-02-09,Venezia,Roma,0,1,0.9052,2.1424
SP1,2025-02-09,Alaves,Getafe,0,1,1.2586,0.8251
SP1,2025-02-09,Sevilla,Barcelona,1,4,0.9214,1.932
SP1,2025-02-09,Sociedad,Espanol,2,1,1.6784,0.8725
SP1,2025-02-09,Valencia,Leganes,2,0,2.0319,0.4176
I1,2025-02-10,Inter,Fiorentina,2,1,1.8753,1.0329
SP1,2025-02-10,Mallorca,Osasuna,1,1,1.1732,1.8197
E0,2025-02-12,Everton,Liverpool,2,2,0.9105,0.9291
D1,2025-02-14,Augsburg,RB Leipzig,0,0,1.0545,1.6452
E0,2025-02-14,Brighton,Chelsea,3,0,2.0689,0.6498
F1,2025-02-14,Brest,Auxerre,2,2,1.9749,1.4865
I1,2025-02-14,Bologna,Torino,3,2,3.4626,1.6485
SP1,2025-02-14,Girona,Getafe,1,2,1.287,0.9554
D1,2025-02-15,Bochum,Dortmund,2,0,3.3688,2.7052
D1,2025-02-15,Leverkusen,Bayern Munich,0,0,2.5573,0.072
D1,2025-02-15,St Pauli,Freiburg,0,1,0.1906,1.2507
D1,2025-02-15,Stuttgart,Wolfsburg,1,2,1.2247,1.7573
D1,2025-02-15,Union Berlin,M'gladbach,1,2,1.6682,2.2204
E0,2025-02-15,Aston Villa,Ipswich,1,1,2.8984,0.3329
E0,2025-02-15,Crystal Palace,Everton,1,2,2.3065,1.0156
E0,2025-02-15,Fulham,Nott'm Forest,2,1,2.2099,0.3313
E0,2025-02-15,Leicester,Arsenal,0,2,0.2332,1.75
E0,2025-02-15,Man City,Newcastle,4,0,2.12,0.1572
E0,2025-02-15,Southampton,Bournemouth,1,3,0.9744,2.0872
E0,2025-02-15,West Ham,Brentford,0,1,0.6735,1.965
F1,2025-02-15,Marseille,St Etienne,5,1,5.9424,1.0312
F1,2025-02-15,Monaco,Nantes,7,1,5.1478,1.3661
F1,2025-02-15,Toulouse,Paris SG,0,1,1.1962,2.9328
I1,2025-02-15,Atalanta,Cagliari,0,0,0.4737,0.1233
I1,2025-02-15,Lazio,Napoli,2,2,0.8834,0.5586
I1,2025-02-15,Milan,Verona,1,0,1.8755,0.3722
SP1,2025-02-15,Ath Madrid,Celta,1,1,0.6891,1.4539
SP1,2025-02-15,Leganes,Alaves,3,3,1.7633,1.4212
SP1,2025-02-15,Osasuna,Real Madrid,1,1,1.6438,2.7334
SP1,2025-02-15,Villarreal,Valencia,1,1,1.0423,0.741
D1,2025-02-16,Ein Frankfurt,Holstein Kiel,3,1,3.0253,1.2656
D1,2025-02-16,Heidenheim,Mainz,0,2,0.5452,1.9493
D1,2025-02-16,Werder Bremen,Hoffenheim,1,3,0.8567,1.9187
E0,2025-02-16,Liverpool,Wolves,2,1,1.8676,1.0533
E0,2025-02-16,Tottenham,Man United,1,0,1.9711,1.4265
F1,2025-02-16,Le Havre,Nice,1,3,0.5558,1.2228
F1,2025-02-16,Lens,Strasbourg,0,2,0.2656,1.9785
F1,2025-02-16,Montpellier,Lyon,1,4,1.3389,1.5908
F1,2025-02-16,Reims,Angers,0,1,2.0673,2.4315
F1,2025-02-16,Rennes,Lille,0,2,0.4171,3.0198
I1,2025-02-16,Fiorentina,Como,0,2,0.4312,0.8754
I1,2025-02-16,Juventus,Inter,1,0,1.3662,2.085
I1,2025-02-16,Monza,Lecce,0,0,0.2781,1.1095
I1,2025-02-16,Parma,Roma,0,1,0.2935,1.4118
I1,2025-02-16,Udinese,Empoli,3,0,2.9052,2.4747
SP1,2025-02-16,Betis,Sociedad,3,0,2.4945,0.2053
SP1,2025-02-16,Espanol,Ath Bilbao,1,1,1.1958,0.8968
SP1,2025-02-16,Mallorca,Las Palmas,3,1,2.3341,1.044
SP1,2025-02-16,Valladolid,Sevilla,0,4,0.5325,1.4827
I1,2025-02-17,Genoa,Venezia,2,0,1.6004,0.3412
SP1,2025-02-17,Barcelona,Vallecano,1,0,2.8277,1.3094
E0,2025-02-19,Aston Villa,Liverpool,2,2,1.0227,2.0428
D1,2025-02-21,Freiburg,Werder Bremen,5,0,2.6624,1.2546
E0,2025-02-21,Leicester,Brentford,0,4,0.7279,2.0347
F1,2025-02-21,Rennes,Reims,1,0,3.0636,0.1603
I1,2025-02-21,Lecce,Udinese,0,1,0.4845,1.5244
SP1,2025-02-21,Celta,Osasuna,1,0,2.3189,0.8385
D1,2025-02-22,Dortmund,Union Berlin,6,0,5.4411,0.3654
D1,2025-02-22,Holstein Kiel,Leverkusen,0,2,0.495,2.5556
D1,2025-02-22,M'gladbach,Augsburg,0,3,0.8,1.7391
D1,2025-02-22,Mainz,St Pauli,2,0,1.356,0.9007
D1,2025-02-22,Wolfsburg,Bochum,1,1,2.1614,1.4661
E0,2025-02-22,Arsenal,West Ham,0,1,1.3726,1.0268
E0,2025-02-22,Aston Villa,Chelsea,2,1,2.6941,2.1742
E0,2025-02-22,Bournemouth,Wolves,0,1,0.6297,2.1012
E0,2025-02-22,Everton,Man United,2,2,2.1044,0.6457
E0,2025-02-22,Fulham,Crystal Palace,0,2,0.2343,1.462
E0,2025-02-22,Ipswich,Tottenham,1,4,1.1539,1.5874
E0,2025-02-22,Southampton,Brighton,0,4,0.1541,5.1202
F1,2025-02-22,Auxerre,Marseille,3,0,1.9661,1.2219
F1,2025-02-22,Lille,Monaco,2,1,1.0496,2.7801
F1,2025-02-22,St Etienne,Angers,3,3,1.7003,3.1805
I1,2025-02-22,Inter,Genoa,1,0,1.3989,1.5136
I1,2025-02-22,Parma,Bologna,2,0,1.4111,0.6984
I1,2025-02-22,Torino,Milan,2,1,0.5566,2.1845
I1,2025-02-22,Venezia,Lazio,0,0,0.9957,0.7909
SP1,2025-02-22,Alaves,Espanol,0,1,1.5463,0.4959
SP1,2025-02-22,Las Palmas,Barcelona,0,2,0.431,1.6649
SP1,2025-02-22,Valencia,Ath Madrid,0,3,1.3543,2.3178
SP1,2025-02-22,Vallecano,Villarreal,0,1,0.5143,0.794
D1,2025-02-23,Bayern Munich,Ein Frankfurt,4,0,4.487,0.4928
D1,2025-02-23,Hoffenheim,Stuttgart,1,1,0.7058,3.671
D1,2025-02-23,RB Leipzig,Heidenheim,2,2,1.6451,0.8349
E0,2025-02-23,Man City,Liverpool,0,2,0.5825,0.8071
E0,2025-02-23,Newcastle,Nott'm Forest,4,3,3.4586,2.386
F1,2025-02-23,Le Havre,Toulouse,1,4,1.0425,2.6078
F1,2025-02-23,Lyon,Paris SG,2,3,1.7618,2.7458
F1,2025-02-23,Nantes,Lens,3,1,4.2527,2.0619
F1,2025-02-23,Nice,Montpellier,2,0,2.1412,0.9168
F1,2025-02-23,Strasbourg,Brest,0,0,0.7853,0.499
I1,2025-02-23,Cagliari,Juventus,0,1,0.2256,2.2053
I1,2025-02-23,Como,Napoli,2,1,0.4666,1.1028
I1,2025-02-23,Empoli,Atalanta,0,5,0.7759,2.5062
I1,2025-02-23,Verona,Fiorentina,1,0,0.4508,1.1557
SP1,2025-02-23,Ath Bilbao,Valladolid,7,1,5.3162,0.5988
SP1,2025-02-23,Getafe,Betis,1,2,0.8627,2.3457
SP1,2025-02-23,Real Madrid,Girona,2,0,2.3631,0.3256
SP1,2025-02-23,Sociedad,Leganes,3,0,1.0679,0.2567
I1,2025-02-24,Roma,Monza,4,0,2.1621,0.3322
SP1,2025-02-24,Sevilla,Mallorca,1,1,1.5822,1.6496
E0,2025-02-25,Brighton,Bournemouth,2,1,2.5793,1.7017
E0,2025-02-25,Chelsea,Southampton,4,0,2.9823,0.845
E0,2025-02-25,Crystal Palace,Aston Villa,4,1,4.0252,0.6672
E0,2025-02-25,Wolves,Fulham,1,2,0.929,1.4347
E0,2025-02-26,Brentford,Everton,1,1,1.3401,1.4495
E0,2025-02-26,Liverpool,Newcastle,2,0,1.4003,0.4588
E0,2025-02-26,Man United,Ipswich,3,2,1.402,1.045
E0,2025-02-26,Nott'm Forest,Arsenal,0,0,0.5086,1.3177
E0,2025-02-26,Tottenham,Man City,0,1,1.2843,2.3864
E0,2025-02-27,West Ham,Leicester,2,0,1.7044,0.2896
I1,2025-02-27,Bologna,Milan,2,1,2.3199,1.5554
D1,2025-02-28,Stuttgart,Bayern Munich,1,3,0.6537,2.2994
F1,2025-02-28,Monaco,Reims,3,0,4.0107,0.723
I1,2025-02-28,Fiorentina,Lecce,1,0,1.4382,1.1164
SP1,2025-02-28,Valladolid,Las Palmas,1,1,2.1739,0.1632
D1,2025-03-01,Bochum,Hoffenheim,0,1,1.4452,0.526
D1,2025-03-01,Ein Frankfurt,Leverkusen,1,4,1.0005,2.3702
D1,2025-03-01,Heidenheim,M'gladbach,0,3,1.8771,1.7158
D1,2025-03-01,RB Leipzig,Mainz,1,2,1.784,1.6474
D1,2025-03-01,St Pauli,Dortmund,0,2,0.2935,2.2385
D1,2025-03-01,Werder Bremen,Wolfsburg,1,2,2.1032,1.1167
F1,2025-03-01,Lens,Le Havre,3,4,2.0269,1.7313
F1,2025-03-01,Paris SG,Lille,4,1,3.5985,0.8727
F1,2025-03-01,St Etienne,Nice,1,3,1.019,2.4137
I1,2025-03-01,Atalanta,Venezia,0,0,3.3455,0.3592
I1,2025-03-01,Napoli,Inter,1,1,1.7287,0.4526
I1,2025-03-01,Udinese,Parma,1,0,2.0589,0.6178
SP1,2025-03-01,Ath Madrid,Ath Bilbao,1,0,2.0161,1.5433
SP1,2025-03-01,Betis,Real Madrid,2,1,2.2396,1.0507
SP1,2025-03-01,Girona,Celta,2,2,0.895,1.6476
SP1,2025-03-01,Vallecano,Sevilla,1,1,2.5901,0.8078
D1,2025-03-02,Augsburg,Freiburg,0,0,2.222,0.7992
D1,2025-03-02,Union Berlin,Holstein Kiel,0,1,0.8861,0.6925
F1,2025-03-02,Angers,Toulouse,0,4,0.3638,4.4365
F1,2025-03-02,Auxerre,Strasbourg,0,1,2.0927,1.5256
F1,2025-03-02,Lyon,Brest,2,1,1.5447,1.8928
F1,2025-03-02,Marseille,Nantes,2,0,2.6173,0.8381
F1,2025-03-02,Montpellier,Rennes,0,4,1.603,2.496
I1,2025-03-02,Bologna,Cagliari,2,1,2.258,0.6803
I1,2025-03-02,Genoa,Empoli,1,1,0.2296,1.0098
I1,2025-03-02,Milan,Lazio,1,2,1.2899,2.5311
I1,2025-03-02,Monza,Torino,0,2,0.5821,1.4322
I1,2025-03-02,Roma,Como,2,1,1.5952,1.2963
SP1,2025-03-02,Barcelona,Sociedad,4,0,3.637,0.0
SP1,2025-03-02,Leganes,Getafe,1,0,0.5545,0.585
SP1,2025-03-02,Mallorca,Alaves,1,1,1.8319,1.6376
SP1,2025-03-02,Osasuna,Valencia,3,3,1.2678,1.5498
I1,2025-03-03,Juventus,Verona,2,0,1.9753,0.2698
D1,2025-03-07,M'gladbach,Mainz,1,3,1.2554,1.9889
F1,2025-03-07,Toulouse,Monaco,1,1,1.2539,2.8576
I1,2025-03-07,Cagliari,Genoa,1,1,0.8098,1.4305
D1,2025-03-08,Bayern Munich,Bochum,2,3,2.7289,1.3627
D1,2025-03-08,Dortmund,Augsburg,0,1,1.1105,0.2502
D1,2025-03-08,Freiburg,RB Leipzig,0,0,0.511,2.0281
D1,2025-03-08,Holstein Kiel,Stuttgart,2,2,1.9725,1.0726
D1,2025-03-08,Leverkusen,Werder Bremen,0,2,1.3633,1.677
D1,2025-03-08,Wolfsburg,St Pauli,1,1,1.966,1.237
E0,2025-03-08,Brentford,Aston Villa,0,1,0.6377,1.2964
E0,2025-03-08,Brighton,Fulham,2,1,1.9442,0.7082
E0,2025-03-08,Crystal Palace,Ipswich,1,0,3.1388,1.6328
E0,2025-03-08,Liverpool,Southampton,3,1,4.99,0.5116
E0,2025-03-08,Nott'm Forest,Man City,1,0,0.5015,0.7212
E0,2025-03-08,Wolves,Everton,1,1,0.8124,1.3672
F1,2025-03-08,Lille,Montpellier,1,0,1.7771,0.3059
F1,2025-03-08,Marseille,Lens,0,1,1.1894,1.2399
F1,2025-03-08,Rennes,Paris SG,1,4,2.1092,3.3983
I1,2025-03-08,Como,Venezia,1,1,1.2727,1.8061
I1,2025-03-08,Inter,Monza,3,2,3.0629,0.7791
I1,2025-03-08,Lecce,Milan,2,3,1.1897,3.2799
I1,2025-03-08,Parma,Torino,2,2,1.4874,0.7214
SP1,2025-03-08,Alaves,Villarreal,1,0,1.2148,2.6329
SP1,2025-03-08,Celta,Leganes,2,1,1.071,0.9981
SP1,2025-03-08,Valencia,Valladolid,2,1,2.371,0.6456
D1,2025-03-09,Ein Frankfurt,Union Berlin,1,2,2.0081,0.7258
D1,2025-03-09,Hoffenheim,Heidenheim,1,1,1.7803,2.3132
E0,2025-03-09,Chelsea,Leicester,1,0,1.7684,0.1085
E0,2025-03-09,Man United,Arsenal,1,1,1.3111,1.83
E0,2025-03-09,Tottenham,Bournemouth,2,2,1.3505,2.2254
F1,2025-03-09,Brest,Angers,2,0,4.5361,0.4892
F1,2025-03-09,Le Havre,St Etienne,1,1,2.1548,1.3916
F1,2025-03-09,Nantes,Strasbourg,0,1,0.6613,1.1702
F1,2025-03-09,Nice,Lyon,0,2,1.5059,0.7802
F1,2025-03-09,Reims,Auxerre,0,2,1.8371,1.876
I1,2025-03-09,Empoli,Roma,0,1,0.0772,2.9991
I1,2025-03-09,Juventus,Atalanta,0,4,0.9407,3.9351
I1,2025-03-09,Napoli,Fiorentina,2,1,2.9376,1.0562
I1,2025-03-09,Verona,Bologna,1,2,1.281,1.3818
SP1,2025-03-09,Ath Bilbao,Mallorca,1,1,0.9387,1.0251
SP1,2025-03-09,Betis,Las Palmas,1,0,2.3141,0.4265
SP1,2025-03-09,Getafe,Ath Madrid,2,1,1.3981,1.0214
SP1,2025-03-09,Real Madrid,Vallecano,2,1,1.5944,1.21
SP1,2025-03-09,Sociedad,Sevilla,0,1,0.8039,1.0116
E0,2025-03-10,West Ham,Newcastle,0,1,0.824,1.6298
I1,2025-03-10,Lazio,Udinese,1,1,1.0146,1.2386
SP1,2025-03-10,Espanol,Girona,1,1,0.3253,1.5879
D1,2025-03-14,St Pauli,Hoffenheim,1,0,1.4352,0.1963
F1,2025-03-14,Nice,Auxerre,1,1,2.2914,0.6061
I1,2025-03-14,Genoa,Lecce,2,1,1.0603,1.2045
SP1,2025-03-14,Las Palmas,Alaves,2,2,1.9439,1.4989
D1,2025-03-15,Augsburg,Wolfsburg,1,0,0.599,0.7636
D1,2025-03-15,Mainz,Freiburg,2,2,1.3331,2.9326
D1,2025-03-15,RB Leipzig,Dortmund,2,0,2.5587,4.0954
D1,2025-03-15,Union Berlin,Bayern Munich,1,1,0.8044,1.8355
D1,2025-03-15,Werder Bremen,M'gladbach,2,4,2.9828,2.3206
E0,2025-03-15,Bournemouth,Brentford,1,2,2.0271,1.6032
E0,2025-03-15,Everton,West Ham,1,1,1.189,0.516
E0,2025-03-15,Ipswich,Nott'm Forest,2,4,0.5208,1.3072
E0,2025-03-15,Man City,Brighton,2,2,2.0264,2.1112
E0,2025-03-15,Southampton,Wolves,1,2,1.2821,0.5407
F1,2025-03-15,Angers,Monaco,0,2,0.4978,2.0355
F1,2025-03-15,Lens,Rennes,1,0,0.6438,0.6536
F1,2025-03-15,Nantes,Lille,1,0,2.0099,2.4504
I1,2025-03-15,Milan,Como,2,1,1.728,1.3552
I1,2025-03-15,Monza,Parma,1,1,0.9314,0.6163
I1,2025-03-15,Torino,Empoli,1,0,0.7011,1.7337
I1,2025-03-15,Udinese,Verona,0,1,0.318,0.543
SP1,2025-03-15,Girona,Valencia,1,1,1.1798,1.2197
SP1,2025-03-15,Mallorca,Espanol,2,1,2.5704,0.1843
SP1,2025-03-15,Valladolid,Celta,0,1,0.8394,1.8165
SP1,2025-03-15,Villarreal,Real Madrid,1,2,2.0054,1.1
D1,2025-03-16,Bochum,Ein Frankfurt,1,3,1.8806,3.294
D1,2025-03-16,Heidenheim,Holstein Kiel,3,1,1.6572,1.1499
D1,2025-03-16,Stuttgart,Leverkusen,3,4,2.8502,2.0744
E0,2025-03-16,Arsenal,Chelsea,1,0,0.6957,0.286
E0,2025-03-16,Fulham,Tottenham,2,0,1.0397,1.4086
E0,2025-03-16,Leicester,Man United,0,3,1.3046,1.1389
F1,2025-03-16,Brest,Reims,0,0,0.338,0.9853
F1,2025-03-16,Lyon,Le Havre,4,2,3.5865,1.5611
F1,2025-03-16,Montpellier,St Etienne,0,2,1.3387,1.1379
F1,2025-03-16,Paris SG,Marseille,3,1,2.6086,0.7343
F1,2025-03-16,Strasbourg,Toulouse,2,1,1.9874,1.3969
I1,2025-03-16,Atalanta,Inter,0,2,0.6821,2.2814
I1,2025-03-16,Bologna,Lazio,5,0,2.8543,0.6007
I1,2025-03-16,Fiorentina,Juventus,3,0,0.5083,0.5976
I1,2025-03-16,Roma,Cagliari,1,0,1.6111,1.1005
I1,2025-03-16,Venezia,Napoli,0,0,1.047,1.2665
SP1,2025-03-16,Ath Madrid,Barcelona,2,4,1.0943,2.1622
SP1,2025-03-16,Leganes,Betis,2,3,1.5733,2.9281
SP1,2025-03-16,Osasuna,Getafe,1,2,2.0849,0.9009
SP1,2025-03-16,Sevilla,Ath Bilbao,0,1,0.4593,1.6449
SP1,2025-03-16,Vallecano,Sociedad,2,2,0.5369,0.9055
SP1,2025-03-27,Barcelona,Osasuna,3,0,4.6371,0.5336
D1,2025-03-28,Leverkusen,Bochum,3,1,2.0808,0.7022
F1,2025-03-28,Strasbourg,Lyon,4,2,1.7755,2.8716
D1,2025-03-29,Bayern Munich,St Pauli,3,2,4.0021,0.8413
D1,2025-03-29,Ein Frankfurt,Stuttgart,1,0,3.692,0.8632
D1,2025-03-29,Hoffenheim,Augsburg,1,1,1.9451,0.6886
D1,2025-03-29,Holstein Kiel,Werder Bremen,0,3,0.5648,1.4816
D1,2025-03-29,M'gladbach,RB Leipzig,1,0,1.7954,0.929
D1,2025-03-29,Wolfsburg,Heidenheim,0,1,1.2389,1.3141
F1,2025-03-29,Monaco,Nice,2,1,2.5261,0.6015
F1,2025-03-29,Reims,Marseille,3,1,1.0555,1.0789
F1,2025-03-29,St Etienne,Paris SG,1,6,1.2764,3.9602
I1,2025-03-29,Como,Empoli,1,1,1.9366,1.7851
I1,2025-03-29,Juventus,Genoa,1,0,1.5091,0.2632
I1,2025-03-29,Lecce,Roma,0,1,0.6944,1.9076
I1,2025-03-29,Venezia,Bologna,0,1,0.6833,1.2959
SP1,2025-03-29,Alaves,Vallecano,0,2,1.6006,0.6817
SP1,2025-03-29,Espanol,Ath Madrid,1,1,0.985,0.9945
SP1,2025-03-29,Real Madrid,Leganes,3,2,3.5926,2.3836
SP1,2025-03-29,Sociedad,Valladolid,2,1,1.3281,1.2953
D1,2025-03-30,Dortmund,Mainz,3,1,2.6972,0.6544
D1,2025-03-30,Freiburg,Union Berlin,1,2,1.0102,1.3863
F1,2025-03-30,Angers,Rennes,0,3,1.0485,1.6338
F1,2025-03-30,Auxerre,Montpellier,1,0,2.1168,0.457
F1,2025-03-30,Le Havre,Nantes,3,2,4.0138,1.0658
F1,2025-03-30,Lille,Lens,1,0,1.9549,0.5964
F1,2025-03-30,Toulouse,Brest,2,4,2.4417,1.9912
I1,2025-03-30,Cagliari,Monza,3,0,1.9584,0.963
I1,2025-03-30,Fiorentina,Atalanta,1,0,1.9267,0.9187
I1,2025-03-30,Inter,Udinese,2,1,2.3379,1.3398
I1,2025-03-30,Napoli,Milan,2,1,0.9451,2.2562
SP1,2025-03-30,Ath Bilbao,Osasuna,0,0,0.7595,0.565
SP1,2025-03-30,Barcelona,Girona,4,1,2.7533,0.4908
SP1,2025-03-30,Betis,Sevilla,2,1,0.8942,0.8676
SP1,2025-03-30,Getafe,Villarreal,1,2,0.9401,1.3847
SP1,2025-03-30,Valencia,Mallorca,1,0,0.7315,0.6578
I1,2025-03-31,Lazio,Torino,1,1,1.9378,0.6327
I1,2025-03-31,Verona,Parma,0,0,0.7652,0.5015
SP1,2025-03-31,Celta,Las Palmas,1,1,1.0766,0.5273
E0,2025-04-01,Arsenal,Fulham,2,1,2.3019,1.4421
E0,2025-04-01,Nott'm Forest,Man United,1,0,0.5121,1.8669
E0,2025-04-01,Wolves,West Ham,1,0,1.1036,1.7306
E0,2025-04-02,Bournemouth,Ipswich,1,2,1.9964,1.4126
E0,2025-04-02,Brighton,Aston Villa,0,3,0.558,1.2071
E0,2025-04-02,Liverpool,Everton,1,0,1.2972,0.8231
E0,2025-04-02,Man City,Leicester,2,0,2.0716,0.1047
E0,2025-04-02,Newcastle,Brentford,2,1,2.2658,1.532
E0,2025-04-02,Southampton,Crystal Palace,1,1,0.6873,0.9378
E0,2025-04-03,Chelsea,Tottenham,1,0,1.3044,1.4027
D1,2025-04-04,Augsburg,Bayern Munich,1,3,0.5677,1.9165
F1,2025-04-04,Nice,Nantes,1,2,2.1792,0.9451
I1,2025-04-04,Genoa,Udinese,1,0,1.6549,1.1111
SP1,2025-04-04,Vallecano,Espanol,0,4,0.5013,3.4874
D1,2025-04-05,Bochum,Stuttgart,0,4,0.8158,2.6466
D1,2025-04-05,Freiburg,Dortmund,1,4,2.0279,3.5549
D1,2025-04-05,Heidenheim,Leverkusen,0,1,1.3023,0.3674
D1,2025-04-05,Mainz,Holstein Kiel,1,1,1.6521,1.6627
D1,2025-04-05,RB Leipzig,Hoffenheim,3,1,1.4012,1.1862
D1,2025-04-05,Werder Bremen,Ein Frankfurt,2,0,1.2271,0.5151
E0,2025-04-05,Aston Villa,Nott'm Forest,2,1,2.6335,0.9677
E0,2025-04-05,Crystal Palace,Brighton,2,1,0.444,1.2723
E0,2025-04-05,Everton,Arsenal,1,1,1.2288,1.4031
E0,2025-04-05,Ipswich,Wolves,1,2,0.8724,2.8096
E0,2025-04-05,West Ham,Bournemouth,2,2,0.9078,1.9487
F1,2025-04-05,Brest,Monaco,2,1,0.907,1.7548
F1,2025-04-05,Lyon,Lille,2,1,1.754,0.6569
F1,2025-04-05,Paris SG,Angers,1,0,1.6438,0.2804
I1,2025-04-05,Milan,Fiorentina,2,2,2.1782,3.0494
I1,2025-04-05,Monza,Como,1,3,1.0597,2.2703
I1,2025-04-05,Parma,Inter,2,2,1.6611,2.1794
SP1,2025-04-05,Barcelona,Betis,1,1,1.4684,0.2499
SP1,2025-04-05,Girona,Alaves,0,1,1.7331,0.8057
SP1,2025-04-05,Mallorca,Celta,1,2,0.67,1.1206
SP1,2025-04-05,Real Madrid,Valencia,1,2,3.3612,1.09
D1,2025-04-06,St Pauli,M'gladbach,1,1,2.1944,0.6466
D1,2025-04-06,Union Berlin,Wolfsburg,1,0,1.5507,1.7962
E0,2025-04-06,Brentford,Chelsea,0,0,1.3612,1.4783
E0,2025-04-06,Fulham,Liverpool,3,2,1.7276,1.4064
E0,2025-04-06,Man United,Man City,0,0,1.2332,0.6879
E0,2025-04-06,Tottenham,Southampton,3,1,2.648,0.7804
F1,2025-04-06,Lens,St Etienne,1,0,2.5042,1.6923
F1,2025-04-06,Marseille,Toulouse,3,2,1.1322,1.3062
F1,2025-04-06,Montpellier,Le Havre,0,2,0.9561,1.7298
F1,2025-04-06,Reims,Strasbourg,0,1,0.8911,2.8031
F1,2025-04-06,Rennes,Auxerre,0,1,1.0643,1.106
I1,2025-04-06,Atalanta,Lazio,0,1,1.0402,0.5231
I1,2025-04-06,Empoli,Cagliari,0,0,0.3866,0.1628
I1,2025-04-06,Lecce,Venezia,1,1,1.5014,0.8988
I1,2025-04-06,Roma,Juventus,1,1,1.3716,0.9946
I1,2025-04-06,Torino,Verona,1,1,0.9639,1.3244
SP1,2025-04-06,Las Palmas,Sociedad,1,3,1.7539,2.815
SP1,2025-04-06,Sevilla,Ath Madrid,1,2,0.8187,1.2365
SP1,2025-04-06,Valladolid,Getafe,0,4,0.301,2.8029
SP1,2025-04-06,Villarreal,Ath Bilbao,0,0,1.5949,0.9987
E0,2025-04-07,Leicester,Newcastle,0,3,0.3546,3.4411
I1,2025-04-07,Bologna,Napoli,1,1,1.1105,0.9986
SP1,2025-04-07,Leganes,Osasuna,1,1,2.2233,2.0741
D1,2025-04-11,Wolfsburg,RB Leipzig,2,3,1.8436,1.6006
F1,2025-04-11,Lens,Reims,0,2,2.7192,1.4486
I1,2025-04-11,Udinese,Milan,0,4,0.6446,2.4963
SP1,2025-04-11,Valencia,Sevilla,1,0,1.4263,0.9105
D1,2025-04-12,Bayern Munich,Dortmund,2,2,2.9471,1.7168
D1,2025-04-12,Bochum,Augsburg,1,2,1.861,1.0254
D1,2025-04-12,Hoffenheim,Mainz,2,0,1.4239,0.9696
D1,2025-04-12,Holstein Kiel,St Pauli,1,2,0.6927,1.0661
D1,2025-04-12,Leverkusen,Union Berlin,0,0,0.4955,0.5138
D1,2025-04-12,M'gladbach,Freiburg,1,2,0.5248,2.317
E0,2025-04-12,Arsenal,Brentford,1,1,0.7674,0.5886
E0,2025-04-12,Brighton,Leicester,2,2,3.6978,1.9844
E0,2025-04-12,Man City,Crystal Palace,5,2,4.5972,1.3381
E0,2025-04-12,Nott'm Forest,Everton,0,1,0.4239,1.2604
E0,2025-04-12,Southampton,Aston Villa,0,3,0.4123,2.9993
F1,2025-04-12,Monaco,Marseille,3,0,2.9152,0.8777
F1,2025-04-12,Strasbourg,Nice,2,2,0.789,1.8383
F1,2025-04-12,Toulouse,Lille,1,2,0.982,0.5997
I1,2025-04-12,Inter,Cagliari,3,1,1.716,0.9143
I1,2025-04-12,Juventus,Lecce,2,1,1.9557,0.9405
I1,2025-04-12,Venezia,Monza,1,0,1.6227,0.5905
SP1,2025-04-12,Celta,Espanol,0,2,0.8244,0.7808
SP1,2025-04-12,Getafe,Las Palmas,1,3,1.6178,1.5422
SP1,2025-04-12,Leganes,Barcelona,0,1,0.5988,1.1011
SP1,2025-04-12,Sociedad,Mallorca,0,2,0.6168,0.8011
D1,2025-04-13,Ein Frankfurt,Heidenheim,3,0,3.6452,1.2884
D1,2025-04-13,Stuttgart,Werder Bremen,1,2,1.7544,1.6544
E0,2025-04-13,Chelsea,Ipswich,2,2,2.9076,1.603
E0,2025-04-13,Liverpool,West Ham,2,1,1.429,1.466
E0,2025-04-13,Newcastle,Man United,4,1,2.6383,0.7866
E0,2025-04-13,Wolves,Tottenham,4,2,2.2298,1.6289
F1,2025-04-13,Angers,Montpellier,2,0,1.771,0.4525
F1,2025-04-13,Auxerre,Lyon,1,3,1.004,3.118
F1,2025-04-13,Le Havre,Rennes,1,5,0.718,3.7219
F1,2025-04-13,St Etienne,Brest,3,3,1.0233,2.0138
I1,2025-04-13,Atalanta,Bologna,2,0,1.1585,0.5468
I1,2025-04-13,Como,Torino,1,0,1.2308,1.0416
I1,2025-04-13,Fiorentina,Parma,0,0,0.6707,0.6163
I1,2025-04-13,Lazio,Roma,1,1,1.9212,0.2217
I1,2025-04-13,Verona,Genoa,0,0,1.0008,0.1118
SP1,2025-04-13,Alaves,Real Madrid,0,1,0.6078,1.2654
SP1,2025-04-13,Ath Bilbao,Vallecano,3,1,1.9765,1.8188
SP1,2025-04-13,Betis,Villarreal,1,2,2.0405,1.3261
SP1,2025-04-13,Osasuna,Girona,2,1,1.6885,0.5743
E0,2025-04-14,Bournemouth,Fulham,1,0,1.8577,1.072
I1,2025-04-14,Napoli,Empoli,3,0,2.1372,1.3728
SP1,2025-04-14,Ath Madrid,Valladolid,4,2,4.0629,1.3802
E0,2025-04-16,Newcastle,Crystal Palace,5,0,2.3295,2.3755
F1,2025-04-18,Rennes,Nantes,2,1,2.5299,0.7023
SP1,2025-04-18,Espanol,Getafe,1,0,0.3673,0.7366
D1,2025-04-19,Freiburg,Hoffenheim,3,2,1.5497,1.947
D1,2025-04-19,Heidenheim,Bayern Munich,0,4,0.5298,3.5419
D1,2025-04-19,Mainz,Wolfsburg,2,2,2.6824,1.808
D1,2025-04-19,RB Leipzig,Holstein Kiel,1,1,2.1676,1.017
D1,2025-04-19,Union Berlin,Stuttgart,4,4,2.1612,1.19
D1,2025-04-19,Werder Bremen,Bochum,1,0,2.7092,0.4947
E0,2025-04-19,Aston Villa,Newcastle,4,1,3.0537,1.2718
E0,2025-04-19,Brentford,Brighton,4,2,2.9552,1.2411
E0,2025-04-19,Crystal Palace,Bournemouth,0,0,0.3378,0.6641
E0,2025-04-19,Everton,Man City,0,2,0.8168,1.8799
E0,2025-04-19,West Ham,Southampton,1,1,0.9842,0.9229
F1,2025-04-19,Marseille,Montpellier,5,1,3.8223,0.3041
F1,2025-04-19,Monaco,Strasbourg,0,0,0.9699,0.3402
F1,2025-04-19,Paris SG,Le Havre,2,1,3.1923,0.7093
I1,2025-04-19,Lecce,Como,0,3,0.6667,1.6539
I1,2025-04-19,Monza,Napoli,0,1,0.8748,1.6665
I1,2025-04-19,Roma,Verona,1,0,1.247,0.3303
SP1,2025-04-19,Barcelona,Celta,4,3,2.5659,2.505
SP1,2025-04-19,Las Palmas,Ath Madrid,1,0,0.7684,0.7571
SP1,2025-04-19,Mallorca,Leganes,0,0,1.0692,0.9518
SP1,2025-04-19,Vallecano,Valencia,1,1,0.7223,2.0628
D1,2025-04-20,Augsburg,Ein Frankfurt,0,0,1.1421,1.3955
D1,2025-04-20,Dortmund,M'gladbach,3,2,1.1846,1.2185
D1,2025-04-20,St Pauli,Leverkusen,1,1,2.3164,1.1349
E0,2025-04-20,Fulham,Chelsea,1,2,0.3061,0.7517
E0,2025-04-20,Ipswich,Arsenal,0,4,0.1929,2.8136
E0,2025-04-20,Leicester,Liverpool,0,1,0.2322,4.5271
E0,2025-04-20,Man United,Wolves,0,1,1.1397,0.1878
F1,2025-04-20,Brest,Lens,1,3,1.054,2.9855
F1,2025-04-20,Lille,Auxerre,3,1,2.9705,0.2809
F1,2025-04-20,Nice,Angers,2,1,2.7257,0.2786
F1,2025-04-20,Reims,Toulouse,1,0,0.6595,1.3273
F1,2025-04-20,St Etienne,Lyon,2,1,1.7465,0.6323
I1,2025-04-20,Bologna,Inter,1,0,1.0878,0.6611
I1,2025-04-20,Empoli,Venezia,2,2,1.1467,1.4845
I1,2025-04-20,Milan,Atalanta,0,1,0.4953,2.0783
SP1,2025-04-20,Real Madrid,Ath Bilbao,1,0,2.4067,0.1325
SP1,2025-04-20,Sevilla,Alaves,1,1,1.8961,1.3031
SP1,2025-04-20,Valladolid,Osasuna,2,3,1.4546,2.362
SP1,2025-04-20,Villarreal,Sociedad,2,2,2.145,2.2978
E0,2025-04-21,Tottenham,Nott'm Forest,1,2,2.4024,0.5577
SP1,2025-04-21,Girona,Betis,1,3,1.1033,2.2825
E0,2025-04-22,Man City,Aston Villa,2,1,1.3623,1.8591
F1,2025-04-22,Nantes,Paris SG,1,1,0.5209,2.3055
SP1,2025-04-22,Barcelona,Mallorca,1,0,3.4346,0.3266
SP1,2025-04-22,Valencia,Espanol,1,1,1.079,0.3442
E0,2025-04-23,Arsenal,Crystal Palace,2,2,1.9215,2.5051
I1,2025-04-23,Cagliari,Fiorentina,1,2,0.3674,0.7014
I1,2025-04-23,Genoa,Lazio,0,2,0.4706,1.3368
I1,2025-04-23,Parma,Juventus,1,0,0.7848,0.7772
I1,2025-04-23,Torino,Udinese,2,0,0.9492,0.9499
SP1,2025-04-23,Alaves,Sociedad,1,0,0.8155,0.4721
SP1,2025-04-23,Ath Bilbao,Las Palmas,1,0,2.638,1.0177
SP1,2025-04-23,Celta,Villarreal,3,0,3.1968,0.5946
SP1,2025-04-23,Getafe,Real Madrid,0,1,2.5356,1.748
SP1,2025-04-24,Ath Madrid,Vallecano,3,0,3.3453,1.1319
SP1,2025-04-24,Betis,Valladolid,5,1,2.267,0.8397
SP1,2025-04-24,Leganes,Girona,1,1,0.3308,0.7641
SP1,2025-04-24,Osasuna,Sevilla,1,0,0.3737,0.9344
D1,2025-04-25,Stuttgart,Heidenheim,0,1,1.917,0.5226
F1,2025-04-25,Paris SG,Nice,1,3,4.507,1.63
D1,2025-04-26,Bayern Munich,Mainz,3,0,1.7014,0.9239
D1,2025-04-26,Ein Frankfurt,RB Leipzig,4,0,2.2394,0.3163
D1,2025-04-26,Hoffenheim,Dortmund,2,3,1.1903,2.4153
D1,2025-04-26,Holstein Kiel,M'gladbach,4,3,3.0385,2.551
D1,2025-04-26,Leverkusen,Augsburg,2,0,1.0378,0.6409
D1,2025-04-26,Wolfsburg,Freiburg,0,1,0.288,1.9582
E0,2025-04-26,Brighton,West Ham,3,2,1.2943,1.2413
E0,2025-04-26,Chelsea,Everton,1,0,0.7683,0.9168
E0,2025-04-26,Newcastle,Ipswich,3,0,4.1154,0.1272
E0,2025-04-26,Southampton,Fulham,1,2,0.9356,1.9956
E0,2025-04-26,Wolves,Leicester,3,0,2.5767,1.0498
F1,2025-04-26,Le Havre,Monaco,1,1,0.8078,3.2895
F1,2025-04-26,Lyon,Rennes,4,1,2.2588,0.7816
F1,2025-04-26,Strasbourg,St Etienne,3,1,2.8346,2.2201
D1,2025-04-27,Bochum,Union Berlin,1,1,1.5178,0.499
D1,2025-04-27,Werder Bremen,St Pauli,0,0,1.5506,0.8308
E0,2025-04-27,Bournemouth,Man United,1,1,0.6099,1.9104
E0,2025-04-27,Liverpool,Tottenham,5,1,2.511,0.5128
F1,2025-04-27,Angers,Lille,0,2,0.917,2.226
F1,2025-04-27,Lens,Auxerre,0,4,2.3146,2.3841
F1,2025-04-27,Marseille,Brest,4,1,1.1257,2.0091
F1,2025-04-27,Montpellier,Reims,0,0,0.9497,1.0371
F1,2025-04-27,Nantes,Toulouse,0,0,1.3376,0.411
I1,2025-04-27,Atalanta,Lecce,1,1,2.4584,1.454
I1,2025-04-27,Como,Genoa,1,0,1.8037,1.0458
I1,2025-04-27,Fiorentina,Empoli,2,1,0.6551,0.4659
I1,2025-04-27,Inter,Roma,0,1,1.103,2.7983
I1,2025-04-27,Juventus,Monza,2,0,1.1468,0.6218
I1,2025-04-27,Napoli,Torino,2,0,1.2327,0.6605
I1,2025-04-27,Venezia,Milan,0,2,1.0063,1.466
SP1,2025-04-27,Villarreal,Espanol,1,0,1.3541,1.5352
I1,2025-04-28,Lazio,Parma,2,2,1.7767,1.09
I1,2025-04-28,Udinese,Bologna,0,0,0.3872,1.1774
I1,2025-04-28,Verona,Cagliari,0,2,0.2703,1.8745
E0,2025-05-01,Nott'm Forest,Brentford,0,2,0.6706,1.5205
D1,2025-05-02,Heidenheim,Bochum,0,0,0.464,1.8131
E0,2025-05-02,Man City,Wolves,1,0,0.8595,0.6225
F1,2025-05-02,Nice,Reims,1,0,1.2118,0.8762
I1,2025-05-02,Torino,Venezia,1,1,1.7454,1.0748
SP1,2025-05-02,Vallecano,Getafe,1,0,1.2162,0.8041
D1,2025-05-03,Dortmund,Wolfsburg,4,0,2.55,1.3634
D1,2025-05-03,M'gladbach,Hoffenheim,4,4,1.9183,1.9109
D1,2025-05-03,RB Leipzig,Bayern Munich,3,3,1.749,1.9721
D1,2025-05-03,St Pauli,Stuttgart,0,1,0.2132,3.5633
D1,2025-05-03,Union Berlin,Werder Bremen,2,2,1.3534,1.3578
E0,2025-05-03,Arsenal,Bournemouth,1,2,2.0548,1.4178
E0,2025-05-03,Aston Villa,Fulham,1,0,1.2901,0.7028
E0,2025-05-03,Everton,Ipswich,2,2,0.8085,1.1435
E0,2025-05-03,Leicester,Southampton,2,0,1.6074,0.5508
F1,2025-05-03,St Etienne,Monaco,1,3,1.1696,1.8441
F1,2025-05-03,Strasbourg,Paris SG,2,1,1.4206,2.3593
F1,2025-05-03,Toulouse,Rennes,2,1,1.0139,1.5774
I1,2025-05-03,Cagliari,Udinese,1,2,0.9545,1.9207
I1,2025-05-03,Inter,Verona,1,0,1.599,0.3033
I1,2025-05-03,Lecce,Napoli,0,1,0.2767,0.8451
I1,2025-05-03,Parma,Como,0,1,2.7452,1.3282
SP1,2025-05-03,Alaves,Ath Madrid,0,0,0.9081,0.3914
SP1,2025-05-03,Las Palmas,Valencia,2,3,1.8099,1.6731
SP1,2025-05-03,Valladolid,Barcelona,1,2,0.7456,2.2117
SP1,2025-05-03,Villarreal,Osasuna,4,2,2.3004,1.4141
D1,2025-05-04,Augsburg,Holstein Kiel,1,3,3.93,2.1041
D1,2025-05-04,Freiburg,Leverkusen,2,2,0.9045,0.2278
D1,2025-05-04,Mainz,Ein Frankfurt,1,1,1.6425,1.3876
E0,2025-05-04,Brentford,Man United,4,3,3.5874,1.134
E0,2025-05-04,Brighton,Newcastle,1,1,0.6879,1.6378
E0,2025-05-04,Chelsea,Liverpool,3,1,3.5194,1.4267
E0,2025-05-04,West Ham,Tottenham,1,1,1.1517,0.847
F1,2025-05-04,Auxerre,Le Havre,1,2,0.3228,1.3029
F1,2025-05-04,Brest,Montpellier,1,0,1.3419,0.4138
F1,2025-05-04,Lille,Marseille,1,1,0.6827,1.4257
F1,2025-05-04,Lyon,Lens,1,2,1.1801,0.9528
F1,2025-05-04,Nantes,Angers,0,1,0.1413,0.728
I1,2025-05-04,Bologna,Juventus,1,1,0.3904,0.6812
I1,2025-05-04,Empoli,Lazio,0,1,0.1832,1.1265
I1,2025-05-04,Monza,Atalanta,0,4,0.8274,3.0508
I1,2025-05-04,Roma,Fiorentina,1,0,1.0013,0.7605
SP1,2025-05-04,Espanol,Betis,1,2,0.8732,1.0563
SP1,2025-05-04,Real Madrid,Celta,3,2,3.0741,2.1307
SP1,2025-05-04,Sevilla,Leganes,2,2,2.3374,0.8049
SP1,2025-05-04,Sociedad,Ath Bilbao,0,0,0.8932,0.2329
E0,2025-05-05,Crystal Palace,Nott'm Forest,1,1,2.3404,0.6368
I1,2025-05-05,Genoa,Milan,1,2,0.5479,1.2995
SP1,2025-05-05,Girona,Mallorca,1,0,1.7781,0.4881
D1,2025-05-09,Wolfsburg,Hoffenheim,2,2,1.3676,1.1088
I1,2025-05-09,Milan,Bologna,3,1,1.5534,0.3614
SP1,2025-05-09,Las Palmas,Vallecano,0,1,0.7214,1.0078
D1,2025-05-10,Bayern Munich,M'gladbach,2,0,2.7831,1.3554
D1,2025-05-10,Bochum,Mainz,1,4,0.735,2.4876
D1,2025-05-10,Holstein Kiel,Freiburg,1,2,0.9743,2.0156
D1,2025-05-10,Union Berlin,Heidenheim,0,3,0.5289,1.8618
D1,2025-05-10,Werder Bremen,RB Leipzig,0,0,3.2062,1.394
E0,2025-05-10,Bournemouth,Aston Villa,0,1,1.0227,1.1238
E0,2025-05-10,Fulham,Everton,1,3,1.2087,1.326
E0,2025-05-10,Ipswich,Brentford,0,1,0.7174,1.3208
E0,2025-05-10,Southampton,Man City,0,0,0.137,1.5846
E0,2025-05-10,Wolves,Brighton,0,2,0.7339,1.4125
F1,2025-05-10,Angers,Strasbourg,2,1,1.3306,0.7101
F1,2025-05-10,Auxerre,Nantes,1,1,0.6245,0.8234
F1,2025-05-10,Brest,Lille,2,0,1.8859,1.8448
F1,2025-05-10,Le Havre,Marseille,1,3,1.103,2.1613
F1,2025-05-10,Monaco,Lyon,2,0,1.4866,0.3904
F1,2025-05-10,Montpellier,Paris SG,1,4,0.5945,1.7822
F1,2025-05-10,Reims,St Etienne,0,2,1.1227,0.7106
F1,2025-05-10,Rennes,Nice,2,0,2.0674,1.2346
F1,2025-05-10,Toulouse,Lens,1,1,1.1241,0.7664
I1,2025-05-10,Como,Cagliari,3,1,1.9328,1.2249
I1,2025-05-10,Empoli,Parma,2,1,0.9898,0.4047
I1,2025-05-10,Lazio,Juventus,1,1,1.5112,1.1793
SP1,2025-05-10,Ath Madrid,Sociedad,4,0,1.7153,0.2987
SP1,2025-05-10,Celta,Sevilla,3,2,0.9595,2.6139
SP1,2025-05-10,Girona,Villarreal,0,1,0.2802,2.2824
SP1,2025-05-10,Mallorca,Valladolid,2,1,1.7564,2.7639
SP1,2025-05-10,Valencia,Getafe,3,0,2.974,0.5901
D1,2025-05-11,Ein Frankfurt,St Pauli,2,2,1.8203,0.6669
D1,2025-05-11,Leverkusen,Dortmund,2,4,1.9047,1.3948
D1,2025-05-11,Stuttgart,Augsburg,4,0,4.9723,0.3818
E0,2025-05-11,Liverpool,Arsenal,2,2,2.7468,2.1879
E0,2025-05-11,Man United,West Ham,0,2,2.3129,2.1599
E0,2025-05-11,Newcastle,Chelsea,2,0,1.6703,0.6464
E0,2025-05-11,Nott'm Forest,Leicester,2,2,1.7691,1.2295
E0,2025-05-11,Tottenham,Crystal Palace,0,2,0.8068,3.9855
I1,2025-05-11,Napoli,Genoa,2,2,2.3524,0.6484
I1,2025-05-11,Torino,Inter,0,2,1.7669,2.4892
I1,2025-05-11,Udinese,Monza,1,2,1.4577,1.6317
I1,2025-05-11,Verona,Lecce,1,1,0.481,1.2497
SP1,2025-05-11,Ath Bilbao,Alaves,1,0,1.3505,0.6428
SP1,2025-05-11,Barcelona,Real Madrid,4,3,4.1063,2.5616
SP1,2025-05-11,Betis,Osasuna,1,1,0.3593,2.2272
SP1,2025-05-11,Leganes,Espanol,3,2,2.0578,1.5774
I1,2025-05-12,Atalanta,Roma,2,1,2.8754,0.5723
I1,2025-05-12,Venezia,Fiorentina,2,1,2.2599,0.9945
SP1,2025-05-13,Sevilla,Las Palmas,1,0,0.9313,0.3991
SP1,2025-05-13,Sociedad,Celta,0,1,3.3132,1.2994
SP1,2025-05-13,Valladolid,Girona,0,1,1.3069,1.5675
SP1,2025-05-14,Alaves,Valencia,1,0,2.0626,0.5848
SP1,2025-05-14,Real Madrid,Mallorca,2,1,3.4617,0.4752
SP1,2025-05-14,Villarreal,Leganes,3,0,2.2889,1.1903
SP1,2025-05-15,Espanol,Barcelona,0,2,1.5153,0.7359
SP1,2025-05-15,Getafe,Ath Bilbao,0,2,0.7338,1.3334
SP1,2025-05-15,Osasuna,Ath Madrid,2,0,1.0747,1.3409
SP1,2025-05-15,Vallecano,Betis,2,2,1.302,1.1713
E0,2025-05-16,Aston Villa,Tottenham,2,0,1.6906,0.523
E0,2025-05-16,Chelsea,Man United,1,0,1.2957,0.3376
D1,2025-05-17,Augsburg,Union Berlin,1,2,1.5793,1.1414
D1,2025-05-17,Dortmund,Holstein Kiel,3,0,2.5607,0.5745
D1,2025-05-17,Freiburg,Ein Frankfurt,1,3,1.14,2.6181
D1,2025-05-17,Heidenheim,Werder Bremen,1,4,1.7571,2.2061
D1,2025-05-17,Hoffenheim,Bayern Munich,0,4,0.6614,2.2143
D1,2025-05-17,M'gladbach,Wolfsburg,0,1,0.7445,1.5757
D1,2025-05-17,Mainz,Leverkusen,2,2,2.899,1.3357
D1,2025-05-17,RB Leipzig,Stuttgart,2,3,1.4237,3.3462
D1,2025-05-17,St Pauli,Bochum,0,2,0.8027,1.3425
F1,2025-05-17,Lens,Monaco,4,0,2.4905,0.4812
F1,2025-05-17,Lille,Reims,2,1,2.3162,0.0983
F1,2025-05-17,Lyon,Angers,2,0,3.7582,0.5566
F1,2025-05-17,Marseille,Rennes,4,2,4.0656,1.4032
F1,2025-05-17,Nantes,Montpellier,3,0,3.0066,0.6028
F1,2025-05-17,Nice,Brest,6,0,5.0223,0.689
F1,2025-05-17,Paris SG,Auxerre,3,1,3.7197,0.9013
F1,2025-05-17,St Etienne,Toulouse,2,3,1.327,3.8222
F1,2025-05-17,Strasbourg,Le Havre,2,3,1.7441,2.4953
E0,2025-05-18,Arsenal,Newcastle,1,0,1.1596,2.2463
E0,2025-05-18,Brentford,Fulham,2,3,2.4304,1.6174
E0,2025-05-18,Everton,Southampton,2,0,2.6779,1.0502
E0,2025-05-18,Leicester,Ipswich,2,0,0.7885,1.3696
E0,2025-05-18,West Ham,Nott'm Forest,1,2,0.8505,2.1476
I1,2025-05-18,Cagliari,Venezia,3,0,2.7511,0.7731
I1,2025-05-18,Fiorentina,Bologna,3,2,1.4302,1.5195
I1,2025-05-18,Genoa,Atalanta,2,3,1.4406,1.5693
I1,2025-05-18,Inter,Lazio,2,2,1.5936,2.335
I1,2025-05-18,Juventus,Udinese,2,0,2.6136,0.3589
I1,2025-05-18,Lecce,Torino,1,0,0.9708,0.4764
I1,2025-05-18,Monza,Empoli,1,3,1.0318,1.9585
I1,2025-05-18,Parma,Napoli,0,0,0.2968,0.3797
I1,2025-05-18,Roma,Milan,3,1,1.5766,1.7859
I1,2025-05-18,Verona,Como,1,1,1.554,1.1244
SP1,2025-05-18,Ath Madrid,Betis,4,1,4.9428,0.8219
SP1,2025-05-18,Barcelona,Villarreal,2,3,1.569,1.9618
SP1,2025-05-18,Celta,Vallecano,1,2,2.4242,0.9069
SP1,2025-05-18,Las Palmas,Leganes,0,1,0.5137,1.0627
SP1,2025-05-18,Mallorca,Getafe,1,2,0.8091,1.5598
SP1,2025-05-18,Osasuna,Espanol,2,0,1.925,0.5723
SP1,2025-05-18,Sevilla,Real Madrid,0,2,0.4849,1.9599
SP1,2025-05-18,Sociedad,Girona,3,2,1.8725,1.6451
SP1,2025-05-18,Valencia,Ath Bilbao,0,1,0.3887,1.1621
SP1,2025-05-18,Valladolid,Alaves,0,1,0.8905,1.2269
E0,2025-05-19,Brighton,Liverpool,3,2,2.1779,3.065
E0,2025-05-20,Crystal Palace,Wolves,4,2,1.6845,1.4289
E0,2025-05-20,Man City,Bournemouth,3,1,1.5978,0.962
I1,2025-05-23,Como,Inter,0,2,1.4903,2.2779
I1,2025-05-23,Napoli,Cagliari,2,0,2.1612,0.097
SP1,2025-05-23,Betis,Valencia,1,1,1.1529,0.6477
I1,2025-05-24,Bologna,Genoa,1,3,0.6284,1.1734
I1,2025-05-24,Milan,Monza,2,0,1.9927,0.5166
SP1,2025-05-24,Alaves,Osasuna,1,1,1.5747,1.881
SP1,2025-05-24,Espanol,Las Palmas,2,0,1.7217,0.7355
SP1,2025-05-24,Getafe,Celta,1,2,0.359,1.3082
SP1,2025-05-24,Leganes,Valladolid,3,0,1.7474,0.4794
SP1,2025-05-24,Real Madrid,Sociedad,2,0,2.6191,1.185
SP1,2025-05-24,Vallecano,Mallorca,0,0,2.1198,0.7479
E0,2025-05-25,Bournemouth,Leicester,2,0,2.7245,0.1567
E0,2025-05-25,Fulham,Man City,0,2,2.218,2.4592
E0,2025-05-25,Ipswich,West Ham,1,3,0.8931,0.9674
E0,2025-05-25,Liverpool,Crystal Palace,1,1,1.9212,1.4144
E0,2025-05-25,Man United,Aston Villa,2,0,2.9626,0.3352
E0,2025-05-25,Newcastle,Everton,0,1,1.1591,1.0728
E0,2025-05-25,Nott'm Forest,Chelsea,0,1,1.5801,1.3087
E0,2025-05-25,Southampton,Arsenal,1,2,0.5981,2.4071
E0,2025-05-25,Tottenham,Brighton,1,4,1.8526,3.1162
E0,2025-05-25,Wolves,Brentford,1,1,1.1089,1.972
I1,2025-05-25,Atalanta,Parma,2,3,1.9026,2.8253
I1,2025-05-25,Empoli,Verona,1,2,1.2335,0.8338
I1,2025-05-25,Lazio,Lecce,0,1,1.7352,0.7087
I1,2025-05-25,Torino,Roma,0,2,0.3811,2.6444
I1,2025-05-25,Udinese,Fiorentina,2,3,1.6171,3.0646
I1,2025-05-25,Venezia,Juventus,2,3,1.0133,1.6695
SP1,2025-05-25,Ath Bilbao,Barcelona,0,3,0.7508,3.364
SP1,2025-05-25,Girona,Ath Madrid,0,4,0.0503,3.1064
SP1,2025-05-25,Villarreal,Sevilla,4,2,1.288,1.6483
E0,2025-08-15,Liverpool,Bournemouth,4,2,2.3301,1.573
F1,2025-08-15,Rennes,Marseille,1,0,1.3142,2.073
SP1,2025-08-15,Girona,Vallecano,1,3,0.7953,3.2536
SP1,2025-08-15,Villarreal,Oviedo,2,0,2.6074,0.8558
E0,2025-08-16,Aston Villa,Newcastle,0,0,0.3186,1.401
E0,2025-08-16,Brighton,Fulham,1,1,1.4401,0.9029
E0,2025-08-16,Sunderland,West Ham,3,0,0.7244,0.5589
E0,2025-08-16,Tottenham,Burnley,3,0,1.9786,0.7341
E0,2025-08-16,Wolves,Man City,0,4,0.5194,2.299
F1,2025-08-16,Lens,Lyon,0,1,1.8745,1.615
F1,2025-08-16,Monaco,Le Havre,3,1,1.8805,0.4275
F1,2025-08-16,Nice,Toulouse,0,1,0.9555,0.5695
SP1,2025-08-16,Alaves,Levante,2,1,1.7231,0.742
SP1,2025-08-16,Mallorca,Barcelona,0,3,0.5292,2.0243
SP1,2025-08-16,Valencia,Sociedad,1,1,1.586,1.049
E0,2025-08-17,Chelsea,Crystal Palace,0,0,1.3679,1.0341
E0,2025-08-17,Man United,Arsenal,0,1,1.3765,1.3304
E0,2025-08-17,Nott'm Forest,Brentford,3,1,1.7555,1.3252
F1,2025-08-17,Angers,Paris FC,1,0,0.8214,0.7113
F1,2025-08-17,Auxerre,Lorient,1,0,1.4925,1.8452
F1,2025-08-17,Brest,Lille,3,3,1.4957,1.8422
F1,2025-08-17,Metz,Strasbourg,0,1,0.1845,0.731
F1,2025-08-17,Nantes,Paris SG,0,1,0.1244,1.3568
SP1,2025-08-17,Ath Bilbao,Sevilla,3,2,2.6759,0.9016
SP1,2025-08-17,Celta,Getafe,0,2,0.7442,1.5013
SP1,2025-08-17,Espanol,Ath Madrid,2,1,1.4151,1.2932
E0,2025-08-18,Leeds,Everton,1,0,2.3812,0.6743
SP1,2025-08-18,Elche,Betis,1,1,0.9815,1.5956
SP1,2025-08-19,Real Madrid,Osasuna,1,0,1.4294,0.201
D1,2025-08-22,Bayern Munich,RB Leipzig,6,0,3.2988,0.5223
E0,2025-08-22,West Ham,Chelsea,1,5,0.9786,3.95
F1,2025-08-22,Paris SG,Angers,1,0,2.0878,0.1769
SP1,2025-08-22,Betis,Alaves,1,0,2.1399,1.4384
D1,2025-08-23,Ein Frankfurt,Werder Bremen,4,1,3.1068,0.5878
D1,2025-08-23,Freiburg,Augsburg,1,3,2.2725,1.3019
D1,2025-08-23,Heidenheim,Wolfsburg,1,3,0.7832,2.5772
D1,2025-08-23,Leverkusen,Hoffenheim,1,2,1.0525,0.5052
D1,2025-08-23,St Pauli,Dortmund,3,3,1.4677,2.1029
D1,2025-08-23,Union Berlin,Stuttgart,2,1,0.5294,1.8015
E0,2025-08-23,Arsenal,Leeds,5,0,2.7376,0.1568
E0,2025-08-23,Bournemouth,Wolves,1,0,1.7846,0.3734
E0,2025-08-23,Brentford,Aston Villa,1,0,1.1296,0.9769
E0,2025-08-23,Burnley,Sunderland,2,0,1.0038,1.1213
E0,2025-08-23,Man City,Tottenham,0,2,1.2475,1.2801
F1,2025-08-23,Lyon,Metz,3,0,2.3548,0.5049
F1,2025-08-23,Marseille,Paris FC,5,2,3.337,1.0546
F1,2025-08-23,Nice,Auxerre,3,1,2.6628,2.2441
I1,2025-08-23,Genoa,Lecce,0,0,0.5656,0.5509
I1,2025-08-23,Milan,Cremonese,1,2,2.085,0.3636
I1,2025-08-23,Roma,Bologna,1,0,1.4769,0.4435
I1,2025-08-23,Sassuolo,Napoli,0,2,0.2985,1.5546
SP1,2025-08-23,Ath Madrid,Elche,1,1,1.6816,0.3133
SP1,2025-08-23,Levante,Barcelona,2,3,2.6881,2.4813
SP1,2025-08-23,Mallorca,Celta,1,1,0.665,0.9174
D1,2025-08-24,M'gladbach,Hamburg,0,0,1.0172,0.2856
D1,2025-08-24,Mainz,FC Koln,0,1,1.3166,1.6468
E0,2025-08-24,Crystal Palace,Nott'm Forest,1,1,1.1019,1.3299
E0,2025-08-24,Everton,Brighton,2,0,1.8012,2.0849
E0,2025-08-24,Fulham,Man United,1,1,1.6533,1.546
F1,2025-08-24,Le Havre,Lens,1,2,2.0398,1.291
F1,2025-08-24,Lille,Monaco,1,0,2.4109,1.5221
F1,2025-08-24,Lorient,Rennes,4,0,3.4466,0.0728
F1,2025-08-24,Strasbourg,Nantes,1,0,1.8174,0.4254
F1,2025-08-24,Toulouse,Brest,2,0,1.3243,0.7501
I1,2025-08-24,Atalanta,Pisa,1,1,2.047,1.029
I1,2025-08-24,Cagliari,Fiorentina,1,1,1.5174,1.1426
I1,2025-08-24,Como,Lazio,2,0,1.2848,0.203
I1,2025-08-24,Juventus,Parma,2,0,2.742,0.8156
SP1,2025-08-24,Osasuna,Valencia,1,0,0.9468,0.5896
SP1,2025-08-24,Oviedo,Real Madrid,0,3,0.3375,1.8207
SP1,2025-08-24,Sociedad,Espanol,2,2,1.4337,1.8723
SP1,2025-08-24,Villarreal,Girona,5,0,2.9771,0.1403
E0,2025-08-25,Newcastle,Liverpool,2,3,1.9634,0.6466
I1,2025-08-25,Inter,Torino,5,0,2.6096,0.8162
I1,2025-08-25,Udinese,Verona,1,1,1.0506,0.7992
SP1,2025-08-25,Ath Bilbao,Vallecano,1,0,1.6876,0.4936
SP1,2025-08-25,Sevilla,Getafe,1,2,0.8331,1.3294
SP1,2025-08-27,Celta,Betis,1,1,0.9052,0.7145
D1,2025-08-29,Hamburg,St Pauli,0,2,0.7411,1.854
F1,2025-08-29,Lens,Brest,3,1,4.4205,0.9634
I1,2025-08-29,Cremonese,Sassuolo,3,2,3.5295,1.3298
I1,2025-08-29,Lecce,Milan,0,2,0.4817,2.1317
SP1,2025-08-29,Elche,Levante,2,0,1.4431,0.9697
SP1,2025-08-29,Valencia,Getafe,3,0,1.5434,0.7574
D1,2025-08-30,Augsburg,Bayern Munich,2,3,0.506,3.3752
D1,2025-08-30,Hoffenheim,Ein Frankfurt,1,3,1.2818,1.8209
D1,2025-08-30,RB Leipzig,Heidenheim,2,0,3.2972,0.97
D1,2025-08-30,Stuttgart,M'gladbach,1,0,0.9251,1.6072
D1,2025-08-30,Werder Bremen,Leverkusen,3,3,2.3268,2.0373
E0,2025-08-30,Chelsea,Fulham,2,0,2.4324,0.7362
E0,2025-08-30,Leeds,Newcastle,0,0,0.6773,0.3036
E0,2025-08-30,Man United,Burnley,3,2,4.0224,1.3262
E0,2025-08-30,Sunderland,Brentford,2,1,1.5713,1.446
E0,2025-08-30,Tottenham,Bournemouth,0,1,0.1707,2.1201
E0,2025-08-30,Wolves,Everton,2,3,0.9433,2.0379
F1,2025-08-30,Lorient,Lille,1,7,1.1603,3.7026
F1,2025-08-30,Nantes,Auxerre,1,0,0.4181,1.11
F1,2025-08-30,Toulouse,Paris SG,3,6,2.3301,2.4961
I1,2025-08-30,Bologna,Como,1,0,1.5158,0.5216
I1,2025-08-30,Napoli,Cagliari,1,0,1.7316,0.6441
I1,2025-08-30,Parma,Atalanta,1,1,0.7511,1.1973
I1,2025-08-30,Pisa,Roma,0,1,0.6627,0.9539
SP1,2025-08-30,Alaves,Ath Madrid,1,1,0.8551,0.9605
SP1,2025-08-30,Girona,Sevilla,0,2,2.0091,1.6203
SP1,2025-08-30,Oviedo,Sociedad,1,0,0.4571,0.9222
SP1,2025-08-30,Real Madrid,Mallorca,2,1,1.8412,0.5499
D1,2025-08-31,Dortmund,Union Berlin,3,0,1.8261,0.9712
D1,2025-08-31,FC Koln,Freiburg,4,1,1.8407,0.9331
D1,2025-08-31,Wolfsburg,Mainz,1,1,0.6167,1.8148
E0,2025-08-31,Aston Villa,Crystal Palace,0,3,1.2059,2.5971
E0,2025-08-31,Brighton,Man City,2,1,2.2086,2.1342
E0,2025-08-31,Liverpool,Arsenal,1,0,0.4814,0.4857
E0,2025-08-31,Nott'm Forest,West Ham,0,3,0.716,2.236
F1,2025-08-31,Angers,Rennes,1,1,1.5862,1.7376
F1,2025-08-31,Le Havre,Nice,3,1,1.7555,0.7156
F1,2025-08-31,Lyon,Marseille,1,0,3.1573,0.8969
F1,2025-08-31,Monaco,Strasbourg,3,2,2.3555,1.7732
F1,2025-08-31,Paris FC,Metz,3,2,3.399,1.6248
I1,2025-08-31,Genoa,Juventus,0,1,0.593,1.5513
I1,2025-08-31,Inter,Udinese,1,2,1.6717,1.2001
I1,2025-08-31,Lazio,Verona,4,0,3.9665,0.6005
I1,2025-08-31,Torino,Fiorentina,0,0,1.0501,1.1886
SP1,2025-08-31,Betis,Ath Bilbao,1,2,0.7162,1.1114
SP1,2025-08-31,Celta,Villarreal,1,1,0.876,0.9698
SP1,2025-08-31,Espanol,Osasuna,1,0,1.3689,1.3817
SP1,2025-08-31,Vallecano,Barcelona,1,1,1.8712,2.3577
D1,2025-09-12,Leverkusen,Ein Frankfurt,3,1,2.3146,0.7919
F1,2025-09-12,Marseille,Lorient,4,0,2.8337,0.1874
SP1,2025-09-12,Sevilla,Elche,2,2,0.3464,0.7812
D1,2025-09-13,Bayern Munich,Hamburg,5,0,3.0372,0.5592
D1,2025-09-13,Freiburg,Stuttgart,3,1,1.6832,0.5488
D1,2025-09-13,Heidenheim,Dortmund,0,2,0.299,2.85
D1,2025-09-13,Mainz,RB Leipzig,0,1,0.7703,1.5009
D1,2025-09-13,Union Berlin,Hoffenheim,2,4,3.0814,3.3408
D1,2025-09-13,Wolfsburg,FC Koln,3,3,1.7983,1.7263
E0,2025-09-13,Arsenal,Nott'm Forest,3,0,2.8817,0.2937
E0,2025-09-13,Bournemouth,Brighton,2,1,1.4419,0.6249
E0,2025-09-13,Brentford,Chelsea,2,2,1.1753,0.756
E0,2025-09-13,Crystal Palace,Sunderland,0,0,1.758,0.3541
E0,2025-09-13,Everton,Aston Villa,0,0,1.8927,0.3543
E0,2025-09-13,Fulham,Leeds,1,0,1.1398,0.8304
E0,2025-09-13,Newcastle,Wolves,1,0,1.1919,0.3759
E0,2025-09-13,West Ham,Tottenham,0,3,0.7932,1.514
F1,2025-09-13,Auxerre,Monaco,1,2,0.9042,1.6265
F1,2025-09-13,Nice,Nantes,1,0,2.3464,0.7759
I1,2025-09-13,Cagliari,Parma,2,0,1.7694,1.9555
I1,2025-09-13,Fiorentina,Napoli,1,3,1.391,3.5538
I1,2025-09-13,Juventus,Inter,4,3,0.7689,1.0163
SP1,2025-09-13,Ath Bilbao,Alaves,0,1,0.8667,0.0908
SP1,2025-09-13,Ath Madrid,Villarreal,2,0,1.5106,0.6682
SP1,2025-09-13,Getafe,Oviedo,2,0,0.9541,0.3698
SP1,2025-09-13,Sociedad,Real Madrid,1,2,3.1477,2.5417
D1,2025-09-14,M'gladbach,Werder Bremen,0,4,1.5893,2.2467
D1,2025-09-14,St Pauli,Augsburg,2,1,1.955,0.9342
E0,2025-09-14,Burnley,Liverpool,0,1,0.168,2.7949
E0,2025-09-14,Man City,Man United,3,0,1.9972,1.5192
F1,2025-09-14,Brest,Paris FC,1,2,2.6052,1.8501
F1,2025-09-14,Lille,Toulouse,2,1,2.4212,1.1568
F1,2025-09-14,Metz,Angers,1,1,1.7627,1.9818
F1,2025-09-14,Paris SG,Lens,2,0,1.0581,1.2242
F1,2025-09-14,Rennes,Lyon,3,1,2.2092,1.7381
F1,2025-09-14,Strasbourg,Le Havre,1,0,1.4335,0.5248
I1,2025-09-14,Atalanta,Lecce,4,1,2.6242,0.5324
I1,2025-09-14,Milan,Bologna,1,0,1.1554,0.1986
I1,2025-09-14,Pisa,Udinese,0,1,1.2759,1.729
I1,2025-09-14,Roma,Torino,0,1,1.0294,0.8051
I1,2025-09-14,Sassuolo,Lazio,1,0,1.2156,0.8582
SP1,2025-09-14,Barcelona,Valencia,6,0,3.4602,0.125
SP1,2025-09-14,Celta,Girona,1,1,1.8028,1.4121
SP1,2025-09-14,Levante,Betis,2,2,1.0243,2.1955
SP1,2025-09-14,Osasuna,Vallecano,2,0,1.4012,0.9791
I1,2025-09-15,Como,Genoa,1,1,1.5647,2.5429
I1,2025-09-15,Verona,Cremonese,0,0,1.8883,0.1663
SP1,2025-09-15,Espanol,Mallorca,3,2,2.674,2.0318
D1,2025-09-19,Stuttgart,St Pauli,2,0,2.7883,1.0566
F1,2025-09-19,Lyon,Angers,1,0,2.2048,0.6774
I1,2025-09-19,Lecce,Cagliari,1,2,1.14,2.2103
SP1,2025-09-19,Betis,Sociedad,3,1,2.5358,0.6067
D1,2025-09-20,Augsburg,Mainz,1,4,0.8705,2.5705
D1,2025-09-20,Hamburg,Heidenheim,2,1,3.3216,2.6361
D1,2025-09-20,Hoffenheim,Bayern Munich,1,4,1.0372,2.7142
D1,2025-09-20,RB Leipzig,FC Koln,3,1,3.7959,1.3926
D1,2025-09-20,Werder Bremen,Freiburg,0,3,1.2726,2.3632
E0,2025-09-20,Brighton,Tottenham,2,2,1.4047,1.1918
E0,2025-09-20,Burnley,Nott'm Forest,1,1,1.1416,0.8308
E0,2025-09-20,Fulham,Brentford,3,1,1.5243,0.8266
E0,2025-09-20,Liverpool,Everton,2,1,1.0617,0.7214
E0,2025-09-20,Man United,Chelsea,2,1,1.3446,0.4698
E0,2025-09-20,West Ham,Crystal Palace,1,2,0.4664,2.3356
E0,2025-09-20,Wolves,Leeds,1,3,1.5661,0.457
F1,2025-09-20,Brest,Nice,4,1,2.0738,2.2639
F1,2025-09-20,Lens,Lille,3,0,3.8174,1.8989
F1,2025-09-20,Nantes,Rennes,2,2,2.6563,1.4404
I1,2025-09-20,Bologna,Genoa,2,1,1.7879,0.7947
I1,2025-09-20,Udinese,Milan,0,3,0.2984,1.7025
I1,2025-09-20,Verona,Juventus,1,1,1.6588,0.4704
SP1,2025-09-20,Alaves,Sevilla,1,2,0.9103,0.892
SP1,2025-09-20,Girona,Levante,0,4,0.4239,4.5018
SP1,2025-09-20,Real Madrid,Espanol,2,0,2.0614,0.9694
SP1,2025-09-20,Valencia,Ath Bilbao,2,0,2.0101,0.4992
SP1,2025-09-20,Villarreal,Osasuna,2,1,3.564,1.956
D1,2025-09-21,Dortmund,Wolfsburg,1,0,1.2475,0.9755
D1,2025-09-21,Ein Frankfurt,Union Berlin,3,4,1.7558,2.2342
D1,2025-09-21,Leverkusen,M'gladbach,1,1,1.9461,1.2988
E0,2025-09-21,Arsenal,Man City,1,1,0.7186,1.1227
E0,2025-09-21,Bournemouth,Newcastle,0,0,0.5507,0.1536
E0,2025-09-21,Sunderland,Aston Villa,1,1,0.9383,0.9394
F1,2025-09-21,Auxerre,Toulouse,1,0,0.8834,1.5096
F1,2025-09-21,Le Havre,Lorient,1,1,2.234,1.2699
F1,2025-09-21,Monaco,Metz,5,2,3.497,1.913
F1,2025-09-21,Paris FC,Strasbourg,2,3,1.9014,2.4646
I1,2025-09-21,Cremonese,Parma,0,0,0.1726,0.902
I1,2025-09-21,Fiorentina,Como,1,2,0.4249,2.0951
I1,2025-09-21,Inter,Sassuolo,2,1,3.1219,0.8508
I1,2025-09-21,Lazio,Roma,0,1,0.667,1.2264
I1,2025-09-21,Torino,Atalanta,0,3,1.3134,1.6772
SP1,2025-09-21,Barcelona,Getafe,3,0,2.9643,0.2159
SP1,2025-09-21,Elche,Oviedo,1,0,1.575,1.1057
SP1,2025-09-21,Mallorca,Ath Madrid,1,1,0.5309,2.0877
SP1,2025-09-21,Vallecano,Celta,1,1,1.3145,1.2817
F1,2025-09-22,Marseille,Paris SG,1,0,1.7774,0.9196
I1,2025-09-22,Napoli,Pisa,3,2,1.1861,2.5198
SP1,2025-09-23,Ath Bilbao,Girona,1,1,2.0263,0.8566
SP1,2025-09-23,Espanol,Valencia,2,2,3.3131,1.0078
SP1,2025-09-23,Levante,Real Madrid,1,4,1.7012,4.0632
SP1,2025-09-23,Sevilla,Villarreal,1,2,0.8362,2.4052
SP1,2025-09-24,Ath Madrid,Vallecano,3,2,4.9502,1.6199
SP1,2025-09-24,Getafe,Alaves,1,1,0.5762,1.2118
SP1,2025-09-24,Sociedad,Mallorca,1,0,2.8286,0.6411
SP1,2025-09-25,Osasuna,Elche,1,1,1.1752,1.0509
SP1,2025-09-25,Oviedo,Barcelona,1,3,1.4501,2.07
D1,2025-09-26,Bayern Munich,Werder Bremen,4,0,4.3186,0.2986
F1,2025-09-26,Strasbourg,Marseille,1,2,1.0976,2.0026
SP1,2025-09-26,Girona,Espanol,0,0,1.0766,0.9491
D1,2025-09-27,Heidenheim,Augsburg,2,1,1.791,0.6198
D1,2025-09-27,M'gladbach,Ein Frankfurt,4,6,2.1294,3.7888
D1,2025-09-27,Mainz,Dortmund,0,2,0.5251,1.7552
D1,2025-09-27,St Pauli,Leverkusen,1,2,0.8133,1.2891
D1,2025-09-27,Wolfsburg,RB Leipzig,0,1,2.5965,2.6111
E0,2025-09-27,Brentford,Man United,3,1,2.7873,2.2361
E0,2025-09-27,Chelsea,Brighton,1,3,2.0265,2.4751
E0,2025-09-27,Crystal Palace,Liverpool,2,1,3.5332,3.1018
E0,2025-09-27,Leeds,Bournemouth,2,2,2.0473,1.0603
E0,2025-09-27,Man City,Burnley,5,1,3.2213,0.5095
E0,2025-09-27,Nott'm Forest,Sunderland,0,1,1.4203,1.9415
E0,2025-09-27,Tottenham,Wolves,1,1,0.8187,1.1595
F1,2025-09-27,Lorient,Monaco,3,1,2.0936,0.894
F1,2025-09-27,Paris SG,Auxerre,2,0,2.1167,0.7313
F1,2025-09-27,Toulouse,Nantes,2,2,1.9857,1.8303
I1,2025-09-27,Cagliari,Inter,0,2,0.4752,3.9542
I1,2025-09-27,Como,Cremonese,1,1,1.4403,0.5646
I1,2025-09-27,Juventus,Atalanta,1,1,1.8424,0.8853
SP1,2025-09-27,Ath Madrid,Real Madrid,5,2,2.7908,1.028
SP1,2025-09-27,Getafe,Levante,1,1,0.831,1.2783
SP1,2025-09-27,Mallorca,Alaves,1,0,1.0427,0.5664
SP1,2025-09-27,Villarreal,Ath Bilbao,1,0,1.864,1.5629
D1,2025-09-28,FC Koln,Stuttgart,1,2,1.0797,2.2094
D1,2025-09-28,Freiburg,Hoffenheim,1,1,1.2587,2.2422
D1,2025-09-28,Union Berlin,Hamburg,0,0,1.5427,1.1127
E0,2025-09-28,Aston Villa,Fulham,3,1,1.3658,0.9526
E0,2025-09-28,Newcastle,Arsenal,1,2,0.7399,2.0705
F1,2025-09-28,Angers,Brest,0,2,0.5018,1.3419
F1,2025-09-28,Lille,Lyon,0,1,1.6527,0.6426
F1,2025-09-28,Metz,Le Havre,0,0,0.3994,0.3959
F1,2025-09-28,Nice,Paris FC,1,1,1.37,1.4944
F1,2025-09-28,Rennes,Lens,0,0,1.5744,1.5193
I1,2025-09-28,Lecce,Bologna,2,2,2.0902,1.5908
I1,2025-09-28,Milan,Napoli,2,1,0.9526,2.2389
I1,2025-09-28,Pisa,Fiorentina,0,0,0.5805,0.8401
I1,2025-09-28,Roma,Verona,2,0,1.3054,1.3535
I1,2025-09-28,Sassuolo,Udinese,3,1,2.3133,1.1934
SP1,2025-09-28,Barcelona,Sociedad,2,1,3.0095,0.9571
SP1,2025-09-28,Betis,Osasuna,2,0,1.1896,0.5785
SP1,2025-09-28,Elche,Celta,2,1,4.036,0.8218
SP1,2025-09-28,Vallecano,Sevilla,0,1,1.8909,0.5796
E0,2025-09-29,Everton,West Ham,1,1,0.9097,0.7758
I1,2025-09-29,Genoa,Lazio,0,3,1.4766,3.5406
I1,2025-09-29,Parma,Torino,2,1,1.4446,0.6608
SP1,2025-09-29,Valencia,Oviedo,1,2,1.7226,0.9971
D1,2025-10-03,Hoffenheim,FC Koln,0,1,1.4237,1.3087
E0,2025-10-03,Bournemouth,Fulham,3,1,1.3346,0.8434
F1,2025-10-03,Paris FC,Lorient,2,0,1.8369,0.8559
I1,2025-10-03,Verona,Sassuolo,0,1,0.811,1.5058
SP1,2025-10-03,Osasuna,Getafe,2,1,0.692,0.8565
D1,2025-10-04,Augsburg,Wolfsburg,3,1,1.7533,1.2258
D1,2025-10-04,Dortmund,RB Leipzig,1,1,0.6686,1.1408
D1,2025-10-04,Ein Frankfurt,Bayern Munich,0,3,0.5601,2.2301
D1,2025-10-04,Leverkusen,Union Berlin,2,0,3.3567,1.1968
D1,2025-10-04,Werder Bremen,St Pauli,1,0,1.7796,0.9124
E0,2025-10-04,Arsenal,West Ham,2,0,3.0585,0.8645
E0,2025-10-04,Chelsea,Liverpool,2,1,1.2372,2.0598
E0,2025-10-04,Leeds,Tottenham,1,2,1.4805,0.6882
E0,2025-10-04,Man United,Sunderland,2,0,1.9298,0.8071
F1,2025-10-04,Auxerre,Lens,1,2,1.2742,0.471
F1,2025-10-04,Brest,Nantes,0,0,1.4455,0.4899
F1,2025-10-04,Metz,Marseille,0,3,0.1529,2.6772
I1,2025-10-04,Atalanta,Como,1,1,1.7417,0.9591
I1,2025-10-04,Inter,Cremonese,4,1,4.6523,0.6196
I1,2025-10-04,Lazio,Torino,3,3,1.4507,2.1811
I1,2025-10-04,Parma,Lecce,0,1,1.089,0.6225
SP1,2025-10-04,Ath Bilbao,Mallorca,2,1,1.7335,0.2138
SP1,2025-10-04,Girona,Valencia,2,1,1.1642,2.2281
SP1,2025-10-04,Oviedo,Levante,0,2,1.0855,1.6212
SP1,2025-10-04,Real Madrid,Villarreal,3,1,4.3234,0.9566
D1,2025-10-05,Hamburg,Mainz,4,0,1.6588,0.5912
D1,2025-10-05,M'gladbach,Freiburg,0,0,0.4712,0.6891
D1,2025-10-05,Stuttgart,Heidenheim,1,0,1.1078,0.2909
E0,2025-10-05,Aston Villa,Burnley,2,1,1.7357,0.5023
E0,2025-10-05,Brentford,Man City,0,1,0.6938,1.0965
E0,2025-10-05,Everton,Crystal Palace,2,1,2.1388,2.1779
E0,2025-10-05,Newcastle,Nott'm Forest,2,0,3.8166,0.3377
E0,2025-10-05,Wolves,Brighton,1,1,0.3694,1.3916
F1,2025-10-05,Le Havre,Rennes,2,2,1.981,1.2128
F1,2025-10-05,Lille,Paris SG,1,1,0.6475,1.7121
F1,2025-10-05,Lyon,Toulouse,1,2,1.4221,1.3653
F1,2025-10-05,Monaco,Nice,2,2,2.4556,1.1312
F1,2025-10-05,Strasbourg,Angers,5,0,4.2783,0.2946
I1,2025-10-05,Bologna,Pisa,4,0,3.6993,0.0265
I1,2025-10-05,Fiorentina,Roma,1,2,1.1172,1.2251
I1,2025-10-05,Juventus,Milan,0,0,0.5706,1.5571
I1,2025-10-05,Napoli,Genoa,2,1,1.8792,0.6916
I1,2025-10-05,Udinese,Cagliari,1,1,2.9855,0.7891
SP1,2025-10-05,Alaves,Elche,3,1,2.8506,0.6615
SP1,2025-10-05,Celta,Ath Madrid,1,1,2.2729,0.7108
SP1,2025-10-05,Espanol,Betis,1,2,2.0699,1.4372
SP1,2025-10-05,Sevilla,Barcelona,4,1,2.8941,2.4823
SP1,2025-10-05,Sociedad,Vallecano,0,1,0.769,0.6845
D1,2025-10-17,Union Berlin,M'gladbach,3,1,1.5303,0.6288
F1,2025-10-17,Paris SG,Strasbourg,3,3,2.8566,1.9208
SP1,2025-10-17,Oviedo,Espanol,0,2,1.2115,4.4626
D1,2025-10-18,Bayern Munich,Dortmund,2,1,2.8199,1.4101
D1,2025-10-18,FC Koln,Augsburg,1,1,0.5239,1.1192
D1,2025-10-18,Heidenheim,Werder Bremen,2,2,3.0764,1.8564
D1,2025-10-18,Mainz,Leverkusen,3,4,1.6298,4.4346
D1,2025-10-18,RB Leipzig,Hamburg,2,1,1.1561,1.2935
D1,2025-10-18,Wolfsburg,Stuttgart,0,3,0.3929,2.3947
E0,2025-10-18,Brighton,Newcastle,2,1,0.8571,1.2831
E0,2025-10-18,Burnley,Leeds,2,0,0.5096,2.3315
E0,2025-10-18,Crystal Palace,Bournemouth,3,3,4.5628,2.0471
E0,2025-10-18,Fulham,Arsenal,0,1,0.5023,2.0782
E0,2025-10-18,Man City,Everton,2,0,2.4799,0.7946
E0,2025-10-18,Nott'm Forest,Chelsea,0,3,2.0555,2.5583
E0,2025-10-18,Sunderland,Wolves,2,0,1.0248,0.6763
F1,2025-10-18,Angers,Monaco,1,1,1.581,1.6517
F1,2025-10-18,Marseille,Le Havre,6,2,4.2044,0.353
F1,2025-10-18,Nice,Lyon,3,2,1.1637,2.8987
I1,2025-10-18,Lecce,Sassuolo,0,0,0.67,0.7715
I1,2025-10-18,Pisa,Verona,0,0,0.572,1.6549
I1,2025-10-18,Roma,Inter,0,1,2.1538,0.9639
I1,2025-10-18,Torino,Napoli,1,0,1.9082,1.7191
SP1,2025-10-18,Ath Madrid,Osasuna,1,0,2.2441,0.9815
SP1,2025-10-18,Barcelona,Girona,2,1,2.4196,1.6938
SP1,2025-10-18,Sevilla,Mallorca,1,3,1.2588,1.9555
SP1,2025-10-18,Villarreal,Betis,2,2,0.9806,0.8955
D1,2025-10-19,Freiburg,Ein Frankfurt,2,2,1.129,0.7726
D1,2025-10-19,St Pauli,Hoffenheim,0,3,0.872,1.791
E0,2025-10-19,Liverpool,Man United,1,2,2.6097,2.5312
E0,2025-10-19,Tottenham,Aston Villa,1,2,1.5146,0.3522
F1,2025-10-19,Lens,Paris FC,2,1,1.9802,0.584
F1,2025-10-19,Lorient,Brest,3,3,1.5878,1.568
F1,2025-10-19,Nantes,Lille,0,2,0.7726,2.7603
F1,2025-10-19,Rennes,Auxerre,2,2,1.9359,1.6663
F1,2025-10-19,Toulouse,Metz,4,0,2.7304,0.1191
I1,2025-10-19,Atalanta,Lazio,0,0,2.3809,0.2203
I1,2025-10-19,Cagliari,Bologna,0,2,0.3678,1.1584
I1,2025-10-19,Como,Juventus,2,0,1.6879,0.9647
I1,2025-10-19,Genoa,Parma,0,0,2.2169,0.0545
I1,2025-10-19,Milan,Fiorentina,2,1,2.0185,0.966
SP1,2025-10-19,Celta,Sociedad,1,1,0.7174,2.1356
SP1,2025-10-19,Elche,Ath Bilbao,0,0,0.8239,0.2402
SP1,2025-10-19,Getafe,Real Madrid,0,1,0.5301,2.146
SP1,2025-10-19,Levante,Vallecano,0,3,0.9405,2.5312
E0,2025-10-20,West Ham,Brentford,0,2,0.2603,3.4663
I1,2025-10-20,Cremonese,Udinese,1,1,1.2288,0.9626
SP1,2025-10-20,Alaves,Valencia,0,0,1.0562,0.3181
D1,2025-10-24,Werder Bremen,Union Berlin,1,0,1.1444,0.4876
E0,2025-10-24,Leeds,West Ham,2,1,2.2214,0.4987
F1,2025-10-24,Paris FC,Nantes,1,2,0.9513,0.9168
I1,2025-10-24,Milan,Pisa,2,2,1.9723,1.2251
SP1,2025-10-24,Sociedad,Sevilla,2,1,1.6438,0.2471
D1,2025-10-25,Augsburg,RB Leipzig,0,6,0.6392,2.6944
D1,2025-10-25,Dortmund,FC Koln,1,0,2.0913,0.7056
D1,2025-10-25,Ein Frankfurt,St Pauli,2,0,2.4263,0.52
D1,2025-10-25,Hamburg,Wolfsburg,0,1,2.4055,0.6955
D1,2025-10-25,Hoffenheim,Heidenheim,3,1,2.4278,0.9023
D1,2025-10-25,M'gladbach,Bayern Munich,0,3,0.7578,2.6503
E0,2025-10-25,Brentford,Liverpool,3,2,3.2713,2.1184
E0,2025-10-25,Chelsea,Sunderland,1,2,1.2133,1.5506
E0,2025-10-25,Man United,Brighton,4,2,1.9623,0.9472
E0,2025-10-25,Newcastle,Fulham,2,1,2.7681,1.52
F1,2025-10-25,Brest,Paris SG,0,3,1.8926,2.9245
F1,2025-10-25,Lens,Marseille,2,1,1.876,0.7655
F1,2025-10-25,Monaco,Toulouse,1,0,3.3728,0.5841
I1,2025-10-25,Cremonese,Atalanta,1,1,0.9671,1.6237
I1,2025-10-25,Napoli,Inter,3,1,1.1863,2.0708
I1,2025-10-25,Parma,Como,0,0,1.5665,0.3871
I1,2025-10-25,Udinese,Lecce,3,2,1.5158,0.3736
SP1,2025-10-25,Ath Bilbao,Getafe,0,1,0.3585,1.0038
SP1,2025-10-25,Espanol,Elche,1,0,1.7034,1.1141
SP1,2025-10-25,Girona,Oviedo,3,3,2.2413,2.2241
SP1,2025-10-25,Valencia,Villarreal,0,2,0.6414,2.6239
D1,2025-10-26,Leverkusen,Freiburg,2,0,2.4679,0.5429
D1,2025-10-26,Stuttgart,Mainz,2,1,1.6681,1.4096
E0,2025-10-26,Arsenal,Crystal Palace,1,0,0.8562,0.3505
E0,2025-10-26,Aston Villa,Man City,1,0,0.8439,1.3691
E0,2025-10-26,Bournemouth,Nott'm Forest,2,0,0.6566,0.3055
E0,2025-10-26,Everton,Tottenham,0,3,1.4032,2.0933
E0,2025-10-26,Wolves,Burnley,2,3,2.5813,1.5454
F1,2025-10-26,Angers,Lorient,2,0,1.304,2.0021
F1,2025-10-26,Auxerre,Le Havre,0,1,0.5639,1.5221
F1,2025-10-26,Lille,Metz,6,1,3.8505,1.0148
F1,2025-10-26,Lyon,Strasbourg,2,1,1.1457,0.7982
F1,2025-10-26,Rennes,Nice,1,2,1.5443,0.8873
I1,2025-10-26,Fiorentina,Bologna,2,2,3.879,0.8833
I1,2025-10-26,Lazio,Juventus,1,0,0.9053,1.2461
I1,2025-10-26,Sassuolo,Roma,0,1,0.9494,2.2597
I1,2025-10-26,Torino,Genoa,2,1,1.8196,1.9796
I1,2025-10-26,Verona,Cagliari,2,2,2.0369,0.8373
SP1,2025-10-26,Mallorca,Levante,1,1,1.8698,2.3579
SP1,2025-10-26,Osasuna,Celta,2,3,2.318,1.5405
SP1,2025-10-26,Real Madrid,Barcelona,2,1,3.4132,1.1243
SP1,2025-10-26,Vallecano,Alaves,1,0,1.5497,1.4147
SP1,2025-10-27,Betis,Ath Madrid,0,2,1.3379,0.8766
I1,2025-10-28,Atalanta,Milan,1,1,1.2817,0.6264
I1,2025-10-28,Lecce,Napoli,0,1,1.0293,0.9245
F1,2025-10-29,Le Havre,Brest,1,0,0.5561,0.3703
F1,2025-10-29,Lorient,Paris SG,1,1,0.1929,1.2881
F1,2025-10-29,Marseille,Angers,2,2,1.5883,0.9969
F1,2025-10-29,Metz,Lens,2,0,3.1193,1.2377
F1,2025-10-29,Nantes,Monaco,3,5,2.1261,4.1021
F1,2025-10-29,Nice,Lille,2,0,1.7446,0.6611
F1,2025-10-29,Paris FC,Lyon,3,3,0.5815,1.2187
F1,2025-10-29,Strasbourg,Auxerre,3,0,4.1081,0.6869
F1,2025-10-29,Toulouse,Rennes,2,2,1.6213,1.261
I1,2025-10-29,Bologna,Torino,0,0,0.3322,0.7975
I1,2025-10-29,Como,Verona,3,1,1.7428,1.6994
I1,2025-10-29,Genoa,Cremonese,0,2,1.3491,1.5797
I1,2025-10-29,Inter,Fiorentina,3,0,2.8725,0.7419
I1,2025-10-29,Juventus,Udinese,3,1,3.3064,0.6041
I1,2025-10-29,Roma,Parma,2,1,1.1568,1.178
I1,2025-10-30,Cagliari,Sassuolo,1,2,0.8452,0.9377
I1,2025-10-30,Pisa,Lazio,0,0,0.7802,0.6579
D1,2025-10-31,Augsburg,Dortmund,0,1,0.9695,0.5882
SP1,2025-10-31,Getafe,Girona,2,1,1.4021,1.5437
D1,2025-11-01,Bayern Munich,Leverkusen,3,0,2.283,0.3828
D1,2025-11-01,Heidenheim,Ein Frankfurt,1,1,0.8319,1.2241
D1,2025-11-01,Mainz,Werder Bremen,1,1,1.9016,0.8805
D1,2025-11-01,RB Leipzig,Stuttgart,3,1,1.7347,1.0701
D1,2025-11-01,St Pauli,M'gladbach,0,4,0.8044,3.6262
D1,2025-11-01,Union Berlin,Freiburg,0,0,1.3484,1.1652
E0,2025-11-01,Brighton,Leeds,3,0,2.6413,0.3592
E0,2025-11-01,Burnley,Arsenal,0,2,0.6792,2.5165
E0,2025-11-01,Crystal Palace,Brentford,2,0,0.7346,0.8205
E0,2025-11-01,Fulham,Wolves,3,0,1.9121,0.2099
E0,2025-11-01,Liverpool,Aston Villa,2,0,1.4702,0.435
E0,2025-11-01,Nott'm Forest,Man United,2,2,1.5507,0.9162
E0,2025-11-01,Tottenham,Chelsea,0,1,0.147,3.3425
F1,2025-11-01,Auxerre,Marseille,0,1,1.0946,0.698
F1,2025-11-01,Monaco,Paris FC,0,1,0.8209,1.1805
F1,2025-11-01,Paris SG,Nice,1,0,1.8865,0.3867
I1,2025-11-01,Cremonese,Juventus,1,2,0.6114,2.614
I1,2025-11-01,Napoli,Como,0,0,0.7623,1.1701
I1,2025-11-01,Udinese,Atalanta,1,0,0.7073,0.2702
SP1,2025-11-01,Ath Madrid,Sevilla,3,0,2.9863,0.3769
SP1,2025-11-01,Real Madrid,Valencia,4,0,2.8996,0.2922
SP1,2025-11-01,Sociedad,Ath Bilbao,3,2,1.8412,1.1311
SP1,2025-11-01,Villarreal,Vallecano,4,0,2.7136,1.0863
D1,2025-11-02,FC Koln,Hamburg,4,1,3.8738,1.193
D1,2025-11-02,Wolfsburg,Hoffenheim,2,3,1.4012,1.7429
E0,2025-11-02,Man City,Bournemouth,3,1,2.49,0.8998
E0,2025-11-02,West Ham,Newcastle,3,1,1.4138,0.5236
F1,2025-11-02,Brest,Lyon,0,0,1.6394,0.1439
F1,2025-11-02,Lens,Lorient,3,0,3.2147,1.9837
F1,2025-11-02,Lille,Angers,1,0,2.2089,0.2775
F1,2025-11-02,Nantes,Metz,0,2,1.076,1.3624
F1,2025-11-02,Rennes,Strasbourg,4,1,3.0688,2.0882
F1,2025-11-02,Toulouse,Le Havre,0,0,1.0785,1.073
I1,2025-11-02,Fiorentina,Lecce,0,1,1.39,1.3239
I1,2025-11-02,Milan,Roma,1,0,3.7642,1.9544
I1,2025-11-02,Parma,Bologna,1,3,0.6223,3.5175
I1,2025-11-02,Torino,Pisa,2,2,1.2239,1.9033
I1,2025-11-02,Verona,Inter,1,2,0.3726,1.1502
SP1,2025-11-02,Alaves,Espanol,2,1,2.1804,1.0428
SP1,2025-11-02,Barcelona,Elche,3,1,2.8073,0.5491
SP1,2025-11-02,Betis,Mallorca,3,0,2.8213,0.7499
SP1,2025-11-02,Levante,Celta,1,2,1.2365,1.9247
E0,2025-11-03,Sunderland,Everton,1,1,1.1807,1.0074
I1,2025-11-03,Lazio,Cagliari,2,0,0.5877,1.4846
I1,2025-11-03,Sassuolo,Genoa,1,2,1.3164,1.8327
SP1,2025-11-03,Oviedo,Osasuna,0,0,0.7175,0.6263
D1,2025-11-07,Werder Bremen,Wolfsburg,2,1,1.6946,0.6763
F1,2025-11-07,Paris FC,Rennes,0,1,2.2285,1.3673
I1,2025-11-07,Pisa,Cremonese,1,0,1.4511,1.2312
SP1,2025-11-07,Elche,Sociedad,1,1,0.8083,1.4722
D1,2025-11-08,Hamburg,Dortmund,1,1,0.4199,1.4258
D1,2025-11-08,Hoffenheim,RB Leipzig,3,1,1.9235,1.5619
D1,2025-11-08,Leverkusen,Heidenheim,6,0,3.9014,0.0634
D1,2025-11-08,M'gladbach,FC Koln,3,1,2.4621,2.1582
D1,2025-11-08,Union Berlin,Bayern Munich,2,2,1.0278,1.3425
E0,2025-11-08,Chelsea,Wolves,3,0,3.9834,0.1115
E0,2025-11-08,Everton,Fulham,2,0,2.3061,0.4245
E0,2025-11-08,Sunderland,Arsenal,2,2,1.2049,2.3294
E0,2025-11-08,Tottenham,Man United,2,2,1.3553,0.8203
E0,2025-11-08,West Ham,Burnley,3,2,2.9673,1.8748
F1,2025-11-08,Le Havre,Nantes,1,1,0.9848,0.3539
F1,2025-11-08,Marseille,Brest,3,0,3.0906,0.6958
F1,2025-11-08,Monaco,Lens,1,4,2.4076,3.2393
I1,2025-11-08,Como,Cagliari,0,0,1.0497,0.6153
I1,2025-11-08,Juventus,Torino,0,0,1.9371,0.4056
I1,2025-11-08,Lecce,Verona,0,0,0.555,0.6919
I1,2025-11-08,Parma,Milan,2,2,1.4501,2.0547
SP1,2025-11-08,Ath Madrid,Levante,3,1,3.036,1.2911
SP1,2025-11-08,Espanol,Villarreal,0,2,0.4762,1.4712
SP1,2025-11-08,Girona,Alaves,1,0,1.2636,2.0077
SP1,2025-11-08,Sevilla,Osasuna,1,0,1.2227,0.9674
D1,2025-11-09,Ein Frankfurt,Mainz,1,0,1.7785,0.1215
D1,2025-11-09,Freiburg,St Pauli,2,1,1.6656,0.6407
D1,2025-11-09,Stuttgart,Augsburg,3,2,2.4453,1.9035
E0,2025-11-09,Aston Villa,Bournemouth,4,0,1.8828,2.0099
E0,2025-11-09,Brentford,Newcastle,3,1,2.7373,0.4323
E0,2025-11-09,Crystal Palace,Brighton,0,0,0.8395,0.637
E0,2025-11-09,Man City,Liverpool,3,0,1.5954,1.0281
E0,2025-11-09,Nott'm Forest,Leeds,3,1,2.491,0.4195
F1,2025-11-09,Angers,Auxerre,2,0,1.1514,0.5896
F1,2025-11-09,Lorient,Toulouse,1,1,1.27,1.1521
F1,2025-11-09,Lyon,Paris SG,2,3,0.7126,1.6987
F1,2025-11-09,Metz,Nice,2,1,1.3298,0.785
F1,2025-11-09,Strasbourg,Lille,2,0,0.7682,0.48
I1,2025-11-09,Atalanta,Sassuolo,0,3,0.7079,2.2013
I1,2025-11-09,Bologna,Napoli,2,0,1.6449,0.195
I1,2025-11-09,Genoa,Fiorentina,2,2,1.5888,1.3302
I1,2025-11-09,Inter,Lazio,2,0,1.7396,0.5493
I1,2025-11-09,Roma,Udinese,2,0,1.7573,0.9287
SP1,2025-11-09,Ath Bilbao,Oviedo,1,0,2.6522,0.1827
SP1,2025-11-09,Celta,Barcelona,2,4,0.5123,3.4294
SP1,2025-11-09,Mallorca,Getafe,1,0,1.3035,0.5397
SP1,2025-11-09,Valencia,Betis,1,1,1.9515,1.5893
SP1,2025-11-09,Vallecano,Real Madrid,0,0,1.6064,0.8415
D1,2025-11-21,Mainz,Hoffenheim,1,1,2.8871,1.544
F1,2025-11-21,Nice,Marseille,1,5,1.3613,3.0916
SP1,2025-11-21,Valencia,Levante,1,0,1.6504,0.6743
D1,2025-11-22,Augsburg,Hamburg,1,0,1.619,1.555
D1,2025-11-22,Bayern Munich,Freiburg,6,2,3.1386,0.517
D1,2025-11-22,Dortmund,Stuttgart,3,3,3.1512,1.8094
D1,2025-11-22,FC Koln,Ein Frankfurt,3,4,1.3892,2.4451
D1,2025-11-22,Heidenheim,M'gladbach,0,3,0.3632,2.7967
D1,2025-11-22,Wolfsburg,Leverkusen,1,3,2.0798,1.5864
E0,2025-11-22,Bournemouth,West Ham,2,2,3.483,0.3908
E0,2025-11-22,Brighton,Brentford,2,1,0.9775,2.1998
E0,2025-11-22,Burnley,Chelsea,0,2,0.6609,1.7209
E0,2025-11-22,Fulham,Sunderland,1,0,2.8373,0.2228
E0,2025-11-22,Liverpool,Nott'm Forest,0,3,1.7927,1.1946
E0,2025-11-22,Newcastle,Man City,2,1,2.4055,2.4565
E0,2025-11-22,Wolves,Crystal Palace,0,2,1.6641,1.4493
F1,2025-11-22,Lens,Strasbourg,1,0,2.2242,0.4003
F1,2025-11-22,Paris SG,Le Havre,3,0,4.1158,1.2857
F1,2025-11-22,Rennes,Monaco,4,1,3.067,1.6082
I1,2025-11-22,Cagliari,Genoa,3,3,1.3733,1.6156
I1,2025-11-22,Fiorentina,Juventus,1,1,0.6593,1.6505
I1,2025-11-22,Napoli,Atalanta,3,1,2.0276,0.8258
I1,2025-11-22,Udinese,Bologna,0,3,1.8876,2.8829
SP1,2025-11-22,Alaves,Celta,0,1,0.3056,1.3235
SP1,2025-11-22,Barcelona,Ath Bilbao,4,0,2.3292,1.0461
SP1,2025-11-22,Osasuna,Sociedad,1,3,1.2796,1.7655
SP1,2025-11-22,Villarreal,Mallorca,2,1,2.6371,1.3846
D1,2025-11-23,RB Leipzig,Werder Bremen,2,0,2.4283,0.7749
D1,2025-11-23,St Pauli,Union Berlin,0,1,0.5687,0.3984
E0,2025-11-23,Arsenal,Tottenham,4,1,2.2783,0.0301
E0,2025-11-23,Leeds,Aston Villa,1,2,1.8467,1.3598
F1,2025-11-23,Auxerre,Lyon,0,0,1.512,1.2761
F1,2025-11-23,Brest,Metz,3,2,3.3681,1.0286
F1,2025-11-23,Lille,Paris FC,4,2,4.1447,1.5033
F1,2025-11-23,Nantes,Lorient,1,1,0.9155,0.3522
F1,2025-11-23,Toulouse,Angers,0,1,1.8538,0.3241
I1,2025-11-23,Cremonese,Roma,1,3,1.2562,1.7318
I1,2025-11-23,Inter,Milan,0,1,1.7445,0.8561
I1,2025-11-23,Lazio,Lecce,2,0,1.4949,0.5447
I1,2025-11-23,Verona,Parma,1,2,0.943,1.5163
SP1,2025-11-23,Betis,Girona,1,1,1.5784,1.489
SP1,2025-11-23,Elche,Real Madrid,2,2,1.5952,3.8826
SP1,2025-11-23,Getafe,Ath Madrid,0,1,0.5788,1.4768
SP1,2025-11-23,Oviedo,Vallecano,0,0,0.4994,0.923
E0,2025-11-24,Man United,Everton,0,1,2.2737,0.1551
I1,2025-11-24,Sassuolo,Pisa,2,2,2.2134,1.386
I1,2025-11-24,Torino,Como,1,5,1.4299,3.3791
SP1,2025-11-24,Espanol,Sevilla,2,1,1.1663,1.8
D1,2025-11-28,M'gladbach,RB Leipzig,0,0,0.3889,1.0923
F1,2025-11-28,Metz,Rennes,0,1,1.3135,0.9801
I1,2025-11-28,Como,Sassuolo,2,0,1.7343,1.129
SP1,2025-11-28,Getafe,Elche,1,0,1.3405,0.4489
D1,2025-11-29,Bayern Munich,St Pauli,3,1,2.5394,0.7407
D1,2025-11-29,Hoffenheim,Augsburg,3,0,1.7961,0.6555
D1,2025-11-29,Leverkusen,Dortmund,1,2,1.0829,1.1562
D1,2025-11-29,Union Berlin,Heidenheim,1,2,0.9429,0.5221
D1,2025-11-29,Werder Bremen,FC Koln,1,1,1.5367,1.1848
E0,2025-11-29,Brentford,Burnley,3,1,3.7211,0.874
E0,2025-11-29,Everton,Newcastle,1,4,1.0112,2.4588
E0,2025-11-29,Man City,Leeds,3,2,2.8529,1.7514
E0,2025-11-29,Sunderland,Bournemouth,3,2,1.1696,1.7927
E0,2025-11-29,Tottenham,Fulham,1,2,1.044,0.4947
F1,2025-11-29,Marseille,Toulouse,2,2,1.6277,1.0939
F1,2025-11-29,Monaco,Paris SG,1,0,0.6379,1.4768
F1,2025-11-29,Paris FC,Auxerre,1,1,1.8089,1.1514
I1,2025-11-29,Genoa,Verona,2,1,1.649,2.6066
I1,2025-11-29,Juventus,Cagliari,2,1,1.5343,0.8911
I1,2025-11-29,Milan,Lazio,1,0,1.4811,0.8996
I1,2025-11-29,Parma,Udinese,0,2,1.0365,1.8735
SP1,2025-11-29,Ath Madrid,Oviedo,2,0,2.4069,0.922
SP1,2025-11-29,Barcelona,Alaves,3,1,2.511,2.0926
SP1,2025-11-29,Levante,Ath Bilbao,0,2,1.2025,2.8086
SP1,2025-11-29,Mallorca,Osasuna,2,2,1.1058,1.1111
D1,2025-11-30,Ein Frankfurt,Wolfsburg,1,1,1.6605,1.6064
D1,2025-11-30,Freiburg,Mainz,4,0,4.1568,0.0501
D1,2025-11-30,Hamburg,Stuttgart,2,1,1.2136,1.1087
E0,2025-11-30,Aston Villa,Wolves,1,0,1.1549,0.6926
E0,2025-11-30,Chelsea,Arsenal,1,1,0.7919,1.2283
E0,2025-11-30,Crystal Palace,Man United,1,2,2.1356,1.4777
E0,2025-11-30,Nott'm Forest,Brighton,0,2,0.9603,2.0572
E0,2025-11-30,West Ham,Liverpool,0,2,0.3642,1.5679
F1,2025-11-30,Angers,Lens,1,2,1.1064,1.9633
F1,2025-11-30,Le Havre,Lille,0,1,0.8677,1.3502
F1,2025-11-30,Lorient,Nice,3,1,3.4926,1.3285
F1,2025-11-30,Lyon,Nantes,3,0,2.1878,0.3849
F1,2025-11-30,Strasbourg,Brest,1,2,1.1461,1.0064
I1,2025-11-30,Atalanta,Fiorentina,2,0,2.2903,2.0196
I1,2025-11-30,Lecce,Torino,2,1,0.9486,2.0632
I1,2025-11-30,Pisa,Inter,0,2,1.8072,2.0478
I1,2025-11-30,Roma,Napoli,0,1,0.6118,1.3311
SP1,2025-11-30,Celta,Espanol,0,1,0.6356,0.5992
SP1,2025-11-30,Girona,Real Madrid,1,1,1.0517,2.2136
SP1,2025-11-30,Sevilla,Betis,0,2,0.7352,1.1786
SP1,2025-11-30,Sociedad,Villarreal,2,3,1.3715,1.6304
I1,2025-12-01,Bologna,Cremonese,1,3,2.1171,2.3353
SP1,2025-12-01,Vallecano,Valencia,1,1,2.133,0.8977
E0,2025-12-02,Bournemouth,Everton,0,1,0.6354,1.1957
E0,2025-12-02,Fulham,Man City,4,5,0.9726,1.9623
E0,2025-12-02,Newcastle,Tottenham,2,2,1.8856,1.052
SP1,2025-12-02,Barcelona,Ath Madrid,3,1,3.4612,1.3502
E0,2025-12-03,Arsenal,Brentford,2,0,2.6313,0.5887
E0,2025-12-03,Brighton,Aston Villa,3,4,1.963,3.1574
E0,2025-12-03,Burnley,Crystal Palace,0,1,1.1685,0.9878
E0,2025-12-03,Leeds,Chelsea,3,1,2.2047,0.964
E0,2025-12-03,Liverpool,Sunderland,1,1,1.3763,0.7127
E0,2025-12-03,Wolves,Nott'm Forest,0,1,1.0246,1.1239
SP1,2025-12-03,Ath Bilbao,Real Madrid,0,3,0.9173,2.3674
E0,2025-12-04,Man United,West Ham,1,1,2.2767,1.3658
D1,2025-12-05,Mainz,M'gladbach,0,1,1.0933,1.903
F1,2025-12-05,Brest,Monaco,1,0,1.1377,0.485
F1,2025-12-05,Lille,Marseille,1,0,0.5723,0.9028
SP1,2025-12-05,Oviedo,Mallorca,0,0,1.6001,0.6172
D1,2025-12-06,Augsburg,Leverkusen,2,0,2.141,1.4189
D1,2025-12-06,FC Koln,St Pauli,1,1,1.9041,0.1439
D1,2025-12-06,Heidenheim,Freiburg,2,1,2.6659,0.8003
D1,2025-12-06,RB Leipzig,Ein Frankfurt,6,0,3.6418,0.4733
D1,2025-12-06,Stuttgart,Bayern Munich,0,5,0.7293,4.0787
D1,2025-12-06,Wolfsburg,Union Berlin,3,1,0.9299,2.0193
E0,2025-12-06,Aston Villa,Arsenal,2,1,2.7199,1.8597
E0,2025-12-06,Bournemouth,Chelsea,0,0,1.4193,0.6726
E0,2025-12-06,Everton,Nott'm Forest,3,0,1.2535,0.3123
E0,2025-12-06,Leeds,Liverpool,3,3,1.7933,2.048
E0,2025-12-06,Man City,Sunderland,3,0,2.416,0.6265
E0,2025-12-06,Newcastle,Burnley,2,1,1.8071,1.5837
E0,2025-12-06,Tottenham,Brentford,2,0,2.4239,0.4706
F1,2025-12-06,Nantes,Lens,1,2,1.1817,3.264
F1,2025-12-06,Paris SG,Rennes,5,0,2.3264,0.1535
F1,2025-12-06,Toulouse,Strasbourg,1,0,0.641,0.0919
I1,2025-12-06,Inter,Como,4,0,2.2656,0.9434
I1,2025-12-06,Sassuolo,Fiorentina,3,1,1.6405,1.2066
I1,2025-12-06,Verona,Atalanta,3,1,1.6024,1.7653
SP1,2025-12-06,Alaves,Sociedad,1,0,1.8877,1.0994
SP1,2025-12-06,Ath Bilbao,Ath Madrid,1,0,1.1864,0.7719
SP1,2025-12-06,Betis,Barcelona,3,5,2.7421,3.3029
SP1,2025-12-06,Villarreal,Getafe,2,0,0.8169,0.2823
D1,2025-12-07,Dortmund,Hoffenheim,2,0,1.1015,1.4236
D1,2025-12-07,Hamburg,Werder Bremen,3,2,1.5771,1.1735
E0,2025-12-07,Brighton,West Ham,1,1,2.1008,1.7064
E0,2025-12-07,Fulham,Crystal Palace,1,2,0.7668,1.7111
F1,2025-12-07,Auxerre,Metz,3,1,2.2237,0.3465
F1,2025-12-07,Le Havre,Paris FC,0,0,1.9337,1.2524
F1,2025-12-07,Lorient,Lyon,1,0,2.4864,0.4751
F1,2025-12-07,Nice,Angers,0,1,1.3821,1.3372
I1,2025-12-07,Cagliari,Roma,1,0,1.4036,0.4517
I1,2025-12-07,Cremonese,Lecce,2,0,2.0825,1.3753
I1,2025-12-07,Lazio,Bologna,1,1,1.2415,1.2311
I1,2025-12-07,Napoli,Juventus,2,1,2.1655,0.2434
SP1,2025-12-07,Elche,Girona,3,0,1.5951,0.781
SP1,2025-12-07,Espanol,Vallecano,1,0,1.5798,0.2855
SP1,2025-12-07,Real Madrid,Celta,0,2,2.4168,1.6091
SP1,2025-12-07,Valencia,Sevilla,1,1,1.239,0.6355
E0,2025-12-08,Wolves,Man United,1,4,0.2621,4.0471
I1,2025-12-08,Pisa,Parma,0,1,1.5687,1.4984
I1,2025-12-08,Torino,Milan,2,3,1.0101,2.105
I1,2025-12-08,Udinese,Genoa,1,2,1.492,1.5362
SP1,2025-12-08,Osasuna,Levante,2,0,1.7499,0.545
D1,2025-12-12,Union Berlin,RB Leipzig,3,1,1.4766,0.4957
F1,2025-12-12,Angers,Nantes,4,1,3.0466,0.2653
I1,2025-12-12,Lecce,Pisa,1,0,2.7999,0.3037
SP1,2025-12-12,Sociedad,Girona,1,2,1.0235,1.1689
D1,2025-12-13,Ein Frankfurt,Augsburg,1,0,1.5202,0.6557
D1,2025-12-13,Hoffenheim,Hamburg,4,1,2.4881,1.4052
D1,2025-12-13,Leverkusen,FC Koln,2,0,2.295,0.4366
D1,2025-12-13,M'gladbach,Wolfsburg,1,3,0.6204,2.7214
D1,2025-12-13,St Pauli,Heidenheim,2,1,1.0004,1.8944
E0,2025-12-13,Arsenal,Wolves,2,1,1.618,0.62
E0,2025-12-13,Burnley,Fulham,2,3,2.0549,1.6505
E0,2025-12-13,Chelsea,Everton,2,0,2.6446,1.34
E0,2025-12-13,Liverpool,Brighton,2,0,2.4127,1.69
F1,2025-12-13,Metz,Paris SG,2,3,0.3637,1.9477
F1,2025-12-13,Paris FC,Toulouse,0,3,0.3664,2.0377
F1,2025-12-13,Rennes,Brest,3,1,1.589,0.8726
I1,2025-12-13,Atalanta,Cagliari,2,1,3.0856,0.5686
I1,2025-12-13,Parma,Lazio,0,1,1.0817,1.7657
I1,2025-12-13,Torino,Cremonese,1,0,1.946,0.7002
SP1,2025-12-13,Ath Madrid,Valencia,2,1,2.0708,1.2607
SP1,2025-12-13,Barcelona,Osasuna,2,0,2.1447,0.2282
SP1,2025-12-13,Getafe,Espanol,0,1,0.3059,0.7547
SP1,2025-12-13,Mallorca,Elche,3,1,2.581,0.3117
D1,2025-12-14,Bayern Munich,Mainz,2,2,4.6796,0.8032
D1,2025-12-14,Freiburg,Dortmund,1,1,1.1062,1.4743
D1,2025-12-14,Werder Bremen,Stuttgart,0,4,0.6079,2.0521
E0,2025-12-14,Brentford,Leeds,1,1,0.697,1.6341
E0,2025-12-14,Crystal Palace,Man City,0,3,1.3009,1.3532
E0,2025-12-14,Nott'm Forest,Tottenham,3,0,2.3266,0.3802
E0,2025-12-14,Sunderland,Newcastle,1,0,0.63,0.1693
E0,2025-12-14,West Ham,Aston Villa,2,3,1.277,0.5951
F1,2025-12-14,Auxerre,Lille,3,4,2.5086,0.7335
F1,2025-12-14,Lens,Nice,2,0,1.9162,0.7334
F1,2025-12-14,Lyon,Le Havre,1,0,2.9604,1.4446
F1,2025-12-14,Marseille,Monaco,1,0,2.0247,1.9496
F1,2025-12-14,Strasbourg,Lorient,0,0,0.9118,0.4159
I1,2025-12-14,Bologna,Juventus,0,1,0.9739,2.0715
I1,2025-12-14,Fiorentina,Verona,1,2,2.4178,1.5387
I1,2025-12-14,Genoa,Inter,1,2,0.8953,2.0441
I1,2025-12-14,Milan,Sassuolo,2,2,1.8335,1.0284
I1,2025-12-14,Udinese,Napoli,1,0,1.8415,0.9314
SP1,2025-12-14,Alaves,Real Madrid,1,2,1.313,1.9066
SP1,2025-12-14,Celta,Ath Bilbao,2,0,1.9707,1.6656
SP1,2025-12-14,Sevilla,Oviedo,4,0,2.319,0.417
E0,2025-12-15,Man United,Bournemouth,4,4,3.212,2.352
I1,2025-12-15,Roma,Como,1,0,1.6556,0.6359
SP1,2025-12-15,Vallecano,Betis,0,0,2.1848,0.7888
D1,2025-12-19,Dortmund,M'gladbach,2,0,1.6539,0.2212
SP1,2025-12-19,Valencia,Mallorca,1,1,2.1601,0.1994
D1,2025-12-20,Augsburg,Werder Bremen,0,0,1.4941,0.9069
D1,2025-12-20,FC Koln,Union Berlin,0,1,0.6771,1.4739
D1,2025-12-20,Hamburg,Ein Frankfurt,1,1,1.0977,1.0914
D1,2025-12-20,RB Leipzig,Leverkusen,1,3,1.9393,2.7048
D1,2025-12-20,Stuttgart,Hoffenheim,0,0,1.4612,0.1542
D1,2025-12-20,Wolfsburg,Freiburg,3,4,1.3058,2.6596
E0,2025-12-20,Bournemouth,Burnley,1,1,1.8185,0.4805
E0,2025-12-20,Brighton,Sunderland,0,0,0.9193,1.3104
E0,2025-12-20,Everton,Arsenal,0,1,0.2133,1.8472
E0,2025-12-20,Leeds,Crystal Palace,4,1,2.9079,1.5306
E0,2025-12-20,Man City,West Ham,3,0,3.5819,1.0214
E0,2025-12-20,Newcastle,Chelsea,2,2,2.8786,1.0261
E0,2025-12-20,Tottenham,Liverpool,1,2,1.3491,1.2316
E0,2025-12-20,Wolves,Brentford,0,2,1.2682,1.5631
I1,2025-12-20,Juventus,Roma,2,1,3.0959,1.2842
I1,2025-12-20,Lazio,Cremonese,0,0,0.4328,0.7097
SP1,2025-12-20,Levante,Sociedad,1,1,1.2201,1.6299
SP1,2025-12-20,Osasuna,Alaves,3,0,2.3914,0.7187
SP1,2025-12-20,Oviedo,Celta,0,0,0.5175,0.6
SP1,2025-12-20,Real Madrid,Sevilla,2,0,4.0014,1.5142
D1,2025-12-21,Heidenheim,Bayern Munich,0,4,1.4876,3.3679
D1,2025-12-21,Mainz,St Pauli,0,0,1.8737,0.2272
E0,2025-12-21,Aston Villa,Man United,2,1,1.8692,1.3046
I1,2025-12-21,Cagliari,Pisa,2,2,1.2017,2.0253
I1,2025-12-21,Fiorentina,Udinese,5,1,3.2481,0.795
I1,2025-12-21,Genoa,Atalanta,0,1,0.9677,1.7656
I1,2025-12-21,Sassuolo,Torino,0,1,0.5808,2.0
SP1,2025-12-21,Betis,Getafe,4,0,3.4602,1.2473
SP1,2025-12-21,Elche,Vallecano,4,0,3.67,1.1492
SP1,2025-12-21,Girona,Ath Madrid,0,3,1.1157,1.262
SP1,2025-12-21,Villarreal,Barcelona,0,2,2.1647,3.2738
E0,2025-12-22,Fulham,Nott'm Forest,1,0,1.7057,0.4863
SP1,2025-12-22,Ath Bilbao,Espanol,1,2,1.7228,0.909
E0,2025-12-26,Man United,Newcastle,1,0,0.9408,1.13
E0,2025-12-27,Arsenal,Brighton,2,1,2.5432,0.7101
E0,2025-12-27,Brentford,Bournemouth,4,1,2.8513,2.5618
E0,2025-12-27,Burnley,Everton,0,0,1.2495,1.252
E0,2025-12-27,Chelsea,Aston Villa,1,2,1.9715,2.0592
E0,2025-12-27,Liverpool,Wolves,2,1,1.565,0.7807
E0,2025-12-27,Nott'm Forest,Man City,1,2,0.6001,1.4647
E0,2025-12-27,West Ham,Fulham,0,1,1.1372,1.1144
I1,2025-12-27,Lecce,Como,0,3,1.1544,2.3335
I1,2025-12-27,Parma,Fiorentina,1,0,1.2645,1.2463
I1,2025-12-27,Pisa,Juventus,0,2,0.6416,1.2875
I1,2025-12-27,Torino,Cagliari,1,2,2.4609,0.9948
I1,2025-12-27,Udinese,Lazio,1,1,0.8066,0.848
E0,2025-12-28,Crystal Palace,Tottenham,0,1,0.9297,0.8708
E0,2025-12-28,Sunderland,Leeds,1,1,0.806,2.6065
I1,2025-12-28,Atalanta,Inter,0,1,1.1692,1.6327
I1,2025-12-28,Bologna,Sassuolo,1,1,0.937,1.5231
I1,2025-12-28,Cremonese,Napoli,0,2,0.2762,2.854
I1,2025-12-28,Milan,Verona,3,0,2.8783,0.3278
I1,2025-12-29,Roma,Genoa,3,1,1.8612,0.5109
E0,2025-12-30,Arsenal,Aston Villa,4,1,4.4134,2.9419
E0,2025-12-30,Burnley,Newcastle,1,3,1.3255,2.4925
E0,2025-12-30,Chelsea,Bournemouth,2,2,2.3329,3.4914
E0,2025-12-30,Man United,Wolves,1,1,1.1331,1.2178
E0,2025-12-30,Nott'm Forest,Everton,0,2,1.7545,1.6952
E0,2025-12-30,West Ham,Brighton,2,2,2.2764,3.0891
E0,2026-01-01,Brentford,Tottenham,0,0,0.5563,0.6083
E0,2026-01-01,Crystal Palace,Fulham,1,1,2.3535,1.7543
E0,2026-01-01,Liverpool,Leeds,0,0,1.6783,0.1594
E0,2026-01-01,Sunderland,Man City,0,0,0.9621,2.4425
F1,2026-01-02,Toulouse,Lens,0,3,0.4697,2.6777
I1,2026-01-02,Cagliari,Milan,0,1,0.3083,0.8933
SP1,2026-01-02,Vallecano,Getafe,1,1,0.6623,0.6639
E0,2026-01-03,Aston Villa,Nott'm Forest,3,1,1.4299,0.8982
E0,2026-01-03,Bournemouth,Arsenal,2,3,0.9478,1.28
E0,2026-01-03,Brighton,Burnley,2,0,1.4717,0.2546
E0,2026-01-03,Wolves,West Ham,3,0,2.2393,0.2357
F1,2026-01-03,Lille,Rennes,0,2,1.0611,1.4974
F1,2026-01-03,Monaco,Lyon,1,3,0.8,1.9553
F1,2026-01-03,Nice,Strasbourg,1,1,2.3947,1.3873
I1,2026-01-03,Atalanta,Roma,1,0,2.7364,1.0102
I1,2026-01-03,Como,Udinese,1,0,2.3835,0.245
I1,2026-01-03,Genoa,Pisa,1,1,0.5695,1.5538
I1,2026-01-03,Juventus,Lecce,1,1,3.5939,0.1763
I1,2026-01-03,Sassuolo,Parma,1,1,1.0095,1.1827
SP1,2026-01-03,Celta,Valencia,4,1,2.5903,1.793
SP1,2026-01-03,Elche,Villarreal,1,3,1.5212,2.635
SP1,2026-01-03,Espanol,Barcelona,0,2,1.7966,2.9425
SP1,2026-01-03,Osasuna,Ath Bilbao,1,1,0.8681,1.554
E0,2026-01-04,Everton,Brentford,2,4,1.0057,3.0518
E0,2026-01-04,Fulham,Liverpool,2,2,0.6092,1.7188
E0,2026-01-04,Leeds,Man United,1,1,0.9701,1.9478
E0,2026-01-04,Man City,Chelsea,1,1,1.0305,2.0373
E0,2026-01-04,Newcastle,Crystal Palace,2,0,2.7276,1.2783
E0,2026-01-04,Tottenham,Sunderland,1,1,1.4175,0.4675
F1,2026-01-04,Brest,Auxerre,2,0,1.544,0.8355
F1,2026-01-04,Le Havre,Angers,2,1,1.5488,0.731
F1,2026-01-04,Lorient,Metz,1,1,1.5541,0.3649
F1,2026-01-04,Marseille,Nantes,0,2,1.1414,3.1679
F1,2026-01-04,Paris SG,Paris FC,2,1,1.5872,0.9383
I1,2026-01-04,Fiorentina,Cremonese,1,0,2.2068,0.7529
I1,2026-01-04,Inter,Bologna,3,1,4.2672,0.7829
I1,2026-01-04,Lazio,Napoli,0,2,0.4058,2.425
I1,2026-01-04,Verona,Torino,0,3,0.2606,1.7029
SP1,2026-01-04,Alaves,Oviedo,1,1,1.5676,3.2191
SP1,2026-01-04,Mallorca,Girona,1,2,1.4834,1.4571
SP1,2026-01-04,Real Madrid,Betis,5,1,3.0073,0.9746
SP1,2026-01-04,Sevilla,Levante,0,3,1.6656,1.651
SP1,2026-01-04,Sociedad,Ath Madrid,1,1,1.7065,1.3733
E0,2026-01-06,West Ham,Nott'm Forest,1,2,1.737,1.2668
I1,2026-01-06,Lecce,Roma,0,2,0.6047,1.8916
I1,2026-01-06,Pisa,Como,0,3,1.7118,2.1036
I1,2026-01-06,Sassuolo,Juventus,0,3,0.2037,2.9078
E0,2026-01-07,Bournemouth,Tottenham,3,2,1.1901,1.6261
E0,2026-01-07,Brentford,Sunderland,3,0,3.861,1.5064
E0,2026-01-07,Burnley,Man United,2,2,0.3197,2.5249
E0,2026-01-07,Crystal Palace,Aston Villa,0,0,1.3251,2.0701
E0,2026-01-07,Everton,Wolves,1,1,1.6332,0.7133
E0,2026-01-07,Fulham,Chelsea,2,1,1.0601,2.4511
E0,2026-01-07,Man City,Brighton,1,1,2.959,1.3316
E0,2026-01-07,Newcastle,Leeds,4,3,2.435,2.3532
I1,2026-01-07,Bologna,Atalanta,0,2,1.1153,1.3334
I1,2026-01-07,Lazio,Fiorentina,2,2,2.7081,1.5194
I1,2026-01-07,Napoli,Verona,2,2,1.5729,1.2918
I1,2026-01-07,Parma,Inter,0,2,0.2611,3.0878
I1,2026-01-07,Torino,Udinese,1,2,1.6739,2.3179
E0,2026-01-08,Arsenal,Liverpool,0,0,0.7018,0.3186
I1,2026-01-08,Cremonese,Cagliari,2,2,2.2527,1.7826
I1,2026-01-08,Milan,Genoa,1,1,2.1162,1.4374
D1,2026-01-09,Ein Frankfurt,Dortmund,3,3,1.6643,2.2983
SP1,2026-01-09,Getafe,Sociedad,1,2,0.2402,1.258
D1,2026-01-10,Freiburg,Hamburg,2,1,2.9352,0.8508
D1,2026-01-10,Heidenheim,FC Koln,2,2,2.1463,2.7562
D1,2026-01-10,Leverkusen,Stuttgart,1,4,1.9832,2.6882
D1,2026-01-10,Union Berlin,Mainz,2,2,3.6505,1.5649
I1,2026-01-10,Atalanta,Torino,2,0,2.5511,0.9459
I1,2026-01-10,Como,Bologna,1,1,1.1392,1.5489
I1,2026-01-10,Roma,Sassuolo,2,0,2.9584,0.8585
I1,2026-01-10,Udinese,Pisa,2,2,2.1802,1.4267
SP1,2026-01-10,Girona,Osasuna,1,0,0.984,1.2267
SP1,2026-01-10,Oviedo,Betis,1,1,1.0103,2.7081
SP1,2026-01-10,Valencia,Elche,1,1,2.0415,0.2444
SP1,2026-01-10,Villarreal,Alaves,3,1,1.3832,0.8446
D1,2026-01-11,Bayern Munich,Wolfsburg,8,1,3.5493,1.0852
D1,2026-01-11,M'gladbach,Augsburg,4,0,3.572,1.575
I1,2026-01-11,Fiorentina,Milan,1,1,2.3803,2.0526
I1,2026-01-11,Inter,Napoli,2,2,1.6567,1.3842
I1,2026-01-11,Lecce,Parma,1,2,0.8422,1.4639
I1,2026-01-11,Verona,Lazio,0,1,0.5849,0.6445
SP1,2026-01-11,Levante,Espanol,1,1,1.1823,1.5892
SP1,2026-01-11,Vallecano,Mallorca,2,1,2.0511,1.0574
I1,2026-01-12,Genoa,Cagliari,3,0,1.2615,1.0068
I1,2026-01-12,Juventus,Cremonese,5,0,3.2309,1.1134
SP1,2026-01-12,Sevilla,Celta,0,1,0.2625,2.0763
D1,2026-01-13,Dortmund,Werder Bremen,3,0,2.3177,0.3995
D1,2026-01-13,Mainz,Heidenheim,2,1,1.9569,1.2356
D1,2026-01-13,Stuttgart,Ein Frankfurt,3,2,3.5446,0.8965
D1,2026-01-14,FC Koln,Bayern Munich,1,3,0.7147,2.1164
D1,2026-01-14,Hoffenheim,M'gladbach,5,1,4.3777,0.8329
D1,2026-01-14,RB Leipzig,Freiburg,2,0,2.8029,0.1477
D1,2026-01-14,Wolfsburg,St Pauli,2,1,1.7803,1.2117
I1,2026-01-14,Inter,Lecce,1,0,1.9168,0.4688
I1,2026-01-14,Napoli,Parma,0,0,1.2967,0.2302
D1,2026-01-15,Augsburg,Union Berlin,1,1,0.5595,1.7383
I1,2026-01-15,Como,Milan,1,3,1.8695,1.3926
I1,2026-01-15,Verona,Bologna,2,3,1.6881,0.6907
D1,2026-01-16,Werder Bremen,Ein Frankfurt,3,3,2.1011,1.2077
F1,2026-01-16,Monaco,Lorient,1,3,1.3132,1.1714
F1,2026-01-16,Paris SG,Lille,3,0,1.2928,0.68
I1,2026-01-16,Pisa,Atalanta,1,1,1.6369,1.7736
SP1,2026-01-16,Espanol,Girona,0,2,1.2674,1.8238
D1,2026-01-17,Dortmund,St Pauli,3,2,2.5477,0.5326
D1,2026-01-17,FC Koln,Mainz,2,1,2.4128,1.9107
D1,2026-01-17,Hamburg,M'gladbach,0,0,1.262,0.5765
D1,2026-01-17,Hoffenheim,Leverkusen,1,0,2.1199,1.2705
D1,2026-01-17,RB Leipzig,Bayern Munich,1,5,2.8692,4.6523
D1,2026-01-17,Wolfsburg,Heidenheim,1,1,1.0765,0.9912
E0,2026-01-17,Chelsea,Brentford,2,0,1.6226,1.4752
E0,2026-01-17,Leeds,Fulham,1,0,2.169,0.2588
E0,2026-01-17,Liverpool,Burnley,1,1,3.4905,0.547
E0,2026-01-17,Man United,Man City,2,0,3.0728,0.387
E0,2026-01-17,Nott'm Forest,Arsenal,0,0,0.3185,2.8632
E0,2026-01-17,Sunderland,Crystal Palace,2,1,1.846,1.1517
E0,2026-01-17,Tottenham,West Ham,1,2,1.6529,2.7676
F1,2026-01-17,Angers,Marseille,2,5,1.0373,3.9112
F1,2026-01-17,Lens,Auxerre,1,0,2.6182,0.393
F1,2026-01-17,Toulouse,Nice,5,1,1.7735,1.4191
I1,2026-01-17,Cagliari,Juventus,1,0,0.1761,0.8727
I1,2026-01-17,Napoli,Sassuolo,1,0,0.6052,1.1235
I1,2026-01-17,Udinese,Inter,0,1,0.1308,2.1747
SP1,2026-01-17,Betis,Villarreal,2,0,1.3495,1.1791
SP1,2026-01-17,Mallorca,Ath Bilbao,3,2,3.1143,2.2824
SP1,2026-01-17,Osasuna,Oviedo,3,2,2.0355,1.3617
SP1,2026-01-17,Real Madrid,Levante,2,0,2.5486,0.7875
D1,2026-01-18,Augsburg,Freiburg,2,2,0.9867,1.5911
D1,2026-01-18,Stuttgart,Union Berlin,1,1,2.1978,1.8876
E0,2026-01-18,Aston Villa,Everton,0,1,0.9054,0.7459
E0,2026-01-18,Wolves,Newcastle,0,0,0.3902,0.8133
F1,2026-01-18,Lyon,Brest,2,1,2.6289,1.1632
F1,2026-01-18,Nantes,Paris FC,1,2,0.4117,0.7389
F1,2026-01-18,Rennes,Le Havre,1,1,2.5472,0.5387
F1,2026-01-18,Strasbourg,Metz,2,1,1.019,0.9843
I1,2026-01-18,Bologna,Fiorentina,1,2,1.344,1.6456
I1,2026-01-18,Milan,Lecce,1,0,3.1745,0.1816
I1,2026-01-18,Parma,Genoa,0,0,0.4639,1.0747
I1,2026-01-18,Torino,Roma,0,2,0.3944,2.0274
SP1,2026-01-18,Ath Madrid,Alaves,1,0,1.7743,1.21
SP1,2026-01-18,Celta,Vallecano,3,0,1.9027,1.3193
SP1,2026-01-18,Getafe,Valencia,0,1,0.5846,0.7469
SP1,2026-01-18,Sociedad,Barcelona,2,1,1.5588,3.9203
E0,2026-01-19,Brighton,Bournemouth,1,1,0.9958,1.6974
I1,2026-01-19,Cremonese,Verona,0,0,0.4521,0.4875
I1,2026-01-19,Lazio,Como,0,3,0.4653,2.2839
SP1,2026-01-19,Elche,Sevilla,2,2,1.4808,2.4961
D1,2026-01-23,St Pauli,Hamburg,0,0,0.312,0.3332
F1,2026-01-23,Auxerre,Paris SG,0,1,0.353,2.1954
I1,2026-01-23,Inter,Pisa,6,2,6.2437,0.4535
SP1,2026-01-23,Levante,Elche,3,2,3.2445,0.633
D1,2026-01-24,Bayern Munich,Augsburg,1,2,2.3077,1.2455
D1,2026-01-24,Ein Frankfurt,Hoffenheim,1,3,0.8297,1.6281
D1,2026-01-24,Heidenheim,RB Leipzig,0,3,0.9877,2.0768
D1,2026-01-24,Leverkusen,Werder Bremen,1,0,2.516,0.674
D1,2026-01-24,Mainz,Wolfsburg,3,1,4.342,1.0934
D1,2026-01-24,Union Berlin,Dortmund,0,3,0.9897,2.2729
E0,2026-01-24,Bournemouth,Liverpool,3,2,3.3147,0.9373
E0,2026-01-24,Burnley,Tottenham,2,2,1.5488,2.5909
E0,2026-01-24,Fulham,Brighton,2,1,1.1324,1.9465
E0,2026-01-24,Man City,Wolves,2,0,1.0654,0.5427
E0,2026-01-24,West Ham,Sunderland,3,1,2.1867,0.7138
F1,2026-01-24,Le Havre,Monaco,0,0,0.1716,0.5625
F1,2026-01-24,Marseille,Lens,3,1,1.0724,1.0029
F1,2026-01-24,Rennes,Lorient,0,2,1.8824,1.1036
I1,2026-01-24,Como,Torino,6,0,3.1534,0.3274
I1,2026-01-24,Fiorentina,Cagliari,1,2,2.0916,1.279
I1,2026-01-24,Lecce,Lazio,0,0,0.601,0.717
SP1,2026-01-24,Sevilla,Ath Bilbao,2,1,1.4305,1.9126
SP1,2026-01-24,Valencia,Espanol,3,2,2.7696,1.7594
SP1,2026-01-24,Vallecano,Osasuna,1,3,0.6696,1.3686
SP1,2026-01-24,Villarreal,Real Madrid,0,2,0.9528,1.6221
D1,2026-01-25,Freiburg,FC Koln,2,1,2.5673,1.6912
D1,2026-01-25,M'gladbach,Stuttgart,0,3,1.222,2.7268
E0,2026-01-25,Arsenal,Man United,2,3,1.4241,0.6409
E0,2026-01-25,Brentford,Nott'm Forest,0,2,2.0041,1.3896
E0,2026-01-25,Crystal Palace,Chelsea,1,3,2.4179,3.0882
E0,2026-01-25,Newcastle,Aston Villa,0,2,1.9548,1.3214
F1,2026-01-25,Brest,Toulouse,0,2,0.9883,0.6843
F1,2026-01-25,Lille,Strasbourg,1,4,1.7409,3.5651
F1,2026-01-25,Metz,Lyon,2,5,1.1833,3.3412
F1,2026-01-25,Nantes,Nice,1,4,1.9858,1.6112
F1,2026-01-25,Paris FC,Angers,0,0,0.7591,0.3427
I1,2026-01-25,Atalanta,Parma,4,0,5.0189,1.8653
I1,2026-01-25,Genoa,Bologna,3,2,0.7069,0.592
I1,2026-01-25,Juventus,Napoli,3,0,1.5468,0.4217
I1,2026-01-25,Roma,Milan,1,1,2.1357,0.5832
I1,2026-01-25,Sassuolo,Cremonese,1,0,1.3787,0.8455
SP1,2026-01-25,Alaves,Betis,2,1,1.671,1.7866
SP1,2026-01-25,Ath Madrid,Mallorca,3,0,1.425,0.3679
SP1,2026-01-25,Barcelona,Oviedo,3,0,2.5992,0.4864
SP1,2026-01-25,Sociedad,Celta,3,1,2.155,1.6312
E0,2026-01-26,Everton,Leeds,1,1,0.8899,1.6766
I1,2026-01-26,Verona,Udinese,1,3,0.5738,1.9365
SP1,2026-01-26,Girona,Getafe,1,1,1.0157,1.1089
D1,2026-01-27,St Pauli,RB Leipzig,1,1,1.3317,2.0599
D1,2026-01-27,Werder Bremen,Hoffenheim,0,2,1.4269,0.5676
D1,2026-01-30,FC Koln,Wolfsburg,1,0,1.4356,1.3463
F1,2026-01-30,Lens,Le Havre,1,0,1.6037,0.4071
I1,2026-01-30,Lazio,Genoa,3,2,2.0665,1.8331
SP1,2026-01-30,Espanol,Alaves,1,2,1.201,1.3225
D1,2026-01-31,Augsburg,St Pauli,2,1,2.117,2.8861
D1,2026-01-31,Ein Frankfurt,Leverkusen,1,3,1.3185,1.5295
D1,2026-01-31,Hamburg,Bayern Munich,2,2,2.645,2.2891
D1,2026-01-31,Hoffenheim,Union Berlin,3,1,1.5068,1.2328
D1,2026-01-31,RB Leipzig,Mainz,1,2,2.0942,2.5768
D1,2026-01-31,Werder Bremen,M'gladbach,1,1,0.9912,1.2571
E0,2026-01-31,Brighton,Everton,1,1,1.4283,1.2813
E0,2026-01-31,Chelsea,West Ham,3,2,2.6613,1.7259
E0,2026-01-31,Leeds,Arsenal,0,4,0.1787,3.5443
E0,2026-01-31,Liverpool,Newcastle,4,1,3.0997,0.2843
E0,2026-01-31,Wolves,Bournemouth,0,2,2.1035,1.5912
F1,2026-01-31,Lorient,Nantes,2,1,0.777,1.2018
F1,2026-01-31,Monaco,Rennes,4,0,2.2852,0.428
F1,2026-01-31,Paris FC,Marseille,2,2,1.8205,2.7112
I1,2026-01-31,Cagliari,Verona,4,0,1.9813,0.3748
I1,2026-01-31,Napoli,Fiorentina,2,1,2.3962,1.812
I1,2026-01-31,Pisa,Sassuolo,1,3,0.7736,2.2033
SP1,2026-01-31,Elche,Barcelona,1,3,0.839,7.1105
SP1,2026-01-31,Levante,Ath Madrid,0,0,0.4111,0.6153
SP1,2026-01-31,Osasuna,Villarreal,2,2,2.1347,0.9111
SP1,2026-01-31,Oviedo,Girona,1,0,1.266,0.6642
D1,2026-02-01,Dortmund,Heidenheim,3,2,4.139,3.0432
D1,2026-02-01,Stuttgart,Freiburg,1,0,2.952,0.9362
E0,2026-02-01,Aston Villa,Brentford,0,1,2.1532,0.3149
E0,2026-02-01,Man United,Fulham,3,2,1.8436,1.72
E0,2026-02-01,Nott'm Forest,Crystal Palace,1,1,0.9873,1.648
E0,2026-02-01,Tottenham,Man City,2,2,1.4974,2.0361
F1,2026-02-01,Angers,Metz,1,0,1.3468,0.3979
F1,2026-02-01,Lyon,Lille,1,0,0.617,0.3907
F1,2026-02-01,Nice,Brest,2,2,1.2009,1.8351
F1,2026-02-01,Strasbourg,Paris SG,1,2,1.9712,1.1649
F1,2026-02-01,Toulouse,Auxerre,0,0,0.8046,0.8714
I1,2026-02-01,Como,Atalanta,0,0,5.9688,0.785
I1,2026-02-01,Cremonese,Inter,0,2,0.5102,2.1831
I1,2026-02-01,Parma,Juventus,1,4,0.5984,3.5194
I1,2026-02-01,Torino,Lecce,1,0,2.4826,0.4685
SP1,2026-02-01,Ath Bilbao,Sociedad,1,1,0.8938,1.5858
SP1,2026-02-01,Betis,Valencia,2,1,2.1688,1.8867
SP1,2026-02-01,Getafe,Celta,0,0,0.4999,0.2569
SP1,2026-02-01,Real Madrid,Vallecano,2,1,2.3021,1.0694
E0,2026-02-02,Sunderland,Burnley,3,0,1.8865,0.1264
I1,2026-02-02,Udinese,Roma,1,0,0.6426,0.6688
SP1,2026-02-02,Mallorca,Sevilla,4,1,3.0435,1.2432
I1,2026-02-03,Bologna,Milan,0,3,0.4405,3.3577
D1,2026-02-06,Union Berlin,Ein Frankfurt,1,1,1.2712,0.2968
E0,2026-02-06,Leeds,Nott'm Forest,3,1,3.3818,1.6608
I1,2026-02-06,Verona,Pisa,0,0,0.0784,1.2614
SP1,2026-02-06,Celta,Osasuna,1,2,2.0351,1.0025
D1,2026-02-07,Freiburg,Werder Bremen,1,0,0.3645,1.1233
D1,2026-02-07,Heidenheim,Hamburg,0,2,1.0461,1.5511
D1,2026-02-07,M'gladbach,Leverkusen,1,1,0.7835,0.7413
D1,2026-02-07,Mainz,Augsburg,2,0,3.0066,1.3594
D1,2026-02-07,St Pauli,Stuttgart,2,1,1.6622,0.9126
D1,2026-02-07,Wolfsburg,Dortmund,1,2,2.0275,1.706
E0,2026-02-07,Arsenal,Sunderland,3,0,1.194,0.4272
E0,2026-02-07,Bournemouth,Aston Villa,1,1,1.8265,0.6465
E0,2026-02-07,Burnley,West Ham,0,2,1.8464,1.1223
E0,2026-02-07,Fulham,Everton,1,2,2.2013,1.8878
E0,2026-02-07,Man United,Tottenham,2,0,2.1658,0.5934
E0,2026-02-07,Newcastle,Brentford,2,3,3.3215,1.6502
E0,2026-02-07,Wolves,Chelsea,1,3,1.1137,3.7628
I1,2026-02-07,Fiorentina,Torino,2,2,1.272,1.0134
I1,2026-02-07,Genoa,Napoli,2,3,1.3246,1.8978
SP1,2026-02-07,Barcelona,Mallorca,3,0,2.4817,1.0109
SP1,2026-02-07,Sociedad,Elche,3,1,1.7719,1.0866
D1,2026-02-08,Bayern Munich,Hoffenheim,5,1,6.3783,2.6683
D1,2026-02-08,FC Koln,RB Leipzig,1,2,1.1217,3.0577
E0,2026-02-08,Brighton,Crystal Palace,0,1,0.7378,0.9284
E0,2026-02-08,Liverpool,Man City,1,2,1.2665,2.4148
F1,2026-02-08,Angers,Toulouse,1,0,1.1709,0.692
F1,2026-02-08,Auxerre,Paris FC,0,0,1.2739,0.7582
F1,2026-02-08,Brest,Lorient,2,0,2.0513,0.7206
F1,2026-02-08,Le Havre,Strasbourg,2,1,0.8568,0.5129
F1,2026-02-08,Lens,Rennes,3,1,1.0113,1.336
F1,2026-02-08,Metz,Lille,0,0,0.5818,1.5354
F1,2026-02-08,Nantes,Lyon,0,1,0.7957,0.99
F1,2026-02-08,Nice,Monaco,0,0,0.4559,0.8273
F1,2026-02-08,Paris SG,Marseille,5,0,4.6308,0.9061
I1,2026-02-08,Bologna,Parma,0,1,1.6466,0.193
I1,2026-02-08,Juventus,Lazio,2,2,2.8561,0.8088
I1,2026-02-08,Lecce,Udinese,2,1,2.1862,0.895
I1,2026-02-08,Sassuolo,Inter,0,5,0.7216,2.7511
SP1,2026-02-08,Alaves,Getafe,0,2,3.0116,1.7859
SP1,2026-02-08,Ath Bilbao,Levante,4,2,2.7738,0.6153
SP1,2026-02-08,Ath Madrid,Betis,0,1,0.6255,0.8398
SP1,2026-02-08,Sevilla,Girona,1,1,0.9582,2.602
SP1,2026-02-08,Valencia,Real Madrid,0,2,0.5718,1.0458
I1,2026-02-09,Atalanta,Cremonese,2,1,3.1212,0.9148
I1,2026-02-09,Roma,Cagliari,2,0,2.2043,0.6131
SP1,2026-02-09,Villarreal,Espanol,4,1,1.5393,0.7447
E0,2026-02-10,Chelsea,Leeds,2,2,3.2118,1.2895
E0,2026-02-10,Everton,Bournemouth,1,2,2.3311,1.4121
E0,2026-02-10,Tottenham,Newcastle,1,2,1.6892,2.4699
E0,2026-02-10,West Ham,Man United,1,1,1.3075,0.7358
E0,2026-02-11,Aston Villa,Brighton,1,0,0.5761,0.4813
E0,2026-02-11,Crystal Palace,Burnley,2,3,2.1276,0.6913
E0,2026-02-11,Man City,Fulham,3,0,1.6772,1.0528
E0,2026-02-11,Nott'm Forest,Wolves,0,0,3.6909,0.407
E0,2026-02-11,Sunderland,Liverpool,0,1,0.6938,3.0817
E0,2026-02-12,Brentford,Arsenal,1,1,1.8115,0.7842
D1,2026-02-13,Dortmund,Mainz,4,0,1.8103,1.672
F1,2026-02-13,Monaco,Nantes,3,1,2.2019,1.0066
F1,2026-02-13,Rennes,Paris SG,3,1,1.802,4.176
I1,2026-02-13,Pisa,Milan,1,2,0.9373,2.1577
SP1,2026-02-13,Elche,Osasuna,0,0,2.3333,0.8126
D1,2026-02-14,Ein Frankfurt,M'gladbach,3,0,1.9874,1.0315
D1,2026-02-14,Hamburg,Union Berlin,3,2,2.2034,2.1897
D1,2026-02-14,Hoffenheim,Freiburg,3,0,1.9005,0.7441
D1,2026-02-14,Leverkusen,St Pauli,4,0,2.2604,0.6548
D1,2026-02-14,Stuttgart,FC Koln,3,1,2.5627,1.1325
D1,2026-02-14,Werder Bremen,Bayern Munich,0,3,0.7796,1.8771
F1,2026-02-14,Lille,Brest,1,1,1.7743,0.842
F1,2026-02-14,Marseille,Strasbourg,2,2,1.6154,2.3915
F1,2026-02-14,Paris FC,Lens,0,5,0.3993,3.5016
I1,2026-02-14,Como,Fiorentina,1,2,0.9026,1.302
I1,2026-02-14,Inter,Juventus,3,2,2.4811,1.295
I1,2026-02-14,Lazio,Atalanta,0,2,1.5437,1.8212
SP1,2026-02-14,Espanol,Celta,2,2,1.1611,2.8149
SP1,2026-02-14,Getafe,Villarreal,2,1,1.6176,0.9694
SP1,2026-02-14,Real Madrid,Sociedad,4,1,3.0592,1.6602
SP1,2026-02-14,Sevilla,Alaves,1,1,0.3543,1.3898
D1,2026-02-15,Augsburg,Heidenheim,1,0,1.8768,0.6978
D1,2026-02-15,RB Leipzig,Wolfsburg,2,2,2.5109,0.6878
F1,2026-02-15,Le Havre,Toulouse,2,1,0.9777,3.1234
F1,2026-02-15,Lorient,Angers,2,0,1.4393,0.406
F1,2026-02-15,Lyon,Nice,2,0,1.9974,1.3048
F1,2026-02-15,Metz,Auxerre,1,3,0.7536,1.0583
I1,2026-02-15,Cremonese,Genoa,0,0,1.3472,1.3351
I1,2026-02-15,Napoli,Roma,2,2,0.5247,1.9544
I1,2026-02-15,Parma,Verona,2,1,2.1671,0.8561
I1,2026-02-15,Torino,Bologna,1,2,0.3944,1.7123
I1,2026-02-15,Udinese,Sassuolo,1,2,0.4912,1.2471
SP1,2026-02-15,Levante,Valencia,0,2,1.4574,0.7438
SP1,2026-02-15,Mallorca,Betis,1,2,0.7313,2.0484
SP1,2026-02-15,Oviedo,Ath Bilbao,1,2,0.861,1.2057
SP1,2026-02-15,Vallecano,Ath Madrid,3,0,2.7533,0.7529
I1,2026-02-16,Cagliari,Lecce,0,2,1.4695,1.7636
SP1,2026-02-16,Girona,Barcelona,2,1,2.8897,2.6965
E0,2026-02-18,Wolves,Arsenal,2,2,0.1731,2.0102
I1,2026-02-18,Milan,Como,1,1,1.1702,1.6453
SP1,2026-02-18,Levante,Villarreal,0,1,0.7743,2.4002
D1,2026-02-20,Mainz,Hamburg,1,1,1.7522,0.8234
F1,2026-02-20,Brest,Marseille,2,0,1.3341,1.3575
I1,2026-02-20,Sassuolo,Verona,3,0,1.5871,0.6157
SP1,2026-02-20,Ath Bilbao,Elche,2,1,3.3835,0.7836
D1,2026-02-21,Bayern Munich,Ein Frankfurt,3,2,2.8352,2.2926
D1,2026-02-21,FC Koln,Hoffenheim,2,2,1.1225,1.8243
D1,2026-02-21,RB Leipzig,Dortmund,2,2,3.5093,1.3535
D1,2026-02-21,Union Berlin,Leverkusen,1,0,0.7577,1.2027
D1,2026-02-21,Wolfsburg,Augsburg,2,3,2.1758,1.5643
E0,2026-02-21,Aston Villa,Leeds,1,1,1.2544,1.2786
E0,2026-02-21,Brentford,Brighton,0,2,1.6902,1.372
E0,2026-02-21,Chelsea,Burnley,1,1,2.5153,1.0126
E0,2026-02-21,Man City,Newcastle,2,1,2.2265,0.508
E0,2026-02-21,West Ham,Bournemouth,0,0,2.3441,0.5227
F1,2026-02-21,Lens,Monaco,2,3,1.8283,2.34
F1,2026-02-21,Paris SG,Metz,3,0,2.4144,0.0591
F1,2026-02-21,Toulouse,Paris FC,1,1,2.6776,0.6878
I1,2026-02-21,Cagliari,Lazio,0,0,0.7711,0.5207
I1,2026-02-21,Juventus,Como,0,2,1.0143,1.4318
I1,2026-02-21,Lecce,Inter,0,2,0.1279,2.6436
SP1,2026-02-21,Ath Madrid,Espanol,4,2,3.2859,1.0411
SP1,2026-02-21,Betis,Vallecano,1,1,2.1355,1.3034
SP1,2026-02-21,Osasuna,Real Madrid,2,1,2.3125,2.0231
SP1,2026-02-21,Sociedad,Oviedo,3,3,2.7749,1.7509
D1,2026-02-22,Freiburg,M'gladbach,2,1,1.2923,1.0286
D1,2026-02-22,Heidenheim,Stuttgart,3,3,2.2157,2.275
D1,2026-02-22,St Pauli,Werder Bremen,2,1,0.2607,1.6114
E0,2026-02-22,Crystal Palace,Wolves,1,0,2.0356,1.6775
E0,2026-02-22,Nott'm Forest,Liverpool,0,1,0.9348,2.3963
E0,2026-02-22,Sunderland,Fulham,1,3,1.7609,2.167
E0,2026-02-22,Tottenham,Arsenal,1,4,0.3833,3.317
F1,2026-02-22,Angers,Lille,0,1,0.2404,2.7426
F1,2026-02-22,Auxerre,Rennes,0,3,0.7,1.106
F1,2026-02-22,Nantes,Le Havre,2,0,1.7075,0.7533
F1,2026-02-22,Nice,Lorient,3,3,2.7465,1.977
F1,2026-02-22,Strasbourg,Lyon,3,1,2.229,0.4273
I1,2026-02-22,Atalanta,Napoli,2,1,0.9622,1.059
I1,2026-02-22,Genoa,Torino,3,0,2.0631,0.5307
I1,2026-02-22,Milan,Parma,0,1,1.6344,0.7601
I1,2026-02-22,Roma,Cremonese,3,0,2.5819,0.2807
SP1,2026-02-22,Barcelona,Levante,3,0,4.244,0.6026
SP1,2026-02-22,Celta,Mallorca,2,0,2.939,0.0207
SP1,2026-02-22,Getafe,Sevilla,0,1,0.2505,0.2832
SP1,2026-02-22,Villarreal,Valencia,2,1,2.3814,1.9126
E0,2026-02-23,Everton,Man United,0,1,0.5609,1.4547
I1,2026-02-23,Bologna,Udinese,1,0,1.4471,0.5306
I1,2026-02-23,Fiorentina,Pisa,1,0,1.7783,0.4321
SP1,2026-02-23,Alaves,Girona,2,2,2.1366,2.0572
D1,2026-02-27,Augsburg,FC Koln,2,0,1.5584,0.4927
E0,2026-02-27,Wolves,Aston Villa,2,0,1.5077,1.3133
F1,2026-02-27,Strasbourg,Lens,1,1,0.8747,2.0381
I1,2026-02-27,Parma,Cagliari,1,1,1.3126,0.6158
SP1,2026-02-27,Levante,Alaves,2,0,2.7725,1.2986
D1,2026-02-28,Dortmund,Bayern Munich,2,3,1.3976,1.8902
D1,2026-02-28,Hoffenheim,St Pauli,0,1,2.5741,0.9465
D1,2026-02-28,Leverkusen,Mainz,1,1,1.9482,0.9714
D1,2026-02-28,M'gladbach,Union Berlin,1,0,2.5601,0.1376
D1,2026-02-28,Werder Bremen,Heidenheim,2,0,3.4789,1.7092
E0,2026-02-28,Bournemouth,Sunderland,1,1,1.8243,1.0789
E0,2026-02-28,Burnley,Brentford,3,4,0.8238,2.4459
E0,2026-02-28,Leeds,Man City,0,1,1.3782,2.4683
E0,2026-02-28,Liverpool,West Ham,5,2,2.0994,1.3517
E0,2026-02-28,Newcastle,Everton,2,3,1.1189,2.4073
F1,2026-02-28,Le Havre,Paris SG,0,1,0.6828,4.0363
F1,2026-02-28,Monaco,Angers,2,0,1.6708,0.6094
F1,2026-02-28,Rennes,Toulouse,1,0,0.7091,0.6684
I1,2026-02-28,Como,Lecce,3,1,2.9862,0.425
I1,2026-02-28,Inter,Genoa,2,0,2.1923,0.1708
I1,2026-02-28,Verona,Napoli,1,2,0.2778,1.2135
SP1,2026-02-28,Barcelona,Villarreal,4,1,3.5474,1.3618
SP1,2026-02-28,Mallorca,Sociedad,0,1,0.7542,0.9297
SP1,2026-02-28,Oviedo,Ath Madrid,0,1,1.5009,0.8531
SP1,2026-02-28,Vallecano,Ath Bilbao,1,1,1.3595,0.4285
D1,2026-03-01,Ein Frankfurt,Freiburg,2,0,1.6709,0.6419
D1,2026-03-01,Hamburg,RB Leipzig,1,2,0.8206,2.29
D1,2026-03-01,Stuttgart,Wolfsburg,4,0,2.9519,0.8657
E0,2026-03-01,Arsenal,Chelsea,2,1,1.716,1.3527
E0,2026-03-01,Brighton,Nott'm Forest,2,1,1.2011,0.8306
E0,2026-03-01,Fulham,Tottenham,2,1,2.3207,0.9521
E0,2026-03-01,Man United,Crystal Palace,2,1,2.3461,0.3847
F1,2026-03-01,Lille,Nantes,1,0,0.4957,0.171
F1,2026-03-01,Lorient,Auxerre,2,2,1.0277,1.9667
F1,2026-03-01,Marseille,Lyon,3,2,1.7876,1.7852
F1,2026-03-01,Metz,Brest,0,1,1.5837,0.9632
F1,2026-03-01,Paris FC,Nice,1,0,1.3017,1.263
I1,2026-03-01,Cremonese,Milan,0,2,1.0839,3.8751
I1,2026-03-01,Roma,Juventus,3,3,2.3306,1.8583
I1,2026-03-01,Sassuolo,Atalanta,2,1,1.8113,3.7472
I1,2026-03-01,Torino,Lazio,2,0,1.0609,1.0587
SP1,2026-03-01,Betis,Sevilla,2,2,1.4844,0.6562
SP1,2026-03-01,Elche,Espanol,2,2,1.8238,0.8349
SP1,2026-03-01,Girona,Celta,1,2,1.5704,0.6971
SP1,2026-03-01,Valencia,Osasuna,1,0,1.3108,0.2591
I1,2026-03-02,Pisa,Bologna,0,1,0.7431,0.8716
I1,2026-03-02,Udinese,Fiorentina,3,0,2.0239,0.5854
SP1,2026-03-02,Real Madrid,Getafe,0,1,2.0227,0.4763
E0,2026-03-03,Bournemouth,Brentford,0,0,2.3177,0.6733
E0,2026-03-03,Everton,Burnley,2,0,1.1584,0.7622
E0,2026-03-03,Leeds,Sunderland,0,1,0.8882,0.8439
E0,2026-03-03,Wolves,Liverpool,2,1,0.636,2.1722
D1,2026-03-04,Hamburg,Leverkusen,0,1,1.2869,2.6787
E0,2026-03-04,Aston Villa,Chelsea,1,4,1.0685,3.3888
E0,2026-03-04,Brighton,Arsenal,0,1,0.9192,0.5148
E0,2026-03-04,Fulham,West Ham,0,1,0.6281,1.4953
E0,2026-03-04,Man City,Nott'm Forest,2,2,2.7266,1.2364
E0,2026-03-04,Newcastle,Man United,2,1,1.9664,1.8057
SP1,2026-03-04,Vallecano,Oviedo,3,0,2.5509,1.0105
E0,2026-03-05,Tottenham,Crystal Palace,1,3,1.2961,1.9151
D1,2026-03-06,Bayern Munich,M'gladbach,4,1,3.1198,1.2199
F1,2026-03-06,Paris SG,Monaco,1,3,1.2218,1.7529
I1,2026-03-06,Napoli,Torino,2,1,2.3201,0.6934
SP1,2026-03-06,Celta,Real Madrid,1,2,0.9103,0.6376
D1,2026-03-07,FC Koln,Dortmund,1,2,0.964,1.9574
D1,2026-03-07,Freiburg,Leverkusen,3,3,2.5841,2.1863
D1,2026-03-07,Heidenheim,Hoffenheim,2,4,0.9667,2.7938
D1,2026-03-07,Mainz,Stuttgart,2,2,3.5252,0.9201
D1,2026-03-07,RB Leipzig,Augsburg,2,1,2.1944,3.6651
D1,2026-03-07,Wolfsburg,Hamburg,1,2,2.4661,1.8045
F1,2026-03-07,Auxerre,Strasbourg,0,0,1.0323,1.2732
F1,2026-03-07,Nantes,Angers,0,1,0.6117,0.8532
F1,2026-03-07,Toulouse,Marseille,0,1,1.2871,1.3226
I1,2026-03-07,Atalanta,Udinese,2,2,1.9985,0.8601
I1,2026-03-07,Cagliari,Como,1,2,0.518,0.7638
I1,2026-03-07,Juventus,Pisa,4,0,3.1681,0.32
SP1,2026-03-07,Ath Bilbao,Barcelona,0,1,1.047,0.56
SP1,2026-03-07,Ath Madrid,Sociedad,3,2,3.5797,0.3139
SP1,2026-03-07,Levante,Girona,1,1,0.819,1.917
SP1,2026-03-07,Osasuna,Mallorca,2,2,3.0903,1.0316
D1,2026-03-08,St Pauli,Ein Frankfurt,0,0,0.4723,0.4515
D1,2026-03-08,Union Berlin,Werder Bremen,1,4,1.13,2.2398
F1,2026-03-08,Brest,Le Havre,2,0,1.2646,1.1029
F1,2026-03-08,Lens,Metz,3,0,2.2211,0.2508
F1,2026-03-08,Lille,Lorient,1,1,0.8501,0.9293
F1,2026-03-08,Lyon,Paris FC,1,1,1.9252,2.3258
F1,2026-03-08,Nice,Rennes,0,4,2.6849,1.8714
I1,2026-03-08,Bologna,Verona,1,2,0.9037,2.0286
I1,2026-03-08,Fiorentina,Parma,0,0,0.7585,0.2531
I1,2026-03-08,Genoa,Roma,2,1,2.5591,0.2826
I1,2026-03-08,Lecce,Cremonese,2,1,1.7671,0.7914
I1,2026-03-08,Milan,Inter,1,0,0.852,1.444
SP1,2026-03-08,Getafe,Betis,2,0,0.8211,1.2491
SP1,2026-03-08,Sevilla,Vallecano,1,1,1.1457,0.2117
SP1,2026-03-08,Valencia,Alaves,3,2,2.5166,1.6079
SP1,2026-03-08,Villarreal,Elche,2,1,2.3063,1.6205
I1,2026-03-09,Lazio,Sassuolo,2,1,2.4868,0.4532
SP1,2026-03-09,Espanol,Oviedo,1,1,1.5509,0.8867
D1,2026-03-13,M'gladbach,St Pauli,2,0,1.0834,0.6287
F1,2026-03-13,Marseille,Auxerre,1,0,1.129,0.293
I1,2026-03-13,Torino,Parma,4,1,2.4432,0.5799
SP1,2026-03-13,Alaves,Villarreal,1,1,0.2872,0.8738
D1,2026-03-14,Dortmund,Augsburg,2,0,2.4905,0.7557
D1,2026-03-14,Ein Frankfurt,Heidenheim,1,0,0.7252,0.1362
D1,2026-03-14,Hamburg,FC Koln,1,1,0.5565,0.9842
D1,2026-03-14,Hoffenheim,Wolfsburg,1,1,2.2381,0.2214
D1,2026-03-14,Leverkusen,Bayern Munich,1,1,2.6526,1.2682
E0,2026-03-14,Arsenal,Everton,2,0,1.9085,1.1785
E0,2026-03-14,Burnley,Bournemouth,0,0,1.6769,2.3698
E0,2026-03-14,Chelsea,Newcastle,0,1,1.7251,1.0325
E0,2026-03-14,Sunderland,Brighton,0,1,0.6591,1.1283
E0,2026-03-14,West Ham,Man City,1,1,0.489,1.9546
F1,2026-03-14,Angers,Nice,0,2,0.8892,1.6013
F1,2026-03-14,Lorient,Lens,2,1,2.3735,1.0122
F1,2026-03-14,Monaco,Brest,2,0,2.8135,1.561
I1,2026-03-14,Inter,Atalanta,1,1,2.0286,0.8671
I1,2026-03-14,Napoli,Lecce,2,1,1.1311,1.2269
I1,2026-03-14,Udinese,Juventus,0,1,0.742,3.1873
SP1,2026-03-14,Ath Madrid,Getafe,1,0,2.1447,1.5825
SP1,2026-03-14,Girona,Ath Bilbao,3,0,2.1944,1.9727
SP1,2026-03-14,Oviedo,Valencia,1,0,1.8648,0.4869
SP1,2026-03-14,Real Madrid,Elche,4,1,1.7253,1.3711
D1,2026-03-15,Freiburg,Union Berlin,0,1,1.3451,1.0006
D1,2026-03-15,Stuttgart,RB Leipzig,1,0,1.9317,1.1218
D1,2026-03-15,Werder Bremen,Mainz,0,2,0.89,2.0562
E0,2026-03-15,Crystal Palace,Leeds,0,0,0.5252,1.1356
E0,2026-03-15,Liverpool,Tottenham,1,1,1.3008,1.1564
E0,2026-03-15,Man United,Aston Villa,3,1,1.6782,1.2107
E0,2026-03-15,Nott'm Forest,Fulham,0,0,0.821,0.934
F1,2026-03-15,Le Havre,Lyon,0,0,0.6401,1.1383
F1,2026-03-15,Metz,Toulouse,3,4,1.6262,1.7426
F1,2026-03-15,Rennes,Lille,1,2,1.5463,1.3508
F1,2026-03-15,Strasbourg,Paris FC,0,0,1.2022,0.6164
I1,2026-03-15,Como,Roma,2,1,2.4691,0.9
I1,2026-03-15,Lazio,Milan,1,0,0.5384,1.1618
I1,2026-03-15,Pisa,Cagliari,3,1,2.9429,1.5233
I1,2026-03-15,Sassuolo,Bologna,0,1,0.4271,0.731
I1,2026-03-15,Verona,Genoa,0,2,0.3708,0.5341
SP1,2026-03-15,Barcelona,Sevilla,5,2,3.8639,1.043
SP1,2026-03-15,Betis,Celta,1,1,1.8775,0.6467
SP1,2026-03-15,Mallorca,Espanol,2,1,2.1497,1.3524
SP1,2026-03-15,Sociedad,Osasuna,3,1,2.9143,0.6151
E0,2026-03-16,Brentford,Wolves,2,2,2.7966,1.8004
I1,2026-03-16,Cremonese,Fiorentina,1,4,1.4737,1.1446
SP1,2026-03-16,Vallecano,Levante,1,1,1.6813,1.456
D1,2026-03-20,RB Leipzig,Hoffenheim,5,0,2.907,0.5214
E0,2026-03-20,Bournemouth,Man United,2,2,1.7666,1.7457
F1,2026-03-20,Lens,Angers,5,1,4.3393,1.1519
I1,2026-03-20,Cagliari,Napoli,0,1,0.2412,2.2739
I1,2026-03-20,Genoa,Udinese,0,2,1.3033,0.8658
SP1,2026-03-20,Villarreal,Sociedad,3,1,3.3559,0.895
D1,2026-03-21,Bayern Munich,Union Berlin,4,0,5.9339,0.2246
D1,2026-03-21,Dortmund,Hamburg,3,2,6.1019,1.2305
D1,2026-03-21,FC Koln,M'gladbach,3,3,1.2929,1.0815
D1,2026-03-21,Heidenheim,Leverkusen,3,3,1.7374,1.9629
D1,2026-03-21,Wolfsburg,Werder Bremen,0,1,1.0569,0.4149
E0,2026-03-21,Brighton,Liverpool,2,1,3.4296,0.9568
E0,2026-03-21,Everton,Chelsea,3,0,1.4453,1.3514
E0,2026-03-21,Fulham,Burnley,3,1,3.4844,1.9256
E0,2026-03-21,Leeds,Brentford,0,0,0.4173,0.3022
F1,2026-03-21,Auxerre,Brest,3,0,2.0573,0.8823
F1,2026-03-21,Nice,Paris SG,0,4,0.1766,4.0444
F1,2026-03-21,Toulouse,Lorient,1,0,1.4846,0.4777
I1,2026-03-21,Juventus,Sassuolo,1,1,2.2546,0.8455
I1,2026-03-21,Milan,Torino,3,2,1.4434,2.3721
I1,2026-03-21,Parma,Cremonese,0,2,0.2878,0.7818
SP1,2026-03-21,Elche,Mallorca,2,1,1.516,1.5194
SP1,2026-03-21,Espanol,Getafe,1,2,1.5121,2.0638
SP1,2026-03-21,Levante,Oviedo,4,2,2.9267,1.3357
SP1,2026-03-21,Osasuna,Girona,1,0,2.2623,0.2321
SP1,2026-03-21,Sevilla,Valencia,0,2,0.5054,1.7133
D1,2026-03-22,Augsburg,Stuttgart,2,5,1.591,3.8709
D1,2026-03-22,Mainz,Ein Frankfurt,2,1,1.3839,1.7175
D1,2026-03-22,St Pauli,Freiburg,1,2,1.3965,2.7442
E0,2026-03-22,Aston Villa,West Ham,2,0,2.4853,0.7601
E0,2026-03-22,Newcastle,Sunderland,1,2,1.2671,2.6666
E0,2026-03-22,Tottenham,Nott'm Forest,0,3,1.6189,1.5441
F1,2026-03-22,Lyon,Monaco,1,2,1.1072,3.4997
F1,2026-03-22,Marseille,Lille,1,2,1.0293,1.6111
F1,2026-03-22,Nantes,Strasbourg,2,3,1.9147,2.8391
F1,2026-03-22,Paris FC,Le Havre,3,2,2.4263,1.7439
F1,2026-03-22,Rennes,Metz,0,0,1.7055,0.3149
I1,2026-03-22,Atalanta,Verona,1,0,1.7425,0.7658
I1,2026-03-22,Bologna,Lazio,0,2,1.3292,2.144
I1,2026-03-22,Como,Pisa,5,0,1.8215,0.3097
I1,2026-03-22,Fiorentina,Inter,1,1,1.8143,1.4009
I1,2026-03-22,Roma,Lecce,1,0,1.0936,0.807
SP1,2026-03-22,Ath Bilbao,Betis,2,1,1.9271,0.5912
SP1,2026-03-22,Barcelona,Vallecano,1,0,1.9221,2.1963
SP1,2026-03-22,Celta,Alaves,3,4,1.7097,1.6722
SP1,2026-03-22,Real Madrid,Ath Madrid,3,2,2.9661,1.4023
F1,2026-04-03,Paris SG,Toulouse,3,1,1.7337,0.1026
SP1,2026-04-03,Vallecano,Elche,1,0,1.5149,0.602
D1,2026-04-04,Freiburg,Bayern Munich,2,3,2.0459,2.4912
D1,2026-04-04,Hamburg,Augsburg,1,1,1.5311,2.5759
D1,2026-04-04,Hoffenheim,Mainz,1,2,1.5173,2.2289
D1,2026-04-04,Leverkusen,Wolfsburg,6,3,4.5952,2.5471
D1,2026-04-04,M'gladbach,Heidenheim,2,2,1.0917,0.8834
D1,2026-04-04,Stuttgart,Dortmund,0,2,0.5532,0.7645
D1,2026-04-04,Werder Bremen,RB Leipzig,1,2,0.8985,1.6135
F1,2026-04-04,Brest,Rennes,3,4,1.8945,2.7958
F1,2026-04-04,Lille,Lens,3,0,3.8217,0.4127
F1,2026-04-04,Strasbourg,Nice,3,1,2.7089,0.3544
I1,2026-04-04,Lazio,Parma,1,1,0.2691,0.3606
I1,2026-04-04,Sassuolo,Cagliari,2,1,0.4834,1.9012
I1,2026-04-04,Verona,Fiorentina,0,1,0.9226,0.3087
SP1,2026-04-04,Ath Madrid,Barcelona,1,2,0.9193,2.6858
SP1,2026-04-04,Betis,Espanol,0,0,2.0021,0.1441
SP1,2026-04-04,Mallorca,Real Madrid,2,1,1.0388,1.5145
SP1,2026-04-04,Sociedad,Levante,2,0,2.964,0.3202
D1,2026-04-05,Ein Frankfurt,FC Koln,2,2,2.17,3.0981
D1,2026-04-05,Union Berlin,St Pauli,1,1,1.7829,0.3255
F1,2026-04-05,Angers,Lyon,0,0,0.3535,0.5224
F1,2026-04-05,Le Havre,Auxerre,1,1,0.7112,2.4082
F1,2026-04-05,Lorient,Paris FC,1,1,1.1655,1.3988
F1,2026-04-05,Metz,Nantes,0,0,2.3189,0.3893
F1,2026-04-05,Monaco,Marseille,2,1,1.6774,3.1079
I1,2026-04-05,Cremonese,Bologna,1,2,1.3964,1.5897
I1,2026-04-05,Inter,Roma,5,2,2.2544,0.94
I1,2026-04-05,Pisa,Torino,0,1,0.3094,1.7261
SP1,2026-04-05,Alaves,Osasuna,2,2,1.6597,1.6115
SP1,2026-04-05,Getafe,Ath Bilbao,2,0,1.9634,0.5244
SP1,2026-04-05,Oviedo,Sevilla,1,0,0.7851,0.8407
SP1,2026-04-05,Valencia,Celta,2,3,0.721,1.457
I1,2026-04-06,Juventus,Genoa,2,0,2.6028,1.4881
I1,2026-04-06,Lecce,Atalanta,0,3,0.3643,2.8159
I1,2026-04-06,Napoli,Milan,1,0,0.8724,0.8106
I1,2026-04-06,Udinese,Como,0,0,1.0667,0.7864
SP1,2026-04-06,Girona,Villarreal,1,0,0.6535,0.4435
D1,2026-04-10,Augsburg,Hoffenheim,2,2,2.672,1.4315
E0,2026-04-10,West Ham,Wolves,4,0,2.5438,0.572
F1,2026-04-10,Marseille,Metz,3,1,3.3164,0.5351
F1,2026-04-10,Paris FC,Monaco,4,1,2.9534,1.7647
I1,2026-04-10,Roma,Pisa,3,0,1.4508,1.0632
SP1,2026-04-10,Real Madrid,Girona,1,1,1.9809,0.4667
D1,2026-04-11,Dortmund,Leverkusen,0,1,1.0142,0.7286
D1,2026-04-11,Heidenheim,Union Berlin,3,1,2.1125,1.1188
D1,2026-04-11,RB Leipzig,M'gladbach,1,0,2.5684,1.6626
D1,2026-04-11,St Pauli,Bayern Munich,0,5,0.356,4.1545
D1,2026-04-11,Wolfsburg,Ein Frankfurt,1,2,2.2623,1.3869
E0,2026-04-11,Arsenal,Bournemouth,1,2,3.1635,1.3946
E0,2026-04-11,Brentford,Everton,2,2,2.263,1.5703
E0,2026-04-11,Burnley,Brighton,0,2,0.812,1.0718
E0,2026-04-11,Liverpool,Fulham,2,0,2.015,1.4202
F1,2026-04-11,Auxerre,Nantes,0,0,0.797,1.447
F1,2026-04-11,Rennes,Angers,2,1,1.0997,1.1946
I1,2026-04-11,Atalanta,Juventus,0,1,1.8886,1.1868
I1,2026-04-11,Cagliari,Cremonese,1,0,1.431,0.2688
I1,2026-04-11,Milan,Udinese,0,3,1.6274,1.566
I1,2026-04-11,Torino,Verona,2,1,1.1485,1.6755
SP1,2026-04-11,Barcelona,Espanol,4,1,3.3079,1.1313
SP1,2026-04-11,Elche,Valencia,1,0,1.0349,2.7689
SP1,2026-04-11,Sevilla,Ath Madrid,2,1,1.6578,0.8555
SP1,2026-04-11,Sociedad,Alaves,3,3,1.295,1.206
D1,2026-04-12,FC Koln,Werder Bremen,3,1,3.9087,0.8701
D1,2026-04-12,Mainz,Freiburg,0,1,0.4581,0.5389
D1,2026-04-12,Stuttgart,Hamburg,4,0,3.8645,0.4176
E0,2026-04-12,Chelsea,Man City,0,3,1.2211,2.4084
E0,2026-04-12,Crystal Palace,Newcastle,2,1,3.1393,1.273
E0,2026-04-12,Nott'm Forest,Aston Villa,1,1,0.8505,1.363
E0,2026-04-12,Sunderland,Tottenham,1,0,1.7758,1.016
F1,2026-04-12,Lyon,Lorient,2,0,1.8488,1.5749
F1,2026-04-12,Nice,Le Havre,1,1,2.1477,2.1262
F1,2026-04-12,Toulouse,Lille,0,4,1.4651,2.0878
I1,2026-04-12,Bologna,Lecce,2,0,2.5824,0.5364
I1,2026-04-12,Como,Inter,3,4,3.2878,0.5075
I1,2026-04-12,Genoa,Sassuolo,2,1,1.3927,1.3964
I1,2026-04-12,Parma,Napoli,1,1,0.1547,1.3148
SP1,2026-04-12,Ath Bilbao,Villarreal,1,2,1.3194,1.5514
SP1,2026-04-12,Celta,Oviedo,0,3,1.1588,2.1285
SP1,2026-04-12,Mallorca,Vallecano,3,0,2.5466,1.9705
SP1,2026-04-12,Osasuna,Betis,1,1,1.5293,0.4112
E0,2026-04-13,Man United,Leeds,1,2,1.3656,2.9512
I1,2026-04-13,Fiorentina,Lazio,1,0,0.422,1.2935
SP1,2026-04-13,Levante,Getafe,1,0,3.328,0.291
D1,2026-04-17,St Pauli,FC Koln,1,1,2.2798,1.2676
F1,2026-04-17,Lens,Toulouse,3,2,3.9839,0.5785
I1,2026-04-17,Inter,Cagliari,3,0,2.3852,0.4822
I1,2026-04-17,Sassuolo,Como,2,1,1.3509,0.589
D1,2026-04-18,Ein Frankfurt,RB Leipzig,1,3,1.4034,2.0212
D1,2026-04-18,Hoffenheim,Dortmund,2,1,2.2246,1.2829
D1,2026-04-18,Leverkusen,Augsburg,1,2,3.7311,1.2974
D1,2026-04-18,Union Berlin,Wolfsburg,1,2,2.3888,0.2349
D1,2026-04-18,Werder Bremen,Hamburg,3,1,1.6026,0.9142
E0,2026-04-18,Brentford,Fulham,0,0,2.3355,0.7907
E0,2026-04-18,Chelsea,Man United,0,1,1.2811,0.436
E0,2026-04-18,Leeds,Wolves,3,0,3.558,0.5686
E0,2026-04-18,Newcastle,Bournemouth,1,2,1.6117,3.3666
E0,2026-04-18,Tottenham,Brighton,2,2,1.5605,1.1373
F1,2026-04-18,Angers,Le Havre,1,1,0.9611,1.5457
F1,2026-04-18,Lille,Nice,0,0,0.4134,0.1714
F1,2026-04-18,Lorient,Marseille,2,0,1.2863,2.1307
I1,2026-04-18,Napoli,Lazio,0,2,0.517,3.1646
I1,2026-04-18,Roma,Atalanta,1,1,1.7094,0.6602
I1,2026-04-18,Udinese,Parma,0,1,1.3511,1.396
D1,2026-04-19,Bayern Munich,Stuttgart,4,2,5.1101,1.2604
D1,2026-04-19,Freiburg,Heidenheim,2,1,2.1377,1.7443
D1,2026-04-19,M'gladbach,Mainz,1,1,1.1113,2.4619
E0,2026-04-19,Aston Villa,Sunderland,4,3,3.9022,1.5601
E0,2026-04-19,Everton,Liverpool,1,2,1.4784,1.3833
E0,2026-04-19,Man City,Arsenal,2,1,2.6153,2.2896
E0,2026-04-19,Nott'm Forest,Burnley,4,1,1.4425,0.6014
F1,2026-04-19,Metz,Paris FC,1,3,1.4845,1.9728
F1,2026-04-19,Monaco,Auxerre,2,2,1.9424,0.7451
F1,2026-04-19,Nantes,Brest,1,1,0.9703,0.6311
F1,2026-04-19,Paris SG,Lyon,1,2,3.2045,1.2036
F1,2026-04-19,Strasbourg,Rennes,0,3,0.9442,3.253
I1,2026-04-19,Cremonese,Torino,0,0,0.8875,0.159
I1,2026-04-19,Juventus,Bologna,2,0,1.5765,0.8524
I1,2026-04-19,Pisa,Genoa,1,2,1.0069,2.1853
I1,2026-04-19,Verona,Milan,0,1,0.7097,0.8307
E0,2026-04-20,Crystal Palace,West Ham,0,0,0.7334,0.6224
I1,2026-04-20,Lecce,Fiorentina,1,1,1.8086,1.2646
E0,2026-04-21,Brighton,Chelsea,3,0,2.5178,0.2979
SP1,2026-04-21,Ath Bilbao,Osasuna,1,0,0.4901,1.3955
SP1,2026-04-21,Girona,Betis,2,3,1.7289,1.2495
SP1,2026-04-21,Mallorca,Valencia,1,1,2.2447,1.3939
SP1,2026-04-21,Real Madrid,Alaves,2,1,1.504,1.6297
E0,2026-04-22,Bournemouth,Leeds,2,2,1.9136,1.216
E0,2026-04-22,Burnley,Man City,0,1,0.9738,3.4089
F1,2026-04-22,Paris SG,Nantes,3,0,2.2645,0.6722
SP1,2026-04-22,Barcelona,Celta,1,0,1.5445,1.0739
SP1,2026-04-22,Elche,Ath Madrid,3,2,3.6285,0.8468
SP1,2026-04-22,Sociedad,Getafe,0,1,1.9016,0.2152
SP1,2026-04-23,Levante,Sevilla,2,0,1.2081,0.4445
SP1,2026-04-23,Oviedo,Villarreal,1,1,2.5285,3.2502
SP1,2026-04-23,Vallecano,Espanol,1,0,2.0698,1.6853
D1,2026-04-24,RB Leipzig,Union Berlin,3,1,4.5354,0.3724
E0,2026-04-24,Sunderland,Nott'm Forest,0,5,0.6143,1.5421
F1,2026-04-24,Brest,Lens,3,3,0.3098,3.2458
I1,2026-04-24,Napoli,Cremonese,4,0,3.2406,0.4736
SP1,2026-04-24,Betis,Real Madrid,1,1,1.0195,1.0958
D1,2026-04-25,Augsburg,Ein Frankfurt,1,1,2.1387,0.8542
D1,2026-04-25,FC Koln,Leverkusen,1,2,3.4994,1.8575
D1,2026-04-25,Hamburg,Hoffenheim,1,2,1.4826,2.4286
D1,2026-04-25,Heidenheim,St Pauli,2,0,2.1723,1.1775
D1,2026-04-25,Mainz,Bayern Munich,3,4,3.224,2.3619
D1,2026-04-25,Wolfsburg,M'gladbach,0,0,1.6112,0.4732
E0,2026-04-25,Arsenal,Newcastle,1,0,0.6392,0.8689
E0,2026-04-25,Fulham,Aston Villa,1,0,1.2407,0.9062
E0,2026-04-25,Liverpool,Crystal Palace,3,1,1.4507,2.1991
E0,2026-04-25,West Ham,Everton,2,1,1.8356,1.1144
E0,2026-04-25,Wolves,Tottenham,0,1,0.7627,1.064
F1,2026-04-25,Angers,Paris SG,0,3,0.9774,3.003
F1,2026-04-25,Lyon,Auxerre,3,2,2.1633,0.8833
F1,2026-04-25,Toulouse,Monaco,2,2,2.153,1.3462
I1,2026-04-25,Bologna,Roma,0,2,0.4791,1.6563
I1,2026-04-25,Parma,Pisa,1,0,1.3107,1.5639
I1,2026-04-25,Verona,Lecce,0,0,0.2493,1.206
SP1,2026-04-25,Alaves,Mallorca,2,1,1.4077,0.2215
SP1,2026-04-25,Ath Madrid,Ath Bilbao,3,2,2.4796,0.9706
SP1,2026-04-25,Getafe,Barcelona,0,2,0.6077,2.0517
SP1,2026-04-25,Valencia,Girona,2,1,2.3126,1.388
D1,2026-04-26,Dortmund,Freiburg,4,0,3.0931,0.497
D1,2026-04-26,Stuttgart,Werder Bremen,1,1,1.9968,0.959
F1,2026-04-26,Le Havre,Metz,4,4,2.65,1.8871
F1,2026-04-26,Lorient,Strasbourg,2,3,2.5708,1.9887
F1,2026-04-26,Marseille,Nice,1,1,2.8284,1.4149
F1,2026-04-26,Paris FC,Lille,0,1,1.1242,1.76
F1,2026-04-26,Rennes,Nantes,2,1,1.556,2.5169
I1,2026-04-26,Fiorentina,Sassuolo,0,0,2.1901,0.5976
I1,2026-04-26,Genoa,Como,0,2,0.6672,1.19
I1,2026-04-26,Milan,Juventus,0,0,0.6163,0.4497
I1,2026-04-26,Torino,Inter,2,2,2.4277,1.6479
SP1,2026-04-26,Osasuna,Sevilla,2,1,2.1425,0.5538
SP1,2026-04-26,Oviedo,Elche,1,2,0.7723,0.6218
SP1,2026-04-26,Vallecano,Sociedad,3,3,3.185,2.3968
SP1,2026-04-26,Villarreal,Celta,2,1,2.409,2.053
E0,2026-04-27,Man United,Brentford,2,1,1.8485,1.3038
I1,2026-04-27,Cagliari,Atalanta,3,2,2.0077,1.7579
I1,2026-04-27,Lazio,Udinese,3,3,1.7748,2.3071
SP1,2026-04-27,Espanol,Levante,0,0,0.8532,1.3856
E0,2026-05-01,Leeds,Burnley,3,1,2.0955,0.4346
I1,2026-05-01,Pisa,Lecce,1,2,2.0672,1.3594
SP1,2026-05-01,Girona,Mallorca,0,1,1.7766,1.3054
D1,2026-05-02,Bayern Munich,Heidenheim,3,3,1.8797,2.482
D1,2026-05-02,Ein Frankfurt,Hamburg,1,2,0.9923,0.6272
D1,2026-05-02,Hoffenheim,Stuttgart,3,3,2.6399,1.7615
D1,2026-05-02,Leverkusen,RB Leipzig,4,1,5.4173,1.4973
D1,2026-05-02,Union Berlin,FC Koln,2,2,0.8875,1.6958
D1,2026-05-02,Werder Bremen,Augsburg,1,3,0.8145,3.2363
E0,2026-05-02,Arsenal,Fulham,3,0,4.0908,0.6967
E0,2026-05-02,Brentford,West Ham,3,0,2.2737,0.7539
E0,2026-05-02,Newcastle,Brighton,3,1,3.1293,1.8711
E0,2026-05-02,Wolves,Sunderland,1,1,1.9613,0.924
I1,2026-05-02,Atalanta,Genoa,0,0,1.6608,0.4388
I1,2026-05-02,Como,Napoli,0,0,1.7972,0.8473
I1,2026-05-02,Udinese,Torino,2,0,2.169,0.8129
SP1,2026-05-02,Alaves,Ath Bilbao,2,4,0.6132,0.8959
SP1,2026-05-02,Osasuna,Barcelona,1,2,1.2881,1.5676
SP1,2026-05-02,Valencia,Ath Madrid,0,2,0.7785,1.8057
SP1,2026-05-02,Villarreal,Levante,5,1,2.4795,0.8012
D1,2026-05-03,Freiburg,Wolfsburg,1,1,0.948,1.1109
D1,2026-05-03,M'gladbach,Dortmund,1,0,2.6824,0.4281
D1,2026-05-03,St Pauli,Mainz,1,2,1.0866,2.8067
E0,2026-05-03,Aston Villa,Tottenham,1,2,0.6095,1.1222
E0,2026-05-03,Bournemouth,Crystal Palace,3,0,2.2963,0.6783
E0,2026-05-03,Man United,Liverpool,3,2,2.5561,1.0281
F1,2026-05-03,Auxerre,Angers,3,1,2.5499,2.1678
F1,2026-05-03,Lille,Le Havre,1,1,1.9163,0.3343
F1,2026-05-03,Lyon,Rennes,4,2,2.6657,1.065
F1,2026-05-03,Metz,Monaco,1,2,1.1478,1.5888
F1,2026-05-03,Nantes,Marseille,3,0,3.0718,1.5516
F1,2026-05-03,Nice,Lens,1,1,1.3386,1.5524
F1,2026-05-03,Paris FC,Brest,4,0,2.8609,0.7331
F1,2026-05-03,Paris SG,Lorient,2,2,2.9841,1.2774
F1,2026-05-03,Strasbourg,Toulouse,1,2,0.4053,1.6766
I1,2026-05-03,Bologna,Cagliari,0,0,0.6845,0.8719
I1,2026-05-03,Inter,Parma,2,0,2.0157,0.4522
I1,2026-05-03,Juventus,Verona,1,1,2.6862,0.1972
I1,2026-05-03,Sassuolo,Milan,2,0,2.235,0.2886
SP1,2026-05-03,Betis,Oviedo,3,0,1.8688,1.1497
SP1,2026-05-03,Celta,Elche,3,1,1.4443,1.6477
SP1,2026-05-03,Espanol,Real Madrid,0,2,1.0901,1.5023
SP1,2026-05-03,Getafe,Vallecano,0,2,1.3522,0.9542
E0,2026-05-04,Chelsea,Nott'm Forest,1,3,2.1713,2.3102
E0,2026-05-04,Everton,Man City,3,3,1.6856,1.4171
I1,2026-05-04,Cremonese,Lazio,1,2,0.5505,0.9875
I1,2026-05-04,Roma,Fiorentina,4,0,2.8432,0.1322
SP1,2026-05-04,Sevilla,Sociedad,1,0,1.3202,0.1668
D1,2026-05-08,Dortmund,Ein Frankfurt,3,2,2.9499,0.9425
F1,2026-05-08,Lens,Nantes,1,0,0.7191,1.0672
I1,2026-05-08,Torino,Sassuolo,2,1,3.0671,2.1704
SP1,2026-05-08,Levante,Osasuna,3,2,3.5305,0.5001
D1,2026-05-09,Augsburg,M'gladbach,3,1,2.8024,1.0549
D1,2026-05-09,Hoffenheim,Werder Bremen,1,0,1.2896,1.4527
D1,2026-05-09,RB Leipzig,St Pauli,2,1,2.3291,0.946
D1,2026-05-09,Stuttgart,Leverkusen,3,1,3.4289,0.6319
D1,2026-05-09,Wolfsburg,Bayern Munich,0,1,3.2688,1.9054
E0,2026-05-09,Brighton,Wolves,3,0,2.2243,0.5156
E0,2026-05-09,Fulham,Bournemouth,0,1,1.2433,0.998
E0,2026-05-09,Liverpool,Chelsea,1,1,0.6232,0.5972
E0,2026-05-09,Man City,Brentford,3,0,4.3743,0.67
E0,2026-05-09,Sunderland,Man United,0,0,1.2376,0.536
I1,2026-05-09,Cagliari,Udinese,0,2,1.5652,2.3059
I1,2026-05-09,Lazio,Inter,0,3,0.5021,2.1824
I1,2026-05-09,Lecce,Juventus,0,1,0.608,1.957
SP1,2026-05-09,Ath Madrid,Celta,0,1,2.7851,0.2924
SP1,2026-05-09,Elche,Alaves,1,1,2.0885,2.4563
SP1,2026-05-09,Sevilla,Espanol,2,1,1.4175,0.4024
SP1,2026-05-09,Sociedad,Betis,2,2,2.6656,1.789
D1,2026-05-10,FC Koln,Heidenheim,1,3,1.5149,2.0449
D1,2026-05-10,Hamburg,Freiburg,3,2,2.0223,0.5836
D1,2026-05-10,Mainz,Union Berlin,1,3,2.0998,2.9415
E0,2026-05-10,Burnley,Aston Villa,2,2,1.7123,1.7549
E0,2026-05-10,Crystal Palace,Everton,2,2,3.2883,2.1027
E0,2026-05-10,Nott'm Forest,Newcastle,1,1,1.4643,1.6507
E0,2026-05-10,West Ham,Arsenal,0,1,1.3201,1.4295
F1,2026-05-10,Angers,Strasbourg,1,1,0.7937,1.8195
F1,2026-05-10,Auxerre,Nice,2,1,0.8662,2.0701
F1,2026-05-10,Le Havre,Marseille,0,1,1.233,1.0347
F1,2026-05-10,Metz,Lorient,0,4,0.7303,1.7675
F1,2026-05-10,Monaco,Lille,0,1,0.3089,0.4004
F1,2026-05-10,Paris SG,Brest,1,0,1.608,0.1233
F1,2026-05-10,Rennes,Paris FC,2,1,1.5314,1.5935
F1,2026-05-10,Toulouse,Lyon,2,1,1.8711,1.5695
I1,2026-05-10,Cremonese,Pisa,3,0,1.2674,0.0
I1,2026-05-10,Fiorentina,Genoa,0,0,0.6752,0.5287
I1,2026-05-10,Milan,Atalanta,2,3,2.284,1.6075
I1,2026-05-10,Parma,Roma,2,3,0.6362,3.0208
I1,2026-05-10,Verona,Como,0,1,1.2905,1.0607
SP1,2026-05-10,Ath Bilbao,Valencia,0,1,0.9352,1.4976
SP1,2026-05-10,Barcelona,Real Madrid,2,0,1.72,0.5621
SP1,2026-05-10,Mallorca,Villarreal,1,1,1.5406,0.9943
SP1,2026-05-10,Oviedo,Getafe,0,0,0.5702,1.4061
E0,2026-05-11,Tottenham,Leeds,1,1,1.4904,1.8698
I1,2026-05-11,Napoli,Bologna,2,3,1.2274,1.1234
SP1,2026-05-11,Vallecano,Girona,1,1,1.7949,1.1289
SP1,2026-05-12,Betis,Elche,2,1,1.9756,0.3427
SP1,2026-05-12,Celta,Levante,2,3,1.9205,1.5294
SP1,2026-05-12,Osasuna,Ath Madrid,1,2,2.4105,1.8226
E0,2026-05-13,Man City,Crystal Palace,3,0,1.9568,0.4289
F1,2026-05-13,Brest,Strasbourg,1,2,2.6465,1.6916
F1,2026-05-13,Lens,Paris SG,0,2,3.039,0.9439
SP1,2026-05-13,Alaves,Barcelona,1,0,0.9535,0.3564
SP1,2026-05-13,Espanol,Ath Bilbao,2,0,0.8471,0.8865
SP1,2026-05-13,Getafe,Mallorca,3,1,1.8211,0.4121
SP1,2026-05-13,Villarreal,Sevilla,2,3,0.9523,0.9175
SP1,2026-05-14,Girona,Sociedad,1,1,2.6859,0.5532
SP1,2026-05-14,Real Madrid,Oviedo,2,0,1.7409,1.1868
SP1,2026-05-14,Valencia,Vallecano,1,1,0.9383,1.5304
E0,2026-05-15,Aston Villa,Liverpool,4,2,2.5252,1.5503
D1,2026-05-16,Bayern Munich,FC Koln,5,1,2.8152,0.8802
D1,2026-05-16,Ein Frankfurt,Stuttgart,2,2,2.9923,1.8101
D1,2026-05-16,Freiburg,RB Leipzig,4,1,2.5439,1.5134
D1,2026-05-16,Heidenheim,Mainz,0,2,3.0381,3.9083
D1,2026-05-16,Leverkusen,Hamburg,1,1,3.0857,1.6305
D1,2026-05-16,M'gladbach,Hoffenheim,4,0,0.8456,1.7729
D1,2026-05-16,St Pauli,Wolfsburg,1,3,1.9872,4.0649
D1,2026-05-16,Union Berlin,Augsburg,4,0,2.4512,0.5062
D1,2026-05-16,Werder Bremen,Dortmund,0,2,0.5306,3.3741
E0,2026-05-17,Brentford,Crystal Palace,2,2,1.5456,1.8227
E0,2026-05-17,Everton,Sunderland,1,3,1.3218,1.2838
E0,2026-05-17,Leeds,Brighton,1,0,0.7478,2.2324
E0,2026-05-17,Man United,Nott'm Forest,3,2,4.2853,1.8442
E0,2026-05-17,Newcastle,West Ham,3,1,2.1336,0.9578
E0,2026-05-17,Wolves,Fulham,1,1,1.4972,1.4841
F1,2026-05-17,Brest,Angers,1,1,2.3872,1.0642
F1,2026-05-17,Lille,Auxerre,0,2,1.2245,0.6158
F1,2026-05-17,Lorient,Le Havre,0,2,1.2694,1.2876
F1,2026-05-17,Lyon,Lens,0,4,1.1236,2.0157
F1,2026-05-17,Marseille,Rennes,3,1,3.9015,2.207
F1,2026-05-17,Nantes,Toulouse,0,0,0.084,0.319
F1,2026-05-17,Nice,Metz,0,0,1.216,0.8368
F1,2026-05-17,Paris FC,Paris SG,2,1,2.3286,0.8639
F1,2026-05-17,Strasbourg,Monaco,5,4,2.1154,1.4473
I1,2026-05-17,Atalanta,Bologna,0,1,0.8714,1.0656
I1,2026-05-17,Cagliari,Torino,2,1,1.7588,1.333
I1,2026-05-17,Como,Parma,1,0,2.7209,0.483
I1,2026-05-17,Genoa,Milan,1,2,1.6688,1.5542
I1,2026-05-17,Inter,Verona,1,1,2.8414,0.9118
I1,2026-05-17,Juventus,Fiorentina,0,2,1.9629,0.5137
I1,2026-05-17,Pisa,Napoli,0,3,0.7213,1.4202
I1,2026-05-17,Roma,Lazio,2,0,1.318,0.7666
I1,2026-05-17,Sassuolo,Lecce,2,3,3.0472,1.2955
I1,2026-05-17,Udinese,Cremonese,0,1,0.2706,0.6712
SP1,2026-05-17,Ath Bilbao,Celta,1,1,2.9037,0.3079
SP1,2026-05-17,Ath Madrid,Girona,1,0,2.7077,2.0015
SP1,2026-05-17,Barcelona,Betis,3,1,1.5995,0.9855
SP1,2026-05-17,Elche,Getafe,1,0,0.6918,0.0944
SP1,2026-05-17,Levante,Mallorca,2,0,2.4368,0.439
SP1,2026-05-17,Osasuna,Espanol,1,2,1.8115,0.9471
SP1,2026-05-17,Oviedo,Alaves,0,1,0.6313,1.2829
SP1,2026-05-17,Sevilla,Real Madrid,0,1,0.6835,1.4738
SP1,2026-05-17,Sociedad,Valencia,3,4,1.3027,1.9933
SP1,2026-05-17,Vallecano,Villarreal,2,0,1.925,0.655
E0,2026-05-18,Arsenal,Burnley,1,0,1.2269,0.1949
E0,2026-05-19,Bournemouth,Man City,1,1,1.7149,1.2692
E0,2026-05-19,Chelsea,Tottenham,2,1,1.0926,2.1523
I1,2026-05-22,Fiorentina,Atalanta,1,1,1.1473,1.5866
I1,2026-05-23,Bologna,Inter,3,3,1.5968,1.1865
I1,2026-05-23,Lazio,Pisa,2,1,1.0209,1.1676
SP1,2026-05-23,Alaves,Vallecano,1,2,1.7247,1.6469
SP1,2026-05-23,Betis,Levante,2,1,1.8664,2.3672
SP1,2026-05-23,Celta,Sevilla,1,0,1.618,0.7557
SP1,2026-05-23,Espanol,Sociedad,1,1,2.1431,1.2324
SP1,2026-05-23,Getafe,Osasuna,1,0,0.2641,0.8
SP1,2026-05-23,Girona,Elche,1,1,0.668,0.4954
SP1,2026-05-23,Mallorca,Oviedo,3,0,3.5077,0.2432
SP1,2026-05-23,Real Madrid,Ath Bilbao,4,2,1.954,1.4543
SP1,2026-05-23,Valencia,Barcelona,3,1,1.8337,1.2934
E0,2026-05-24,Brighton,Man United,0,3,0.7024,2.3287
E0,2026-05-24,Burnley,Wolves,1,1,1.2848,2.8433
E0,2026-05-24,Crystal Palace,Arsenal,1,2,1.0049,3.9064
E0,2026-05-24,Fulham,Newcastle,2,0,1.7288,0.2423
E0,2026-05-24,Liverpool,Brentford,1,1,2.9941,1.4608
E0,2026-05-24,Man City,Aston Villa,1,2,1.3808,2.4397
E0,2026-05-24,Nott'm Forest,Bournemouth,1,1,2.0585,1.3368
E0,2026-05-24,Sunderland,Chelsea,2,1,2.3311,0.9209
E0,2026-05-24,Tottenham,Everton,1,0,1.406,0.2685
E0,2026-05-24,West Ham,Leeds,3,0,2.7313,1.9497
I1,2026-05-24,Cremonese,Como,1,4,0.9772,2.6911
I1,2026-05-24,Lecce,Genoa,1,0,2.2139,0.7823
I1,2026-05-24,Milan,Cagliari,1,2,1.7595,3.4362
I1,2026-05-24,Napoli,Udinese,1,0,1.5585,0.5174
I1,2026-05-24,Parma,Sassuolo,1,0,1.5129,1.0678
I1,2026-05-24,Torino,Juventus,2,2,0.9501,2.5343
I1,2026-05-24,Verona,Roma,0,2,0.5977,3.5551
SP1,2026-05-24,Villarreal,Ath Madrid,5,1,2.8044,1.5843
SP1,2026-08-15,Alaves,Getafe,3,0,2.2858,0.2597
SP1,2026-08-15,Sevilla,Vallecano,2,1,2.0184,1.9122
SP1,2026-08-16,Espanol,Levante,3,0,2.0099,0.1963
SP1,2026-08-16,Santander,Villarreal,2,2,1.9648,0.7688
SP1,2026-08-17,La Coruna,Elche,1,1,0.3399,1.5869
SP1,2026-08-19,Ath Madrid,Malaga,2,0,1.3439,0.2296
SP1,2026-08-20,Vallecano,Alaves,1,1,0.5664,2.2207
E0,2026-08-21,Arsenal,Coventry,3,0,1.8542,0.5583
F1,2026-08-21,Marseille,Strasbourg,4,0,2.3521,0.193
SP1,2026-08-21,Betis,Sociedad,1,0,1.6957,1.14
E0,2026-08-22,Brentford,Tottenham,3,0,4.0415,0.7563
E0,2026-08-22,Everton,Crystal Palace,2,0,1.4508,2.2309
E0,2026-08-22,Hull,Man United,2,0,1.4963,1.7787
E0,2026-08-22,Ipswich,Sunderland,2,1,1.5845,1.1774
E0,2026-08-22,Nott'm Forest,Leeds,0,1,0.6567,0.4662
F1,2026-08-22,Le Mans,Brest,2,2,0.7682,2.6274
F1,2026-08-22,Lens,Auxerre,5,2,5.1177,1.706
F1,2026-08-22,Nice,Lorient,0,0,1.0888,1.98
F1,2026-08-22,Toulouse,Lyon,0,2,2.1562,0.7578
F1,2026-08-22,Troyes,Paris FC,0,0,0.3397,1.5465
I1,2026-08-22,Genoa,Napoli,0,2,0.5008,1.1574
I1,2026-08-22,Inter,Monza,4,1,1.5385,1.2167
I1,2026-08-22,Parma,Cagliari,0,1,1.0297,1.2574
I1,2026-08-22,Udinese,Como,1,1,2.1207,2.3859
SP1,2026-08-22,Ath Bilbao,Sevilla,1,3,1.465,0.9668
SP1,2026-08-22,Espanol,Real Madrid,1,2,1.0191,2.5612
SP1,2026-08-22,Valencia,Celta,0,0,0.4206,0.5373
E0,2026-08-23,Brighton,Aston Villa,4,0,4.0033,0.2752
E0,2026-08-23,Man City,Bournemouth,2,1,2.4744,0.7075
E0,2026-08-23,Newcastle,Liverpool,2,2,1.5946,3.1313
F1,2026-08-23,Angers,Lille,0,2,1.8576,1.2146
F1,2026-08-23,Le Havre,Monaco,0,1,0.6623,1.6556
F1,2026-08-23,Paris SG,Rennes,0,0,0.6302,0.9105
I1,2026-08-23,Atalanta,Sassuolo,2,1,0.9228,2.701
I1,2026-08-23,Frosinone,Juventus,0,1,0.3655,2.6171
I1,2026-08-23,Torino,Milan,1,2,1.1303,1.7415
I1,2026-08-23,Venezia,Lecce,0,2,3.1947,2.4525
SP1,2026-08-23,Ath Madrid,Villarreal,2,2,0.7394,3.5418
SP1,2026-08-23,Elche,Barcelona,0,5,1.1765,4.2518
SP1,2026-08-23,Getafe,Santander,1,0,0.9826,1.1679
E0,2026-08-24,Fulham,Chelsea,2,3,1.4171,2.5838
I1,2026-08-24,Bologna,Lazio,0,1,2.0643,0.8051
I1,2026-08-24,Roma,Fiorentina,4,0,3.7752,0.288
SP1,2026-08-24,Malaga,La Coruna,1,1,1.3565,1.1297
SP1,2026-08-24,Osasuna,Levante,0,0,0.8925,1.2703
SP1,2026-08-25,Valencia,Betis,0,1,1.2899,0.9645
SP1,2026-08-26,Real Madrid,Sociedad,4,1,3.3052,0.463
SP1,2026-08-27,Barcelona,Ath Bilbao,2,0,3.9166,0.222
SP1,2026-08-27,Celta,Osasuna,1,2,0.1067,1.8965
D1,2026-08-28,Bayern Munich,Stuttgart,5,1,4.079,1.2495
E0,2026-08-28,Crystal Palace,Man City,1,4,0.9266,2.5666
F1,2026-08-28,Lille,Paris SG,2,2,1.1627,1.7813
I1,2026-08-28,Milan,Venezia,2,0,3.2177,0.5216
SP1,2026-08-28,Alaves,Villarreal,1,0,0.9155,1.4511
SP1,2026-08-28,Santander,Elche,3,2,2.5623,1.0755
D1,2026-08-29,Dortmund,Hamburg,2,0,1.3129,1.1064
D1,2026-08-29,Elversberg,Leverkusen,3,2,1.4003,2.6153
D1,2026-08-29,FC Koln,Hoffenheim,3,2,2.3141,1.9232
D1,2026-08-29,Mainz,Paderborn,0,0,1.5494,0.6911
D1,2026-08-29,RB Leipzig,M'gladbach,3,0,3.765,1.2337
D1,2026-08-29,Union Berlin,Ein Frankfurt,3,3,2.2833,2.1189
E0,2026-08-29,Bournemouth,Everton,1,1,2.258,1.6635
E0,2026-08-29,Coventry,Hull,0,1,1.1823,0.4597
E0,2026-08-29,Liverpool,Nott'm Forest,2,2,1.2792,2.8794
E0,2026-08-29,Tottenham,Newcastle,0,2,1.1204,1.0095
F1,2026-08-29,Auxerre,Angers,1,3,1.7651,1.7777
F1,2026-08-29,Brest,Toulouse,2,2,3.6482,1.3088
F1,2026-08-29,Lorient,Troyes,1,2,1.0216,1.6815
F1,2026-08-29,Lyon,Le Havre,1,1,2.3093,1.104
F1,2026-08-29,Strasbourg,Lens,2,1,1.8592,2.9502
I1,2026-08-29,Fiorentina,Frosinone,0,3,1.8162,1.9527
I1,2026-08-29,Juventus,Parma,2,0,1.8224,0.2008
I1,2026-08-29,Monza,Udinese,2,3,1.898,1.0227
I1,2026-08-29,Sassuolo,Torino,2,1,1.5452,1.5021
SP1,2026-08-29,Levante,Betis,5,2,3.0376,1.9229
SP1,2026-08-29,Sevilla,Ath Madrid,1,3,1.0805,1.4768
SP1,2026-08-29,Sociedad,Espanol,2,1,2.9166,0.9299
D1,2026-08-30,Augsburg,Schalke 04,3,0,5.5365,1.8369
D1,2026-08-30,Freiburg,Werder Bremen,4,1,2.385,0.9486
E0,2026-08-30,Chelsea,Brighton,4,3,3.8289,1.7917
E0,2026-08-30,Leeds,Brentford,1,1,1.1499,1.6134
E0,2026-08-30,Man United,Ipswich,5,2,4.8661,1.8055
E0,2026-08-30,Sunderland,Fulham,1,0,1.5623,1.024
F1,2026-08-30,Monaco,Marseille,2,0,1.6096,1.2531
F1,2026-08-30,Paris FC,Nice,3,0,3.0188,0.5896
F1,2026-08-30,Rennes,Le Mans,3,2,3.6405,2.7239
I1,2026-08-30,Cagliari,Inter,0,1,0.3233,3.9722
I1,2026-08-30,Lazio,Genoa,1,0,2.1132,0.7435
I1,2026-08-30,Napoli,Como,1,2,1.0323,1.0975
SP1,2026-08-30,Celta,Ath Bilbao,0,2,1.2006,3.133
SP1,2026-08-30,La Coruna,Valencia,3,1,1.4075,1.0166
SP1,2026-08-30,Real Madrid,Malaga,4,0,3.4078,0.7602
E0,2026-08-31,Aston Villa,Arsenal,0,1,0.2819,1.5244
I1,2026-08-31,Atalanta,Bologna,1,0,0.1763,1.2352
I1,2026-08-31,Lecce,Roma,0,4,1.2026,4.1362
SP1,2026-08-31,Barcelona,Vallecano,5,2,2.9576,1.0661
SP1,2026-08-31,Osasuna,Getafe,1,0,1.705,1.0904
F1,2026-09-03,Toulouse,Lille,0,1,2.9702,1.0441
SP1,2026-09-03,Sociedad,Celta,0,0,1.0205,0.6332
D1,2026-09-04,Stuttgart,FC Koln,4,1,3.5224,2.8582
E0,2026-09-04,Ipswich,Liverpool,0,2,0.598,0.7441
F1,2026-09-04,Lyon,Auxerre,3,1,2.8819,0.9079
F1,2026-09-04,Paris SG,Monaco,1,2,2.5236,0.6015
I1,2026-09-04,Genoa,Como,1,4,0.9206,2.0071
SP1,2026-09-04,Betis,Real Madrid,1,0,0.8852,3.3828
D1,2026-09-05,Hoffenheim,Dortmund,2,3,2.1663,2.0248
D1,2026-09-05,Leverkusen,Union Berlin,4,0,3.3921,0.2499
D1,2026-09-05,M'gladbach,Elversberg,3,4,2.8878,3.032
D1,2026-09-05,Paderborn,Freiburg,0,1,0.7331,1.1716
D1,2026-09-05,Schalke 04,Bayern Munich,0,0,0.2507,2.0536
D1,2026-09-05,Werder Bremen,RB Leipzig,3,1,0.8541,1.5816
E0,2026-09-05,Brentford,Sunderland,1,1,1.5858,2.1549
E0,2026-09-05,Brighton,Leeds,1,1,2.2203,2.2341
E0,2026-09-05,Fulham,Crystal Palace,2,3,2.8827,2.3598
E0,2026-09-05,Hull,Aston Villa,0,0,0.8124,1.6353
E0,2026-09-05,Man City,Coventry,1,0,2.1904,1.4931
E0,2026-09-05,Newcastle,Bournemouth,2,2,0.7716,1.6389
E0,2026-09-05,Nott'm Forest,Tottenham,0,0,0.8317,1.4845
F1,2026-09-05,Le Havre,Brest,1,2,1.6108,3.0118
F1,2026-09-05,Lens,Lorient,0,1,1.1005,1.034
F1,2026-09-05,Nice,Le Mans,1,1,1.2469,1.1784
I1,2026-09-05,Fiorentina,Torino,1,2,1.3588,0.7718
I1,2026-09-05,Inter,Napoli,3,2,3.7848,2.3228
I1,2026-09-05,Roma,Atalanta,2,1,3.5409,0.7721
SP1,2026-09-05,Ath Bilbao,Ath Madrid,3,0,1.8721,0.7522
SP1,2026-09-05,Vallecano,Santander,3,2,1.1896,0.6329
SP1,2026-09-05,Villarreal,La Coruna,2,3,3.6424,2.4425
D1,2026-09-06,Ein Frankfurt,Augsburg,1,4,2.5104,1.4454
D1,2026-09-06,Hamburg,Mainz,0,5,0.2572,3.2798
E0,2026-09-06,Arsenal,Chelsea,2,1,2.8056,0.4305
E0,2026-09-06,Everton,Man United,2,2,1.0563,0.8722
F1,2026-09-06,Angers,Rennes,1,2,1.8672,2.372
F1,2026-09-06,Marseille,Paris FC,2,3,1.7231,3.3781
F1,2026-09-06,Troyes,Strasbourg,2,6,2.6473,3.5158
I1,2026-09-06,Bologna,Sassuolo,2,2,3.0079,1.8411
I1,2026-09-06,Frosinone,Venezia,3,2,1.7897,2.4369
I1,2026-09-06,Juventus,Milan,1,1,1.6918,0.095
I1,2026-09-06,Parma,Monza,1,1,0.6226,2.1042
SP1,2026-09-06,Alaves,Osasuna,5,2,1.6019,1.6441
SP1,2026-09-06,Espanol,Sevilla,1,1,1.8175,0.3726
SP1,2026-09-06,Malaga,Levante,0,0,1.7266,1.1917
SP1,2026-09-06,Valencia,Barcelona,0,5,0.5188,4.7692
I1,2026-09-07,Cagliari,Lecce,1,0,1.9218,0.4459
I1,2026-09-07,Udinese,Lazio,1,2,0.7977,1.9794
SP1,2026-09-07,Elche,Sociedad,2,3,2.8704,0.8762
SP1,2026-09-07,Getafe,Celta,1,1,1.4584,1.4212
D1,2026-09-11,Union Berlin,Schalke 04,1,3,1.9176,3.2181
F1,2026-09-11,Rennes,Marseille,1,0,2.319,1.3066
I1,2026-09-11,Venezia,Fiorentina,2,4,1.0318,3.1299
SP1,2026-09-11,Sevilla,Valencia,1,0,1.3551,0.0799
D1,2026-09-12,Augsburg,Leverkusen,2,2,0.8425,1.8861
D1,2026-09-12,Dortmund,Paderborn,3,0,3.1453,0.3111
D1,2026-09-12,FC Koln,Werder Bremen,1,1,1.6133,1.1818
D1,2026-09-12,Freiburg,M'gladbach,5,0,2.1488,0.2683
D1,2026-09-12,Hoffenheim,Stuttgart,2,1,2.9575,2.6698
D1,2026-09-12,Mainz,Ein Frankfurt,1,3,2.242,2.1593
E0,2026-09-12,Aston Villa,Nott'm Forest,1,2,1.0879,2.7945
E0,2026-09-12,Bournemouth,Brentford,2,2,2.5495,0.7942
E0,2026-09-12,Chelsea,Hull,2,2,1.2137,1.8036
E0,2026-09-12,Crystal Palace,Ipswich,2,3,0.9379,2.0342
E0,2026-09-12,Liverpool,Fulham,0,0,1.7983,0.9225
E0,2026-09-12,Sunderland,Arsenal,0,2,2.0703,1.989
E0,2026-09-12,Tottenham,Everton,0,0,0.7369,1.6006
F1,2026-09-12,Auxerre,Nice,1,0,1.6975,0.6018
F1,2026-09-12,Le Havre,Angers,0,0,1.0262,0.4814
F1,2026-09-12,Lorient,Toulouse,2,2,0.6893,1.3359
F1,2026-09-12,Paris FC,Lyon,0,0,0.5766,0.4028
F1,2026-09-12,Strasbourg,Monaco,1,1,0.6748,0.7666
I1,2026-09-12,Atalanta,Cagliari,1,2,1.4751,1.3085
I1,2026-09-12,Genoa,Frosinone,1,1,1.8425,1.746
I1,2026-09-12,Lazio,Milan,2,2,2.363,2.1579
SP1,2026-09-12,Ath Bilbao,Elche,1,1,3.1304,0.8161
SP1,2026-09-12,Osasuna,Espanol,0,2,1.1037,1.4095
SP1,2026-09-12,Real Madrid,Vallecano,4,1,3.1216,1.1926
SP1,2026-09-12,Santander,Alaves,2,1,1.3839,2.2715
D1,2026-09-13,Elversberg,Bayern Munich,1,2,1.0297,3.0604
D1,2026-09-13,RB Leipzig,Hamburg,5,0,2.4682,0.5084
E0,2026-09-13,Coventry,Brighton,0,5,1.0481,2.7652
E0,2026-09-13,Man United,Man City,0,1,0.9434,1.1407
F1,2026-09-13,Brest,Paris SG,0,1,1.2424,1.3341
F1,2026-09-13,Le Mans,Lens,2,2,2.1556,1.8755
F1,2026-09-13,Lille,Troyes,2,0,2.0521,0.3527
I1,2026-09-13,Lecce,Monza,3,2,1.9458,3.0853
I1,2026-09-13,Napoli,Bologna,1,0,2.2489,0.166
I1,2026-09-13,Sassuolo,Juventus,3,2,0.9561,1.1844
SP1,2026-09-13,Celta,Malaga,1,1,1.4814,0.5481
SP1,2026-09-13,Getafe,La Coruna,1,1,0.9948,0.9449
SP1,2026-09-13,Levante,Barcelona,2,4,2.6744,2.4686
SP1,2026-09-13,Sociedad,Ath Madrid,0,3,0.6075,1.8341
E0,2026-09-14,Leeds,Newcastle,4,1,2.2902,0.7932
I1,2026-09-14,Como,Parma,2,1,3.7711,1.5502
I1,2026-09-14,Inter,Udinese,5,3,3.6853,1.2944
I1,2026-09-14,Torino,Roma,0,2,0.7069,2.3331
SP1,2026-09-14,Villarreal,Betis,1,2,1.6729,4.0731
SP1,2026-09-15,Alaves,Valencia,0,1,1.3096,0.8395
SP1,2026-09-15,Elche,Real Madrid,2,3,1.0522,3.4612
SP1,2026-09-15,Vallecano,Espanol,2,1,1.8328,1.1573
SP1,2026-09-16,Ath Madrid,Osasuna,4,0,5.1427,0.7179
SP1,2026-09-16,Barcelona,Santander,7,2,7.4753,1.384
SP1,2026-09-16,La Coruna,Sevilla,0,1,0.1922,0.8532
SP1,2026-09-17,Betis,Getafe,1,0,2.6091,0.327
SP1,2026-09-17,Malaga,Villarreal,1,3,0.3614,4.2474
D1,2026-09-18,Bayern Munich,Union Berlin,7,0,4.1308,0.4716
E0,2026-09-18,Brentford,Chelsea,3,0,2.4794,0.8851
F1,2026-09-18,Monaco,Lens,2,1,1.536,1.4614
I1,2026-09-18,Monza,Sassuolo,2,1,1.6104,2.2709
SP1,2026-09-18,Espanol,Elche,1,3,1.0774,1.2511
D1,2026-09-19,Ein Frankfurt,Freiburg,2,2,2.0832,2.9316
D1,2026-09-19,Hamburg,FC Koln,2,1,2.0766,2.1595
D1,2026-09-19,M'gladbach,Mainz,3,4,3.0902,3.4697
D1,2026-09-19,Stuttgart,Dortmund,0,1,0.666,2.1122
D1,2026-09-19,Werder Bremen,Augsburg,3,2,2.3012,0.7422
E0,2026-09-19,Brighton,Arsenal,3,0,2.1127,1.2398
E0,2026-09-19,Everton,Ipswich,1,0,2.5829,1.1018
E0,2026-09-19,Newcastle,Hull,2,1,1.3752,1.1589
E0,2026-09-19,Nott'm Forest,Coventry,0,1,1.3185,0.6937
E0,2026-09-19,Tottenham,Aston Villa,2,3,1.7218,1.7092
F1,2026-09-19,Angers,Troyes,2,0,2.3881,1.1639
F1,2026-09-19,Le Mans,Lorient,2,1,0.9592,1.0732
F1,2026-09-19,Lyon,Rennes,4,0,3.605,1.1578
F1,2026-09-19,Paris FC,Strasbourg,2,1,0.9072,0.2302
F1,2026-09-19,Toulouse,Le Havre,3,2,2.8299,2.1551
I1,2026-09-19,Bologna,Torino,1,1,0.6993,0.9581
I1,2026-09-19,Roma,Inter,2,2,2.3125,2.5872
I1,2026-09-19,Udinese,Cagliari,0,1,1.8486,0.6364
I1,2026-09-19,Venezia,Lazio,0,2,1.8491,1.7718
SP1,2026-09-19,Ath Bilbao,Alaves,0,0,1.4615,0.0462
SP1,2026-09-19,Celta,Santander,5,0,2.2295,0.7199
SP1,2026-09-19,Osasuna,Vallecano,1,1,0.9264,1.3565
SP1,2026-09-19,Sevilla,Barcelona,1,3,0.7584,3.5626
D1,2026-09-20,Leverkusen,RB Leipzig,2,0,2.5452,0.93
D1,2026-09-20,Paderborn,Hoffenheim,3,1,1.3406,1.6726
D1,2026-09-20,Schalke 04,Elversberg,0,0,1.2696,0.7954
E0,2026-09-20,Bournemouth,Liverpool,0,1,0.9447,1.2912
E0,2026-09-20,Fulham,Man United,1,1,1.7172,2.1245
E0,2026-09-20,Leeds,Crystal Palace,0,0,1.0855,1.1291
E0,2026-09-20,Man City,Sunderland,5,3,2.6686,3.1066
F1,2026-09-20,Auxerre,Brest,2,1,0.7696,0.3041
F1,2026-09-20,Marseille,Paris SG,1,2,1.8658,4.6728
F1,2026-09-20,Nice,Lille,2,1,1.9323,1.9331
I1,2026-09-20,Fiorentina,Napoli,1,1,1.0617,2.1302
I1,2026-09-20,Frosinone,Como,2,0,2.2603,2.2886
I1,2026-09-20,Juventus,Atalanta,2,0,1.9168,0.4892
I1,2026-09-20,Milan,Lecce,3,0,2.4753,0.2179
I1,2026-09-20,Parma,Genoa,2,1,0.8606,0.8639
SP1,2026-09-20,Ath Madrid,Real Madrid,2,1,2.4062,0.4208
SP1,2026-09-20,Getafe,Malaga,1,0,1.188,0.6605
SP1,2026-09-20,La Coruna,Betis,1,1,1.9387,1.0025
SP1,2026-09-20,Valencia,Sociedad,2,3,1.5276,2.3341
SP1,2026-09-20,Villarreal,Levante,3,1,4.2857,0.9418
D1,2026-10-09,Dortmund,Werder Bremen,2,2,2.6172,0.8493
F1,2026-10-09,Lens,Lyon,2,1,1.4062,1.031
SP1,2026-10-09,Malaga,Espanol,1,1,0.6852,1.3797
