date,home,away,home_score,away_score,fair_p1,fair_px,fair_p2,fair_source,avg_o1,avg_ox,avg_o2,max_o1,max_ox,max_o2
2020-07-25,Necaxa,Tigres,0,3,0.218,0.2801,0.5019,pinnacle,4.15,3.34,1.89,5.0,3.5,1.97
2020-07-26,Cruz Azul,Santos,2,0,0.5195,0.249,0.2316,pinnacle,1.82,3.69,3.99,1.89,3.95,4.5
2020-07-26,Guadalajara,León,0,0,0.3317,0.2756,0.3926,pinnacle,2.81,3.37,2.39,3.05,3.58,2.62
2020-07-26,Pumas,Querétaro,3,2,0.4599,0.2746,0.2655,pinnacle,2.05,3.41,3.48,2.17,3.64,3.84
2020-07-26,Tijuana,Atlas,3,1,0.5128,0.2671,0.2201,pinnacle,1.84,3.48,4.18,1.95,3.66,4.6
2020-07-28,Mazatlán,Puebla,1,4,0.4216,0.2931,0.2853,pinnacle,2.22,3.17,3.26,2.4,3.32,3.52
2020-07-28,Pachuca,América,1,2,0.3468,0.2851,0.3681,pinnacle,2.65,3.29,2.56,2.84,3.48,2.75
2020-07-28,San Luis,Juárez,1,1,0.5337,0.2801,0.1862,pinnacle,1.78,3.41,4.69,1.88,3.67,5.55
2020-07-29,Monterrey,Toluca,3,1,0.6667,0.2,0.1333,pinnacle,1.42,4.64,6.68,1.49,5.15,7.34
2020-08-01,Juárez,Necaxa,1,0,0.376,0.2944,0.3296,pinnacle,2.48,3.17,2.83,2.68,3.34,3.04
2020-08-01,Puebla,Cruz Azul,1,1,0.2227,0.2828,0.4945,pinnacle,4.06,3.42,1.88,4.49,3.9,1.97
2020-08-02,América,Tijuana,4,0,0.4772,0.2678,0.255,pinnacle,1.94,3.58,3.65,2.1,4.0,4.2
2020-08-02,Querétaro,Mazatlán,1,1,0.3696,0.286,0.3444,pinnacle,2.48,3.29,2.76,2.63,3.5,3.0
2020-08-02,Tigres,Pachuca,1,1,0.6243,0.2165,0.1592,pinnacle,1.53,4.16,5.66,1.61,4.5,6.3
2020-08-02,Toluca,San Luis,3,2,0.4022,0.2762,0.3215,pinnacle,2.36,3.34,2.87,2.47,3.72,3.05
2020-08-03,Santos,Guadalajara,2,0,0.3974,0.2914,0.3112,pinnacle,2.35,3.25,2.94,2.49,3.44,3.24
2020-08-04,Atlas,Pumas,1,2,0.3756,0.287,0.3374,pinnacle,2.49,3.32,2.72,2.63,3.58,2.92
2020-08-04,León,Monterrey,1,0,0.4269,0.2632,0.3099,pinnacle,2.2,3.59,2.96,2.37,4.35,3.1
2020-08-07,Pachuca,Querétaro,1,0,0.4725,0.2895,0.238,pinnacle,1.99,3.32,3.79,2.1,3.58,4.2
2020-08-07,Tijuana,Tigres,0,0,0.2593,0.2781,0.4626,pinnacle,3.63,3.33,2.02,4.05,3.5,2.15
2020-08-08,Mazatlán,Toluca,2,1,0.404,0.2701,0.3259,pinnacle,2.32,3.45,2.86,2.48,3.85,3.0
2020-08-08,Necaxa,América,1,1,0.2719,0.2742,0.454,pinnacle,3.39,3.41,2.08,3.74,3.58,2.2
2020-08-09,Cruz Azul,León,2,0,0.4297,0.2742,0.2961,pinnacle,2.17,3.42,3.16,2.3,3.68,3.38
2020-08-09,Guadalajara,Puebla,0,1,0.4311,0.2958,0.2731,pinnacle,2.13,3.21,3.47,2.28,3.54,3.75
2020-08-09,Monterrey,Santos,2,2,0.538,0.2508,0.2112,pinnacle,1.76,3.73,4.26,1.83,4.05,4.85
2020-08-09,Pumas,Juárez,1,1,0.515,0.2535,0.2315,pinnacle,1.83,3.65,3.98,1.96,3.85,4.35
2020-08-10,San Luis,Atlas,1,1,0.4311,0.2828,0.2861,pinnacle,2.19,3.32,3.2,2.31,3.6,3.48
2020-08-11,Necaxa,Mazatlán,1,0,0.4799,0.2628,0.2572,pinnacle,1.98,3.51,3.59,2.12,3.67,3.98
2020-08-12,Pachuca,León,0,1,0.3456,0.2834,0.371,pinnacle,2.73,3.28,2.49,2.93,3.54,2.65
2020-08-12,Querétaro,Cruz Azul,1,0,0.2162,0.2763,0.5075,pinnacle,4.24,3.4,1.86,5.05,3.58,1.96
2020-08-12,Tigres,Puebla,2,1,0.6523,0.2294,0.1182,pinnacle,1.47,4.09,6.94,1.53,4.4,8.2
2020-08-13,Juárez,Guadalajara,0,2,0.3296,0.3045,0.3659,pinnacle,2.82,3.04,2.58,3.05,3.25,2.73
2020-08-13,Pumas,Monterrey,1,1,0.3227,0.2732,0.4041,pinnacle,2.88,3.38,2.34,3.06,3.6,2.51
2020-08-13,Tijuana,San Luis,0,2,0.4989,0.2554,0.2456,pinnacle,1.91,3.52,3.81,2.04,3.84,4.18
2020-08-14,América,Santos,3,1,0.4677,0.2661,0.2661,pinnacle,2.03,3.51,3.42,2.15,3.73,3.82
2020-08-14,Atlas,Toluca,1,2,0.4044,0.2758,0.3198,pinnacle,2.35,3.34,2.9,2.53,3.52,3.1
2020-08-15,Guadalajara,San Luis,2,1,0.4606,0.2962,0.2431,pinnacle,2.05,3.22,3.71,2.17,3.42,4.1
2020-08-15,Puebla,Pachuca,0,1,0.283,0.2988,0.4183,pinnacle,3.29,3.11,2.25,3.55,3.3,2.4
2020-08-16,Cruz Azul,Juárez,3,2,0.6795,0.2038,0.1167,pinnacle,1.39,4.6,7.53,1.45,5.2,8.3
2020-08-16,Mazatlán,Pumas,0,0,0.4215,0.2754,0.3032,pinnacle,2.22,3.38,3.07,2.35,3.78,3.26
2020-08-16,Monterrey,Necaxa,1,1,0.5931,0.2338,0.1731,pinnacle,1.6,3.93,5.25,1.67,4.25,6.1
2020-08-16,Toluca,Tigres,3,2,0.325,0.2725,0.4025,pinnacle,2.94,3.45,2.27,3.13,3.9,2.39
2020-08-17,Querétaro,América,4,1,0.3016,0.2765,0.422,pinnacle,3.08,3.37,2.22,3.42,3.55,2.38
2020-08-17,Santos,Atlas,0,0,0.4869,0.2627,0.2504,pinnacle,1.89,3.63,3.76,2.02,3.92,4.2
2020-08-18,León,Tijuana,2,1,0.6196,0.2168,0.1636,pinnacle,1.52,4.24,5.7,1.63,4.54,7.3
2020-08-22,Atlas,Querétaro,1,0,0.32,0.3038,0.3762,pinnacle,2.87,3.13,2.48,3.08,3.34,2.65
2020-08-22,Juárez,León,0,0,0.2433,0.2676,0.4891,pinnacle,3.89,3.53,1.89,4.36,3.72,2.04
2020-08-22,Necaxa,Santos,2,1,0.3228,0.2846,0.3926,pinnacle,2.84,3.3,2.4,3.13,3.45,2.58
2020-08-23,América,Monterrey,1,3,0.3629,0.2672,0.3699,pinnacle,2.58,3.48,2.52,2.75,3.7,2.71
2020-08-23,Tigres,Pumas,1,1,0.6102,0.232,0.1578,pinnacle,1.56,4.03,5.52,1.63,4.25,6.55
2020-08-23,Toluca,Guadalajara,1,0,0.3486,0.2951,0.3563,pinnacle,2.67,3.16,2.64,2.89,3.34,2.81
2020-08-24,San Luis,Cruz Azul,1,3,0.2062,0.2528,0.541,pinnacle,4.41,3.69,1.75,4.75,4.05,1.84
2020-08-24,Tijuana,Puebla,1,0,0.4871,0.2922,0.2207,pinnacle,1.95,3.21,4.1,2.05,3.4,4.55
2020-08-25,Pachuca,Mazatlán,4,3,0.5017,0.2835,0.2148,pinnacle,1.87,3.3,4.31,1.96,3.5,4.8
2020-08-29,Mazatlán,Tigres,1,1,0.2431,0.278,0.4789,pinnacle,3.77,3.41,1.96,4.12,3.68,2.05
2020-08-29,Puebla,Toluca,4,1,0.3237,0.2907,0.3856,pinnacle,2.87,3.2,2.45,3.1,3.4,2.59
2020-08-30,Cruz Azul,Necaxa,3,0,0.609,0.239,0.152,pinnacle,1.54,4.03,5.74,1.62,4.5,6.29
2020-08-30,Guadalajara,Pachuca,0,0,0.3809,0.3045,0.3145,pinnacle,2.43,3.13,2.93,2.57,3.4,3.13
2020-08-30,Pumas,Tijuana,3,0,0.4604,0.2728,0.2668,pinnacle,2.06,3.42,3.43,2.17,3.68,3.7
2020-08-30,San Luis,América,1,2,0.3327,0.281,0.3863,pinnacle,2.83,3.38,2.38,2.98,3.68,2.53
2020-08-31,Monterrey,Juárez,2,1,0.646,0.203,0.151,pinnacle,1.47,4.52,5.9,1.53,5.1,6.5
2020-08-31,Santos,Querétaro,2,1,0.4293,0.2815,0.2892,pinnacle,2.16,3.33,3.26,2.28,3.66,3.72
2020-09-01,León,Atlas,2,1,0.5628,0.26,0.1772,pinnacle,1.68,3.71,4.94,1.76,4.15,5.5
2020-09-03,América,Mazatlán,3,1,0.6146,0.2272,0.1582,pinnacle,1.55,4.17,5.45,1.59,4.5,6.06
2020-09-04,Pachuca,San Luis,3,1,0.5097,0.2625,0.2278,pinnacle,1.86,3.52,3.98,1.95,3.67,4.28
2020-09-04,Querétaro,Toluca,4,1,0.4555,0.27,0.2746,pinnacle,2.08,3.48,3.3,2.26,3.6,3.54
2020-09-05,Juárez,Santos,1,1,0.2953,0.275,0.4297,pinnacle,3.06,3.36,2.23,3.3,3.6,2.38
2020-09-05,Necaxa,León,0,2,0.2329,0.2472,0.5199,pinnacle,3.97,3.68,1.82,4.33,3.89,1.92
2020-09-05,Pumas,Puebla,4,1,0.5469,0.2443,0.2088,pinnacle,1.76,3.68,4.34,1.83,3.96,4.78
2020-09-05,Tijuana,Monterrey,2,1,0.2868,0.2684,0.4448,pinnacle,3.2,3.45,2.13,3.6,3.64,2.25
2020-09-06,Atlas,Cruz Azul,1,0,0.2026,0.2567,0.5407,pinnacle,4.44,3.62,1.75,4.78,3.84,1.82
2020-09-06,Tigres,Guadalajara,1,3,0.4739,0.2898,0.2364,pinnacle,2.0,3.23,3.79,2.09,3.42,4.07
2020-09-08,San Luis,Necaxa,2,1,0.3864,0.283,0.3306,pinnacle,2.42,3.26,2.82,2.54,3.4,2.92
2020-09-09,Guadalajara,Querétaro,1,1,0.4939,0.2729,0.2332,pinnacle,1.97,3.31,3.78,2.09,3.53,4.13
2020-09-09,León,Tigres,1,1,0.4944,0.2693,0.2363,pinnacle,1.87,3.49,3.96,1.96,3.68,4.33
2020-09-09,Monterrey,Atlas,1,1,0.6261,0.2223,0.1516,pinnacle,1.51,4.24,5.74,1.56,4.5,6.32
2020-09-09,Puebla,América,2,3,0.2471,0.2612,0.4917,pinnacle,3.72,3.52,1.92,3.92,3.69,2.0
2020-09-09,Toluca,Juárez,0,1,0.54,0.2316,0.2283,pinnacle,1.75,3.89,4.07,1.83,4.34,4.21
2020-09-10,Cruz Azul,Pachuca,1,0,0.4431,0.2732,0.2837,pinnacle,2.14,3.31,3.29,2.23,3.52,3.5
2020-09-10,Mazatlán,Tijuana,1,0,0.3895,0.2898,0.3207,pinnacle,2.4,3.21,2.89,2.47,3.33,3.01
2020-09-10,Santos,Pumas,1,2,0.4628,0.2735,0.2637,pinnacle,2.02,3.4,3.5,2.12,3.52,3.8
2020-09-12,Atlas,Mazatlán,1,1,0.4159,0.2837,0.3004,pinnacle,2.24,3.28,3.11,2.36,3.45,3.3
2020-09-12,Juárez,Puebla,1,0,0.4453,0.2941,0.2606,pinnacle,2.09,3.18,3.56,2.18,3.42,3.86
2020-09-12,Necaxa,Guadalajara,1,2,0.2932,0.2812,0.4256,pinnacle,3.12,3.25,2.25,3.44,3.42,2.36
2020-09-13,América,Toluca,1,1,0.5449,0.2419,0.2132,pinnacle,1.73,3.84,4.26,1.8,4.05,4.55
2020-09-13,Pumas,San Luis,3,0,0.4978,0.266,0.2362,pinnacle,1.85,3.6,3.93,1.99,3.85,4.2
2020-09-13,Tigres,Santos,2,0,0.4581,0.2713,0.2705,pinnacle,2.06,3.4,3.43,2.15,3.58,3.75
2020-09-14,Querétaro,León,2,3,0.2937,0.2762,0.4301,pinnacle,3.16,3.36,2.18,3.45,3.52,2.29
2020-09-14,Tijuana,Cruz Azul,1,2,0.3076,0.2715,0.4208,pinnacle,3.06,3.39,2.22,3.24,3.58,2.45
2020-09-15,Pachuca,Monterrey,1,1,0.4325,0.2616,0.306,pinnacle,2.19,3.49,3.06,2.31,3.72,3.34
2020-09-19,Atlas,Pachuca,0,1,0.3101,0.3111,0.3789,pinnacle,2.96,3.06,2.47,3.14,3.24,2.59
2020-09-19,Mazatlán,Cruz Azul,2,3,0.2896,0.278,0.4324,pinnacle,3.15,3.31,2.22,3.36,3.5,2.59
2020-09-19,Necaxa,Puebla,0,1,0.4325,0.2871,0.2804,pinnacle,2.15,3.28,3.34,2.27,3.45,3.58
2020-09-20,América,Guadalajara,1,0,0.4024,0.2814,0.3162,pinnacle,2.33,3.33,2.94,2.42,3.5,3.14
2020-09-20,Tigres,Querétaro,3,0,0.5312,0.2565,0.2123,pinnacle,1.78,3.59,4.37,1.84,3.79,5.0
2020-09-20,Toluca,Santos,1,2,0.3422,0.2627,0.3951,pinnacle,2.75,3.54,2.37,2.9,3.74,2.5
2020-09-21,San Luis,Monterrey,1,2,0.23,0.2396,0.5304,pinnacle,3.92,3.77,1.82,5.0,4.05,1.94
2020-09-22,León,Pumas,2,0,0.5609,0.2322,0.2069,pinnacle,1.69,3.95,4.44,1.76,4.18,4.85
2020-09-25,Pachuca,Toluca,0,0,0.6126,0.2225,0.1649,pinnacle,1.55,4.18,5.33,1.61,4.4,6.0
2020-09-26,Guadalajara,Mazatlán,2,1,0.5639,0.2506,0.1855,pinnacle,1.71,3.58,4.88,1.78,3.87,5.38
2020-09-26,Juárez,Atlas,0,1,0.3874,0.3058,0.3068,pinnacle,2.42,3.09,3.01,2.53,3.25,3.19
2020-09-26,Puebla,Querétaro,3,3,0.3368,0.3014,0.3618,pinnacle,2.72,3.11,2.63,2.89,3.28,2.79
2020-09-27,Monterrey,Tigres,0,2,0.3464,0.2932,0.3605,pinnacle,2.62,3.27,2.63,2.81,3.54,2.82
2020-09-27,Pumas,Necaxa,1,1,0.4322,0.2686,0.2992,pinnacle,2.14,3.5,3.14,2.26,3.66,3.37
2020-09-27,San Luis,León,0,2,0.2134,0.2351,0.5516,pinnacle,4.33,3.85,1.72,4.6,4.13,1.79
2020-09-28,Cruz Azul,América,0,0,0.501,0.2692,0.2298,pinnacle,1.88,3.45,4.01,2.0,3.64,4.4
2020-10-01,Tijuana,Juárez,2,1,0.4482,0.2779,0.274,pinnacle,2.11,3.3,3.38,2.22,3.5,3.55
2020-10-03,Atlas,Necaxa,0,1,0.4038,0.3109,0.2854,pinnacle,2.33,3.11,3.13,2.41,3.3,3.41
2020-10-03,León,Mazatlán,2,1,0.6918,0.1884,0.1197,pinnacle,1.38,4.85,7.32,1.44,5.38,8.5
2020-10-03,Puebla,Santos,0,2,0.2987,0.2743,0.4271,pinnacle,3.1,3.44,2.19,3.26,3.64,2.31
2020-10-04,América,Pumas,2,2,0.4418,0.2723,0.2859,pinnacle,2.11,3.47,3.23,2.2,3.72,3.4
2020-10-04,Juárez,Pachuca,1,1,0.2091,0.2694,0.5215,pinnacle,4.34,3.4,1.83,4.75,3.6,1.92
2020-10-04,Tigres,San Luis,3,0,0.659,0.2134,0.1276,pinnacle,1.44,4.34,6.75,1.5,4.55,7.59
2020-10-04,Toluca,Cruz Azul,2,0,0.2451,0.2439,0.5109,pinnacle,3.76,3.77,1.85,4.0,3.99,1.92
2020-10-05,Querétaro,Monterrey,1,2,0.3716,0.2704,0.3579,pinnacle,2.51,3.47,2.6,2.62,3.7,2.73
2020-10-05,Tijuana,Guadalajara,0,0,0.354,0.2959,0.3502,pinnacle,2.67,3.14,2.66,2.77,3.32,2.78
2020-10-12,Santos,Tijuana,2,0,0.5666,0.2453,0.1881,pinnacle,1.68,3.74,4.82,1.73,3.97,5.75
2020-10-16,San Luis,Querétaro,2,1,0.2658,0.2796,0.4546,pinnacle,3.48,3.33,2.06,3.8,3.49,2.15
2020-10-17,Mazatlán,Juárez,3,2,0.4955,0.2683,0.2363,pinnacle,1.91,3.45,3.84,2.0,3.62,4.2
2020-10-17,Monterrey,Puebla,3,1,0.629,0.2143,0.1567,pinnacle,1.53,4.23,5.53,1.56,4.52,6.18
2020-10-17,Necaxa,Tijuana,2,0,0.4288,0.2986,0.2726,pinnacle,2.16,3.2,3.37,2.27,3.35,3.62
2020-10-18,Cruz Azul,Tigres,0,2,0.4445,0.2667,0.2888,pinnacle,2.13,3.46,3.21,2.27,3.65,3.5
2020-10-18,Guadalajara,Atlas,3,2,0.4461,0.3077,0.2462,pinnacle,2.07,3.12,3.75,2.18,3.34,4.2
2020-10-18,Pumas,Toluca,1,0,0.4836,0.2599,0.2565,pinnacle,1.92,3.66,3.6,2.05,3.87,3.83
2020-10-19,Santos,Pachuca,1,1,0.4072,0.2905,0.3023,pinnacle,2.33,3.23,3.02,2.45,3.4,3.23
2020-10-20,León,América,3,2,0.5422,0.2362,0.2216,pinnacle,1.76,3.85,4.12,1.87,4.11,4.49
2020-10-24,Puebla,León,1,2,0.2086,0.2401,0.5512,pinnacle,4.32,3.9,1.71,4.75,4.18,1.78
2020-10-24,Querétaro,Necaxa,0,1,0.4232,0.2914,0.2854,pinnacle,2.25,3.22,3.17,2.32,3.5,3.41
2020-10-25,América,Atlas,1,0,0.4607,0.267,0.2723,pinnacle,2.0,3.49,3.53,2.15,3.7,3.8
2020-10-25,Guadalajara,Cruz Azul,0,2,0.2804,0.3003,0.4194,pinnacle,3.27,3.07,2.28,3.51,3.25,2.51
2020-10-25,Mazatlán,Monterrey,1,2,0.3503,0.2632,0.3865,pinnacle,2.71,3.55,2.39,2.93,3.78,2.52
2020-10-25,Tigres,Juárez,1,1,0.7007,0.1892,0.11,pinnacle,1.39,4.47,7.61,1.67,5.11,9.5
2020-10-25,Toluca,Tijuana,2,0,0.5313,0.2532,0.2156,pinnacle,1.82,3.62,4.05,2.01,3.84,4.58
2020-10-26,Santos,San Luis,2,1,0.6284,0.2261,0.1455,pinnacle,1.51,4.11,6.02,1.55,4.41,7.17
2020-10-27,Pachuca,Pumas,1,1,0.5108,0.2711,0.2181,pinnacle,1.84,3.48,4.13,1.98,3.72,4.59
2020-10-30,San Luis,Mazatlán,0,5,0.4088,0.2853,0.3059,pinnacle,2.37,3.23,2.96,2.53,3.54,3.18
2020-10-31,Atlas,Puebla,0,1,0.4233,0.279,0.2977,pinnacle,2.22,3.33,3.14,2.35,3.5,3.4
2020-10-31,Juárez,Querétaro,1,0,0.3648,0.2873,0.3479,pinnacle,2.54,3.24,2.72,2.67,3.43,2.88
2020-10-31,Necaxa,Toluca,3,2,0.4109,0.2759,0.3132,pinnacle,2.29,3.33,3.0,2.38,3.54,3.22
2020-10-31,Tijuana,Pachuca,0,2,0.3464,0.2932,0.3605,pinnacle,2.67,3.18,2.63,2.81,3.35,2.82
2020-11-01,América,Tigres,3,1,0.3554,0.2758,0.3688,pinnacle,2.65,3.43,2.5,2.8,3.6,2.66
2020-11-01,Monterrey,Cruz Azul,1,0,0.3659,0.2749,0.3592,pinnacle,2.52,3.42,2.62,2.67,3.6,2.8
2020-11-01,Pumas,Guadalajara,2,2,0.4156,0.2843,0.3001,pinnacle,2.29,3.26,3.05,2.4,3.42,3.26
2020-11-03,León,Santos,2,1,0.4961,0.2493,0.2546,pinnacle,1.9,3.72,3.6,1.99,3.9,3.84
2020-11-07,Guadalajara,Monterrey,3,1,0.3276,0.2879,0.3846,pinnacle,2.84,3.32,2.41,2.99,3.54,2.56
2020-11-07,Juárez,América,1,1,0.3161,0.266,0.4179,pinnacle,3.08,3.5,2.18,3.38,3.72,2.33
2020-11-07,Pachuca,Necaxa,0,1,0.3299,0.2958,0.3743,pinnacle,2.9,3.16,2.43,3.13,3.34,2.7
2020-11-07,Puebla,San Luis,1,0,0.5573,0.2377,0.205,pinnacle,1.68,3.95,4.53,1.82,4.2,5.0
2020-11-08,Cruz Azul,Pumas,1,2,0.5577,0.2501,0.1922,pinnacle,1.72,3.8,4.45,1.81,4.1,5.05
2020-11-08,Tigres,Atlas,1,1,0.6452,0.2272,0.1277,pinnacle,1.47,4.17,6.74,1.52,4.4,8.0
2020-11-08,Toluca,León,2,2,0.2623,0.2426,0.4951,pinnacle,3.46,3.74,1.95,3.8,4.04,2.15
2020-11-09,Querétaro,Tijuana,2,2,0.467,0.2661,0.2669,pinnacle,1.99,3.57,3.5,2.13,3.78,3.83
2020-11-09,Santos,Mazatlán,4,0,0.6074,0.2276,0.165,pinnacle,1.56,4.21,5.26,1.65,4.5,5.89
2020-11-22,Guadalajara,Necaxa,1,0,0.4021,0.3031,0.2948,pinnacle,2.33,3.08,3.14,2.44,3.3,3.5
2020-11-22,Santos,Pachuca,0,3,0.4342,0.2895,0.2763,pinnacle,2.17,3.19,3.35,2.28,3.38,3.72
2020-11-23,Monterrey,Puebla,2,2,0.6301,0.2176,0.1523,pinnacle,1.51,4.26,5.65,1.58,4.5,6.41
2020-11-23,Tigres,Toluca,2,1,0.6129,0.2226,0.1644,pinnacle,1.55,4.17,5.27,1.65,4.36,5.9
2020-11-26,Guadalajara,América,1,0,0.3848,0.3032,0.312,pinnacle,2.44,3.07,2.95,2.54,3.28,3.12
2020-11-26,Puebla,León,2,1,0.1963,0.2453,0.5584,pinnacle,4.55,3.75,1.71,4.95,4.02,1.79
2020-11-27,Pachuca,Pumas,0,1,0.5059,0.2744,0.2197,pinnacle,1.89,3.35,4.1,2.0,3.63,4.68
2020-11-27,Tigres,Cruz Azul,1,3,0.4006,0.2854,0.314,pinnacle,2.4,3.19,2.92,2.56,3.41,3.17
2020-11-29,América,Guadalajara,1,2,0.504,0.274,0.2221,pinnacle,1.9,3.35,4.04,2.02,3.58,4.67
2020-11-29,León,Puebla,2,0,0.7242,0.179,0.0968,pinnacle,1.32,5.1,8.55,1.36,5.5,10.03
2020-11-29,Pumas,Pachuca,0,0,0.2618,0.2597,0.4785,pinnacle,3.63,3.46,1.97,3.9,3.74,2.04
2020-11-30,Cruz Azul,Tigres,0,1,0.3912,0.2597,0.3491,pinnacle,2.32,3.51,2.81,2.5,3.77,3.08
2020-12-03,Guadalajara,León,1,1,0.3169,0.2844,0.3987,pinnacle,3.07,3.27,2.28,3.32,3.43,2.44
2020-12-04,Cruz Azul,Pumas,4,0,0.5711,0.2458,0.1832,pinnacle,1.67,3.78,4.78,1.73,4.15,5.45
2020-12-06,León,Guadalajara,1,0,0.57,0.2441,0.186,pinnacle,1.71,3.69,4.61,1.89,3.97,5.21
2020-12-07,Pumas,Cruz Azul,4,0,0.3022,0.2615,0.4363,pinnacle,2.96,3.46,2.24,3.22,3.72,2.44
2020-12-11,Pumas,León,1,1,0.2518,0.2919,0.4563,pinnacle,3.72,3.28,2.01,4.35,3.5,2.13
2020-12-15,León,Pumas,2,0,0.5986,0.2337,0.1678,pinnacle,1.59,3.98,5.18,1.67,4.32,5.88
2021-01-09,Atlas,Monterrey,0,2,0.2588,0.2547,0.4865,pinnacle,3.55,3.55,1.97,4.0,3.82,2.16
2021-01-09,Mazatlán,Necaxa,3,2,0.465,0.2793,0.2557,pinnacle,2.04,3.31,3.59,2.19,3.56,3.85
2021-01-09,Puebla,Guadalajara,1,1,0.3222,0.3119,0.3659,pinnacle,2.87,3.03,2.54,3.06,3.25,2.71
2021-01-09,Tijuana,Pumas,0,0,0.4764,0.2685,0.2551,pinnacle,1.98,3.42,3.62,2.13,3.68,3.94
2021-01-10,América,San Luis,2,1,0.5666,0.2453,0.1881,pinnacle,1.65,3.84,4.88,1.73,4.17,5.5
2021-01-10,Tigres,León,2,0,0.4881,0.259,0.2529,pinnacle,1.98,3.46,3.65,2.1,3.8,4.22
2021-01-10,Toluca,Querétaro,3,1,0.4231,0.2659,0.3109,pinnacle,2.23,3.42,3.01,2.38,3.66,3.25
2021-01-11,Santos,Cruz Azul,1,0,0.3771,0.2717,0.3512,pinnacle,2.51,3.35,2.67,2.68,3.59,3.0
2021-01-12,Pachuca,Juárez,1,1,0.6199,0.2302,0.1499,pinnacle,1.55,3.94,5.79,1.63,4.22,6.45
2021-01-16,Guadalajara,Toluca,1,1,0.5197,0.2599,0.2204,pinnacle,1.85,3.52,4.06,1.93,3.74,4.48
2021-01-16,Juárez,Tijuana,0,0,0.3589,0.2861,0.355,pinnacle,2.57,3.25,2.67,2.81,3.5,2.9
2021-01-16,Necaxa,San Luis,1,0,0.491,0.2635,0.2455,pinnacle,1.92,3.51,3.76,2.03,3.75,3.98
2021-01-17,Cruz Azul,Puebla,0,1,0.5449,0.26,0.1951,pinnacle,1.7,3.62,4.88,1.78,4.0,5.41
2021-01-17,Monterrey,América,1,0,0.5709,0.2311,0.1981,pinnacle,1.67,3.9,4.65,1.77,4.2,5.25
2021-01-17,Pumas,Mazatlán,3,0,0.4503,0.2636,0.2861,pinnacle,2.11,3.46,3.25,2.21,3.7,4.2
2021-01-18,Querétaro,Atlas,1,0,0.3851,0.2891,0.3258,pinnacle,2.41,3.23,2.89,2.59,3.45,3.16
2021-01-18,Santos,Tigres,2,0,0.3786,0.2836,0.3378,pinnacle,2.47,3.27,2.77,2.85,3.48,2.9
2021-01-19,León,Pachuca,0,0,0.4544,0.2762,0.2694,pinnacle,2.06,3.36,3.47,2.14,3.63,4.0
2021-01-22,San Luis,Guadalajara,3,1,0.2525,0.2911,0.4564,pinnacle,3.63,3.23,2.05,3.94,3.52,2.18
2021-01-23,Mazatlán,Santos,0,0,0.3121,0.2682,0.4197,pinnacle,3.02,3.42,2.24,3.8,3.63,2.43
2021-01-23,Puebla,Tijuana,0,1,0.4143,0.2959,0.2898,pinnacle,2.26,3.13,3.25,2.42,3.4,3.71
2021-01-24,Atlas,Tigres,0,2,0.2783,0.2823,0.4394,pinnacle,3.33,3.23,2.17,4.0,3.44,2.25
2021-01-24,Toluca,Necaxa,2,0,0.4443,0.2854,0.2703,pinnacle,2.13,3.3,3.35,2.22,3.53,3.6
2021-01-25,Querétaro,Pumas,2,0,0.4253,0.2925,0.2823,pinnacle,2.17,3.21,3.37,2.31,3.45,3.62
2021-01-26,Pachuca,Cruz Azul,0,1,0.5066,0.2748,0.2186,pinnacle,1.9,3.31,4.17,2.06,3.54,4.48
2021-01-27,América,Juárez,2,0,0.4699,0.3012,0.2289,pinnacle,2.0,3.19,3.9,2.14,3.44,5.0
2021-01-29,Tigres,Necaxa,1,1,0.5989,0.2574,0.1437,pinnacle,1.59,3.6,6.14,1.69,3.85,7.0
2021-01-30,Mazatlán,Pachuca,1,0,0.2725,0.2812,0.4463,pinnacle,3.4,3.22,2.15,3.7,3.47,2.32
2021-01-31,Cruz Azul,Querétaro,4,1,0.5427,0.2626,0.1947,pinnacle,1.73,3.56,4.7,1.8,3.75,5.08
2021-01-31,Guadalajara,Juárez,1,2,0.4809,0.2816,0.2375,pinnacle,1.96,3.3,3.88,2.05,3.5,4.2
2021-01-31,Pumas,Atlas,0,0,0.3476,0.312,0.3404,pinnacle,2.71,3.0,2.72,2.8,3.2,2.9
2021-01-31,Tijuana,Toluca,3,2,0.5108,0.2495,0.2397,pinnacle,1.87,3.65,3.84,1.99,3.93,4.28
2021-02-01,Santos,América,1,1,0.4588,0.2747,0.2665,pinnacle,2.03,3.42,3.51,2.15,3.8,3.9
2021-02-02,León,San Luis,3,1,0.5664,0.2549,0.1787,pinnacle,1.68,3.68,4.89,1.8,4.1,6.5
2021-02-03,Puebla,Monterrey,0,0,0.232,0.2794,0.4886,pinnacle,3.99,3.37,1.92,4.7,3.62,2.0
2021-02-05,Querétaro,Pachuca,3,1,0.2878,0.2912,0.421,pinnacle,3.09,3.17,2.32,3.47,3.34,2.54
2021-02-05,San Luis,Tijuana,2,2,0.4588,0.2702,0.271,pinnacle,2.06,3.41,3.43,2.15,3.6,3.75
2021-02-06,Atlas,Santos,1,1,0.318,0.3004,0.3816,pinnacle,2.92,3.13,2.45,3.15,3.32,2.55
2021-02-06,Necaxa,Cruz Azul,0,2,0.2103,0.2719,0.5178,pinnacle,4.32,3.34,1.85,4.88,3.58,1.93
2021-02-07,América,Puebla,1,0,0.5454,0.2631,0.1915,pinnacle,1.72,3.57,4.77,1.81,3.86,5.13
2021-02-07,Monterrey,Pumas,1,0,0.6599,0.219,0.1211,pinnacle,1.46,4.18,6.8,1.55,4.45,8.03
2021-02-07,Toluca,Mazatlán,4,1,0.5166,0.2549,0.2285,pinnacle,1.86,3.61,3.89,1.98,3.81,4.25
2021-02-09,León,Guadalajara,1,3,0.498,0.2675,0.2345,pinnacle,1.87,3.41,4.17,1.95,3.67,4.97
2021-02-13,Mazatlán,San Luis,0,3,0.4401,0.2747,0.2852,pinnacle,2.14,3.39,3.24,2.23,3.65,3.5
2021-02-13,Puebla,Juárez,4,0,0.3579,0.33,0.312,pinnacle,2.56,2.87,3.04,2.76,3.06,3.25
2021-02-13,Tijuana,León,2,0,0.3223,0.2704,0.4073,pinnacle,2.87,3.4,2.33,3.06,3.6,2.42
2021-02-14,América,Querétaro,2,1,0.4856,0.2832,0.2312,pinnacle,1.94,3.34,3.92,2.02,3.56,4.47
2021-02-14,Guadalajara,Necaxa,2,2,0.5359,0.2657,0.1984,pinnacle,1.78,3.46,4.54,1.85,3.65,5.04
2021-02-14,Toluca,Pumas,1,0,0.4978,0.2638,0.2385,pinnacle,1.9,3.55,3.8,1.99,3.84,4.2
2021-02-15,Santos,Monterrey,1,0,0.2801,0.2842,0.4358,pinnacle,3.23,3.29,2.19,3.52,3.54,2.35
2021-02-16,Pachuca,Atlas,0,1,0.472,0.3029,0.2251,pinnacle,1.97,3.13,4.13,2.12,3.34,4.45
2021-02-18,Tigres,Cruz Azul,0,2,0.4592,0.2805,0.2603,pinnacle,2.07,3.25,3.6,2.17,3.67,4.08
2021-02-19,San Luis,Santos,1,0,0.3832,0.2967,0.3201,pinnacle,2.46,3.15,2.89,2.76,3.4,3.12
2021-02-20,Juárez,Mazatlán,1,0,0.4324,0.2904,0.2772,pinnacle,2.17,3.19,3.36,2.47,3.36,3.74
2021-02-20,Necaxa,Monterrey,1,1,0.2161,0.2888,0.4951,pinnacle,4.16,3.3,1.9,4.75,3.52,1.98
2021-02-21,Atlas,América,0,2,0.3462,0.3148,0.339,pinnacle,2.68,2.98,2.76,2.9,3.18,3.02
2021-02-21,Cruz Azul,Toluca,3,2,0.5546,0.2501,0.1953,pinnacle,1.72,3.7,4.54,1.79,3.94,4.97
2021-02-21,Pumas,León,0,1,0.2424,0.2592,0.4984,pinnacle,3.75,3.52,1.92,4.2,3.75,2.08
2021-02-21,Querétaro,Puebla,1,1,0.4267,0.2993,0.274,pinnacle,2.21,3.16,3.31,2.38,3.37,3.62
2021-02-22,Tigres,Tijuana,3,2,0.5395,0.259,0.2015,pinnacle,1.73,3.63,4.62,1.82,4.2,6.0
2021-02-23,Pachuca,Guadalajara,1,1,0.4328,0.3062,0.261,pinnacle,2.16,3.1,3.5,2.36,3.3,3.73
2021-02-26,San Luis,Tigres,2,2,0.2895,0.2948,0.4157,pinnacle,3.21,3.15,2.26,3.7,3.4,2.35
2021-02-27,Mazatlán,Querétaro,3,0,0.4107,0.288,0.3013,pinnacle,2.29,3.24,3.07,2.45,3.4,3.3
2021-02-27,Puebla,Necaxa,1,0,0.4264,0.3057,0.2678,pinnacle,2.24,3.07,3.37,2.38,3.25,3.71
2021-02-27,Toluca,Atlas,0,0,0.4383,0.2804,0.2812,pinnacle,2.11,3.34,3.37,2.23,3.48,3.64
2021-02-28,América,Pachuca,2,0,0.4055,0.3212,0.2734,pinnacle,2.32,2.97,3.28,2.41,3.2,3.57
2021-02-28,León,Cruz Azul,0,1,0.3788,0.2968,0.3245,pinnacle,2.45,3.11,2.94,2.61,3.28,3.1
2021-02-28,Monterrey,Tijuana,1,1,0.5761,0.2463,0.1776,pinnacle,1.64,3.77,5.14,1.7,4.0,5.55
2021-03-01,Guadalajara,Pumas,2,1,0.5111,0.2815,0.2075,pinnacle,1.86,3.35,4.29,2.07,3.6,4.68
2021-03-01,Santos,Juárez,3,2,0.5064,0.2868,0.2069,pinnacle,1.83,3.39,4.43,1.92,3.6,5.0
2021-03-02,Atlas,San Luis,3,1,0.4568,0.3041,0.2391,pinnacle,2.08,3.1,3.75,2.15,3.3,4.12
2021-03-03,León,Puebla,1,2,0.5577,0.263,0.1794,pinnacle,1.7,3.55,4.98,1.77,3.8,5.5
2021-03-03,Tigres,Toluca,0,1,0.6016,0.2284,0.1699,pinnacle,1.6,3.93,5.23,1.67,4.27,5.72
2021-03-04,Cruz Azul,Mazatlán,1,0,0.6673,0.2127,0.12,pinnacle,1.41,4.38,7.57,1.49,4.75,9.0
2021-03-04,Juárez,Monterrey,1,6,0.2365,0.2649,0.4986,pinnacle,3.86,3.44,1.92,4.33,3.67,2.0
2021-03-04,Querétaro,Guadalajara,2,2,0.2993,0.2903,0.4104,pinnacle,3.01,3.18,2.36,3.26,3.37,2.48
2021-03-04,Tijuana,América,0,2,0.3633,0.2915,0.3452,pinnacle,2.55,3.18,2.74,2.8,3.42,2.89
2021-03-05,Necaxa,Pachuca,2,2,0.3099,0.3099,0.3801,pinnacle,3.02,3.04,2.43,3.25,3.25,2.62
2021-03-05,Pumas,Santos,1,0,0.2771,0.2983,0.4247,pinnacle,3.26,3.14,2.23,3.51,3.37,2.32
2021-03-06,Atlas,Juárez,2,0,0.5464,0.2694,0.1842,pinnacle,1.74,3.44,4.84,1.8,3.64,5.5
2021-03-06,Puebla,Tigres,1,1,0.2914,0.313,0.3956,pinnacle,3.21,2.98,2.35,3.47,3.24,2.46
2021-03-06,San Luis,Toluca,0,0,0.3527,0.2932,0.354,pinnacle,2.59,3.2,2.68,2.76,3.37,3.05
2021-03-07,América,León,2,1,0.448,0.2982,0.2538,pinnacle,2.09,3.11,3.67,2.28,3.32,4.2
2021-03-07,Mazatlán,Guadalajara,1,1,0.2928,0.3038,0.4034,pinnacle,3.06,3.07,2.38,3.37,3.22,2.55
2021-03-07,Monterrey,Querétaro,2,1,0.6925,0.1897,0.1178,pinnacle,1.4,4.61,7.09,1.49,5.11,8.5
2021-03-08,Pumas,Cruz Azul,0,1,0.1675,0.2519,0.5807,pinnacle,5.41,3.63,1.63,6.0,3.86,1.69
2021-03-08,Santos,Necaxa,3,1,0.5918,0.2514,0.1568,pinnacle,1.59,3.68,5.74,1.68,3.86,6.5
2021-03-09,Pachuca,Tijuana,2,1,0.4591,0.2914,0.2495,pinnacle,2.02,3.23,3.74,2.2,3.41,4.32
2021-03-11,Monterrey,León,1,1,0.5837,0.2392,0.1771,pinnacle,1.63,3.82,5.05,1.68,4.05,5.71
2021-03-13,Juárez,Pumas,1,1,0.4021,0.3003,0.2976,pinnacle,2.3,3.14,3.13,2.43,3.31,3.47
2021-03-13,Puebla,Atlas,0,1,0.2889,0.3323,0.3788,pinnacle,3.06,2.83,2.55,3.43,3.0,2.8
2021-03-14,Cruz Azul,Monterrey,1,0,0.4264,0.2885,0.2851,pinnacle,2.25,3.15,3.21,2.34,3.37,3.45
2021-03-14,Tigres,Mazatlán,1,2,0.6456,0.2278,0.1266,pinnacle,1.48,4.02,6.86,1.52,4.25,8.11
2021-03-14,Tijuana,Santos,0,1,0.3356,0.2914,0.3729,pinnacle,2.73,3.18,2.55,2.91,3.34,2.72
2021-03-14,Toluca,Pachuca,0,2,0.3367,0.2862,0.3771,pinnacle,2.75,3.26,2.49,2.96,3.43,2.75
2021-03-15,Guadalajara,América,0,3,0.3412,0.3188,0.34,pinnacle,2.67,2.96,2.78,2.85,3.1,2.95
2021-03-15,Querétaro,San Luis,2,1,0.4249,0.2829,0.2922,pinnacle,2.24,3.25,3.14,2.36,3.44,3.33
2021-03-16,León,Necaxa,3,1,0.6679,0.2147,0.1174,pinnacle,1.43,4.3,6.98,1.51,4.57,8.12
2021-03-19,Pachuca,Tigres,1,0,0.4021,0.3013,0.2967,pinnacle,2.33,3.1,3.1,2.44,3.3,3.3
2021-03-20,Mazatlán,América,0,1,0.2693,0.3116,0.4191,pinnacle,3.37,3.06,2.24,3.62,3.25,2.38
2021-03-20,Necaxa,Juárez,1,0,0.4794,0.2821,0.2385,pinnacle,1.98,3.29,3.83,2.12,3.5,4.11
2021-03-20,San Luis,Pumas,0,1,0.3797,0.3156,0.3047,pinnacle,2.44,3.04,3.0,2.58,3.31,3.19
2021-03-21,Cruz Azul,Atlas,3,2,0.4323,0.3275,0.2402,pinnacle,2.17,2.89,3.76,2.25,3.25,4.09
2021-03-21,Tijuana,Querétaro,3,1,0.4563,0.2963,0.2473,pinnacle,2.04,3.23,3.71,2.14,3.5,3.94
2021-03-21,Toluca,Puebla,4,4,0.3893,0.2967,0.314,pinnacle,2.35,3.14,3.04,2.5,3.28,3.25
2021-03-22,Santos,León,1,2,0.369,0.2916,0.3394,pinnacle,2.45,3.18,2.87,2.64,3.34,3.2
2021-04-03,Juárez,Cruz Azul,0,1,0.218,0.2795,0.5025,pinnacle,4.31,3.37,1.84,5.1,3.65,1.96
2021-04-03,Puebla,Mazatlán,3,1,0.4883,0.3009,0.2108,pinnacle,1.95,3.07,4.28,2.08,3.25,4.7
2021-04-04,América,Necaxa,2,1,0.5988,0.252,0.1492,pinnacle,1.58,3.81,5.67,1.62,4.13,6.54
2021-04-04,Atlas,Tijuana,1,0,0.5549,0.2562,0.1889,pinnacle,1.73,3.57,4.68,1.87,3.88,5.3
2021-04-04,Guadalajara,Santos,1,1,0.3771,0.305,0.3179,pinnacle,2.45,3.13,2.91,2.58,3.3,3.11
2021-04-04,Monterrey,San Luis,2,0,0.6518,0.2158,0.1323,pinnacle,1.44,4.3,6.83,1.49,4.6,8.02
2021-04-04,Pumas,Pachuca,2,2,0.2541,0.2995,0.4464,pinnacle,3.6,3.11,2.12,3.97,3.34,2.18
2021-04-05,León,Toluca,2,1,0.6303,0.2167,0.1531,pinnacle,1.52,4.17,5.87,1.67,4.5,6.61
2021-04-05,Querétaro,Tigres,0,1,0.2741,0.2837,0.4423,pinnacle,3.35,3.26,2.15,3.59,3.45,2.26
2021-04-10,Atlas,León,1,3,0.4443,0.2913,0.2644,pinnacle,2.15,3.22,3.38,2.24,3.4,3.74
2021-04-10,Juárez,San Luis,2,1,0.4195,0.2838,0.2967,pinnacle,2.31,3.22,3.06,2.48,3.43,3.31
2021-04-10,Necaxa,Pumas,0,1,0.4192,0.2852,0.2956,pinnacle,2.27,3.18,3.17,2.36,3.41,3.44
2021-04-11,Cruz Azul,Guadalajara,1,0,0.5299,0.2701,0.2,pinnacle,1.77,3.44,4.6,1.86,3.66,5.17
2021-04-11,Tigres,América,1,3,0.4196,0.2897,0.2906,pinnacle,2.24,3.21,3.21,2.39,3.45,3.4
2021-04-11,Toluca,Monterrey,1,2,0.2333,0.2666,0.5002,pinnacle,3.9,3.44,1.9,4.25,3.65,2.05
2021-04-12,Querétaro,Santos,1,0,0.3818,0.2847,0.3335,pinnacle,2.5,3.22,2.76,2.62,3.42,2.97
2021-04-12,Tijuana,Mazatlán,2,3,0.5094,0.2695,0.2211,pinnacle,1.86,3.51,4.07,1.92,3.72,4.57
2021-04-13,Pachuca,Puebla,1,3,0.4768,0.2938,0.2294,pinnacle,1.99,3.22,3.89,2.08,3.41,4.24
2021-04-15,Juárez,Tigres,2,3,0.2151,0.2938,0.4911,pinnacle,4.03,3.27,1.94,4.52,3.56,2.13
2021-04-17,Mazatlán,Atlas,0,0,0.2636,0.2903,0.4461,pinnacle,3.5,3.17,2.13,3.83,3.35,2.29
2021-04-17,Necaxa,Querétaro,0,0,0.3742,0.2845,0.3414,pinnacle,2.51,3.23,2.76,2.6,3.42,2.94
2021-04-17,San Luis,Puebla,1,4,0.315,0.2941,0.3909,pinnacle,2.9,3.13,2.46,3.09,3.34,2.56
2021-04-18,América,Cruz Azul,1,1,0.3393,0.3214,0.3393,pinnacle,2.71,2.97,2.73,2.91,3.2,2.89
2021-04-18,Guadalajara,Tijuana,2,0,0.5311,0.2634,0.2055,pinnacle,1.78,3.53,4.4,1.9,3.74,4.73
2021-04-18,Pumas,Tigres,0,0,0.281,0.2868,0.4322,pinnacle,3.29,3.24,2.18,3.46,3.39,2.29
2021-04-19,Monterrey,Pachuca,0,1,0.6127,0.2273,0.16,pinnacle,1.56,4.01,5.52,1.76,4.26,6.05
2021-04-19,Santos,Toluca,3,1,0.5422,0.2463,0.2115,pinnacle,1.76,3.73,4.25,1.8,3.96,4.59
2021-04-20,León,Juárez,2,0,0.7016,0.1841,0.1143,pinnacle,1.36,4.9,7.64,1.4,5.26,9.5
2021-04-22,Monterrey,Guadalajara,1,2,0.6134,0.2352,0.1514,pinnacle,1.55,3.95,5.79,1.62,4.15,6.7
2021-04-24,Cruz Azul,San Luis,3,2,0.6577,0.2149,0.1274,pinnacle,1.45,4.24,6.8,1.53,4.6,7.68
2021-04-24,Mazatlán,León,4,3,0.2316,0.2495,0.5189,pinnacle,3.91,3.69,1.85,4.27,3.91,1.94
2021-04-24,Puebla,Pumas,0,0,0.5038,0.2701,0.2261,pinnacle,1.88,3.45,4.03,1.95,3.78,4.44
2021-04-24,Tijuana,Necaxa,1,0,0.4881,0.2536,0.2583,pinnacle,1.92,3.64,3.68,2.04,3.85,4.2
2021-04-25,Atlas,Guadalajara,0,1,0.4175,0.3021,0.2804,pinnacle,2.23,3.13,3.3,2.36,3.37,3.51
2021-04-25,Tigres,Monterrey,2,1,0.3322,0.2977,0.3701,pinnacle,2.77,3.17,2.54,2.96,3.43,2.7
2021-04-25,Toluca,América,3,1,0.3059,0.2939,0.4003,pinnacle,3.03,3.23,2.32,3.61,3.57,2.43
2021-04-26,Querétaro,Juárez,1,0,0.5666,0.2453,0.1881,pinnacle,1.68,3.77,4.82,1.74,4.25,5.48
2021-04-27,Pachuca,Santos,1,0,0.4324,0.2772,0.2904,pinnacle,2.19,3.34,3.17,2.29,3.52,3.4
2021-04-30,San Luis,Pachuca,1,5,0.2504,0.2662,0.4834,pinnacle,3.7,3.45,1.97,4.06,3.68,2.04
2021-05-01,Guadalajara,Tigres,0,0,0.3906,0.3331,0.2763,pinnacle,2.37,2.9,3.32,2.51,3.22,3.89
2021-05-01,Juárez,Toluca,1,0,0.3772,0.2689,0.3539,pinnacle,2.53,3.5,2.57,2.7,3.79,2.75
2021-05-01,León,Querétaro,2,1,0.5394,0.2624,0.1982,pinnacle,1.75,3.61,4.48,1.84,3.8,4.9
2021-05-01,Necaxa,Atlas,1,5,0.2431,0.3067,0.4502,pinnacle,3.76,3.11,2.07,4.17,3.4,2.19
2021-05-02,Cruz Azul,Tijuana,1,1,0.5416,0.2406,0.2179,pinnacle,1.76,3.74,4.23,1.84,4.03,4.68
2021-05-02,Monterrey,Mazatlán,1,0,0.7078,0.1872,0.105,pinnacle,1.35,4.91,8.09,1.41,5.25,9.24
2021-05-03,Pumas,América,0,1,0.373,0.3014,0.3256,pinnacle,2.49,3.09,2.91,2.62,3.23,3.1
2021-05-03,Santos,Puebla,0,0,0.5807,0.2468,0.1726,pinnacle,1.64,3.73,5.22,1.69,3.93,5.81
2021-05-09,Atlas,Tigres,1,0,0.4697,0.301,0.2293,pinnacle,2.03,3.08,3.9,2.17,3.35,4.3
2021-05-09,Santos,Querétaro,5,0,0.5584,0.2699,0.1717,pinnacle,1.7,3.51,5.05,1.77,3.82,5.78
2021-05-10,León,Toluca,2,2,0.6387,0.2182,0.1432,pinnacle,1.5,4.19,6.12,1.55,4.5,6.8
2021-05-10,Pachuca,Guadalajara,4,2,0.4227,0.3116,0.2656,pinnacle,2.22,3.06,3.4,2.32,3.29,3.66
2021-05-13,Atlas,Puebla,1,0,0.5095,0.2963,0.1942,pinnacle,1.84,3.21,4.57,1.91,3.6,5.14
2021-05-13,Toluca,Cruz Azul,2,1,0.266,0.2952,0.4388,pinnacle,3.37,3.25,2.13,3.63,3.55,2.2
2021-05-14,Pachuca,América,3,1,0.3813,0.3034,0.3153,pinnacle,2.49,3.09,2.89,2.63,3.53,3.07
2021-05-14,Santos,Monterrey,2,1,0.3458,0.3133,0.3409,pinnacle,2.65,3.1,2.7,2.79,3.51,2.83
2021-05-16,Cruz Azul,Toluca,3,1,0.6888,0.2092,0.102,pinnacle,1.39,4.4,8.0,1.43,4.84,9.45
2021-05-16,Puebla,Atlas,1,0,0.3387,0.3239,0.3375,pinnacle,2.75,2.88,2.77,2.88,3.05,2.88
2021-05-17,América,Pachuca,4,2,0.5242,0.2545,0.2212,pinnacle,1.84,3.52,4.13,1.94,3.79,4.41
2021-05-17,Monterrey,Santos,1,1,0.5713,0.239,0.1897,pinnacle,1.64,3.86,4.89,1.7,4.13,5.3
2021-05-20,Pachuca,Cruz Azul,0,0,0.3446,0.3083,0.3471,pinnacle,2.76,3.04,2.63,2.89,3.23,2.85
2021-05-21,Santos,Puebla,3,0,0.5815,0.254,0.1644,pinnacle,1.63,3.59,5.5,1.68,3.8,6.05
2021-05-23,Cruz Azul,Pachuca,1,0,0.5255,0.2723,0.2021,pinnacle,1.81,3.38,4.46,1.89,3.57,4.88
2021-05-24,Puebla,Santos,1,0,0.423,0.2812,0.2957,pinnacle,2.24,3.24,3.13,2.34,3.46,3.34
2021-05-28,Santos,Cruz Azul,0,1,0.3756,0.3331,0.2913,pinnacle,2.5,2.8,3.17,2.59,2.93,3.38
2021-05-31,Cruz Azul,Santos,1,1,0.4886,0.277,0.2343,pinnacle,1.93,3.35,3.89,2.0,3.51,4.27
2021-07-23,Querétaro,América,0,0,0.2538,0.2982,0.448,pinnacle,3.67,3.16,2.09,3.99,3.5,2.21
2021-07-24,Juárez,Toluca,1,3,0.3789,0.2898,0.3312,pinnacle,2.49,3.2,2.79,2.72,3.4,2.95
2021-07-24,Necaxa,Santos,0,3,0.3312,0.2987,0.3702,pinnacle,2.81,3.11,2.54,3.19,3.26,2.65
2021-07-24,Pachuca,León,4,0,0.4175,0.2756,0.3069,pinnacle,2.26,3.39,3.01,2.38,3.65,3.3
2021-07-25,Guadalajara,San Luis,1,2,0.5197,0.2901,0.1902,pinnacle,1.82,3.23,4.74,1.95,3.6,5.27
2021-07-25,Pumas,Atlas,0,0,0.263,0.2845,0.4525,pinnacle,3.45,3.22,2.13,3.79,3.43,2.2
2021-07-26,Monterrey,Puebla,1,1,0.554,0.2606,0.1854,pinnacle,1.72,3.58,4.79,1.77,3.82,6.08
2021-07-26,Tijuana,Tigres,1,2,0.3864,0.3024,0.3111,pinnacle,2.42,3.14,2.96,2.53,3.32,3.15
2021-07-27,Cruz Azul,Mazatlán,0,2,0.6758,0.2152,0.109,pinnacle,1.41,4.24,7.84,1.47,4.55,8.91
2021-07-31,León,Tijuana,2,1,0.63,0.2256,0.1444,pinnacle,1.54,4.06,5.75,1.61,4.5,6.72
2021-07-31,Mazatlán,Pachuca,2,1,0.2636,0.3098,0.4266,pinnacle,3.45,3.11,2.19,3.75,3.42,2.32
2021-07-31,Puebla,Guadalajara,0,2,0.4613,0.307,0.2317,pinnacle,2.05,3.1,3.86,2.13,3.3,4.21
2021-08-01,América,Necaxa,2,1,0.6339,0.2287,0.1374,pinnacle,1.53,3.95,6.19,1.58,4.27,7.06
2021-08-01,Atlas,Juárez,2,0,0.6509,0.2219,0.1271,pinnacle,1.46,4.11,7.05,1.5,4.37,8.0
2021-08-01,Monterrey,Pumas,2,0,0.668,0.2106,0.1214,pinnacle,1.42,4.41,7.19,1.47,4.75,8.18
2021-08-01,Toluca,Tigres,3,1,0.4588,0.2747,0.2665,pinnacle,2.09,3.35,3.4,2.2,3.54,3.84
2021-08-02,Santos,Cruz Azul,1,1,0.4481,0.292,0.26,pinnacle,2.1,3.19,3.55,2.18,3.38,3.81
2021-08-03,San Luis,Querétaro,1,1,0.4123,0.3089,0.2788,pinnacle,2.28,3.03,3.31,2.38,3.25,3.5
2021-08-06,Querétaro,León,0,1,0.2641,0.2817,0.4542,pinnacle,3.4,3.31,2.12,3.9,3.5,2.25
2021-08-07,Guadalajara,Juárez,2,2,0.5253,0.291,0.1837,pinnacle,1.78,3.32,4.91,1.88,3.6,5.5
2021-08-07,Mazatlán,Monterrey,1,1,0.2696,0.294,0.4364,pinnacle,3.39,3.28,2.14,3.64,3.55,2.23
2021-08-07,Necaxa,Cruz Azul,1,2,0.2977,0.3033,0.399,pinnacle,3.09,3.07,2.38,3.32,3.21,2.45
2021-08-07,Tijuana,Toluca,0,2,0.4859,0.2662,0.2479,pinnacle,1.98,3.45,3.66,2.25,3.65,3.93
2021-08-08,América,Puebla,2,0,0.5085,0.2767,0.2149,pinnacle,1.86,3.36,4.31,1.93,3.6,4.61
2021-08-08,Pumas,San Luis,1,3,0.4038,0.294,0.3022,pinnacle,2.33,3.15,3.1,2.44,3.4,3.25
2021-08-08,Tigres,Santos,1,1,0.4441,0.2965,0.2594,pinnacle,2.13,3.16,3.54,2.25,3.36,3.75
2021-08-10,Pachuca,Atlas,0,1,0.3733,0.3359,0.2908,pinnacle,2.57,2.9,3.0,2.73,3.3,3.35
2021-08-13,San Luis,Necaxa,0,2,0.3372,0.2936,0.3692,pinnacle,2.75,3.23,2.52,3.0,3.51,2.65
2021-08-14,Juárez,Tijuana,1,1,0.3379,0.2976,0.3645,pinnacle,2.76,3.1,2.61,2.92,3.29,2.72
2021-08-14,Puebla,Tigres,1,1,0.3801,0.305,0.3149,pinnacle,2.45,3.09,2.97,2.58,3.21,3.15
2021-08-14,Pumas,Querétaro,0,0,0.3513,0.3119,0.3367,pinnacle,2.67,3.02,2.75,2.78,3.22,2.89
2021-08-15,Atlas,América,0,1,0.4121,0.3011,0.2869,pinnacle,2.39,3.0,3.15,2.58,3.23,3.5
2021-08-15,Cruz Azul,Toluca,4,0,0.4723,0.2966,0.2311,pinnacle,2.01,3.18,3.91,2.12,3.48,4.4
2021-08-15,León,Mazatlán,3,0,0.6069,0.2428,0.1503,pinnacle,1.59,3.91,5.56,1.66,4.25,6.5
2021-08-15,Monterrey,Pachuca,3,1,0.5249,0.2728,0.2023,pinnacle,1.81,3.44,4.39,1.87,3.8,4.85
2021-08-16,Santos,Guadalajara,0,0,0.4652,0.2929,0.2419,pinnacle,2.05,3.25,3.64,2.14,3.47,4.08
2021-08-17,Toluca,Mazatlán,2,2,0.5637,0.2436,0.1927,pinnacle,1.69,3.8,4.71,1.73,4.0,5.03
2021-08-18,Necaxa,Pumas,3,0,0.5338,0.2591,0.2071,pinnacle,1.8,3.58,4.3,1.88,3.75,4.82
2021-08-18,Tigres,Querétaro,3,0,0.5373,0.2709,0.1918,pinnacle,1.77,3.43,4.74,1.82,3.6,5.23
2021-08-18,Tijuana,Puebla,1,1,0.4812,0.2793,0.2394,pinnacle,1.99,3.32,3.8,2.07,3.5,4.21
2021-08-19,Cruz Azul,Monterrey,1,1,0.4289,0.2968,0.2743,pinnacle,2.2,3.15,3.36,2.28,3.3,3.67
2021-08-19,Guadalajara,León,0,3,0.3555,0.289,0.3555,pinnacle,2.6,3.26,2.64,2.74,3.51,2.77
2021-08-19,Juárez,América,1,2,0.2255,0.2884,0.486,pinnacle,3.99,3.28,1.95,4.31,3.43,2.05
2021-08-19,Santos,Atlas,1,1,0.3646,0.3213,0.3141,pinnacle,2.54,2.97,2.96,2.67,3.18,3.2
2021-08-21,Atlas,Toluca,0,0,0.5544,0.2553,0.1902,pinnacle,1.73,3.55,4.78,1.8,3.8,5.2
2021-08-21,Mazatlán,Tigres,0,3,0.2985,0.2976,0.4038,pinnacle,3.08,3.15,2.35,3.26,3.4,2.43
2021-08-22,América,Tijuana,2,0,0.6763,0.195,0.1288,pinnacle,1.43,4.47,6.94,1.5,4.96,8.0
2021-08-22,León,Santos,1,1,0.4929,0.272,0.2351,pinnacle,1.94,3.44,3.8,2.0,3.66,4.13
2021-08-22,Monterrey,Guadalajara,0,0,0.6126,0.2366,0.1508,pinnacle,1.57,3.86,5.86,1.64,4.1,6.5
2021-08-22,Pumas,Puebla,2,0,0.3201,0.3099,0.37,pinnacle,2.92,3.03,2.52,3.2,3.17,2.63
2021-08-22,San Luis,Cruz Azul,0,0,0.263,0.3119,0.425,pinnacle,3.41,3.09,2.21,3.7,3.45,2.31
2021-08-23,Necaxa,Juárez,1,0,0.5669,0.2512,0.1819,pinnacle,1.7,3.64,4.88,1.77,3.86,5.5
2021-08-23,Querétaro,Pachuca,0,2,0.2732,0.3039,0.4229,pinnacle,3.37,3.1,2.22,3.61,3.35,2.3
2021-08-28,Guadalajara,Necaxa,2,1,0.4767,0.2912,0.2321,pinnacle,2.01,3.25,3.82,2.12,3.4,4.19
2021-08-28,Mazatlán,San Luis,2,2,0.4002,0.3087,0.2911,pinnacle,2.37,3.06,3.15,2.45,3.4,3.34
2021-08-28,Puebla,Querétaro,1,0,0.4384,0.2985,0.263,pinnacle,2.17,3.13,3.49,2.25,3.4,3.7
2021-08-28,Tijuana,Monterrey,2,2,0.2343,0.277,0.4886,pinnacle,3.97,3.28,1.96,4.33,3.51,2.05
2021-08-29,León,América,1,1,0.3744,0.2968,0.3288,pinnacle,2.47,3.26,2.81,2.6,3.58,2.96
2021-08-29,Tigres,Atlas,1,1,0.3741,0.321,0.3049,pinnacle,2.48,2.96,3.06,2.64,3.12,3.19
2021-08-29,Toluca,Pumas,2,1,0.5301,0.2553,0.2146,pinnacle,1.78,3.65,4.32,1.85,3.88,4.75
2021-08-30,Cruz Azul,Pachuca,1,1,0.405,0.3125,0.2825,pinnacle,2.35,3.06,3.17,2.45,3.35,3.94
2021-08-30,Santos,Juárez,2,0,0.6463,0.215,0.1387,pinnacle,1.45,4.34,6.75,1.51,4.51,8.0
2021-09-11,Atlas,Monterrey,2,1,0.4997,0.281,0.2193,pinnacle,1.99,3.21,4.06,2.92,3.45,4.55
2021-09-11,Juárez,Cruz Azul,2,1,0.3026,0.3226,0.3748,pinnacle,3.17,2.9,2.46,4.35,3.36,2.64
2021-09-11,Puebla,San Luis,2,2,0.3691,0.3093,0.3216,pinnacle,2.49,3.05,2.96,2.64,3.22,3.78
2021-09-11,Tijuana,Santos,2,1,0.4267,0.282,0.2913,pinnacle,2.29,3.32,3.04,3.02,3.5,3.4
2021-09-12,América,Mazatlán,2,0,0.6229,0.2442,0.1329,pinnacle,1.5,3.96,6.73,1.56,4.68,8.0
2021-09-12,Pumas,Guadalajara,0,0,0.2353,0.3105,0.4542,pinnacle,3.79,3.07,2.09,4.15,3.29,2.2
2021-09-12,Tigres,León,2,2,0.4442,0.2771,0.2787,pinnacle,2.13,3.39,3.28,2.23,3.62,3.5
2021-09-13,Querétaro,Necaxa,3,0,0.3247,0.3236,0.3517,pinnacle,2.84,2.92,2.67,3.0,3.1,2.83
2021-09-14,Pachuca,Toluca,1,2,0.5137,0.2682,0.2182,pinnacle,1.85,3.51,4.15,1.95,3.71,4.47
2021-09-17,San Luis,Tijuana,4,1,0.4463,0.3099,0.2438,pinnacle,2.1,3.12,3.69,2.18,3.35,3.99
2021-09-18,León,Juárez,0,1,0.6673,0.2104,0.1223,pinnacle,1.4,4.57,7.56,1.46,5.0,8.26
2021-09-18,Necaxa,Atlas,0,3,0.3032,0.3322,0.3646,pinnacle,3.04,2.86,2.55,3.21,3.07,2.67
2021-09-19,Guadalajara,Pachuca,1,0,0.3168,0.3242,0.3589,pinnacle,2.87,2.91,2.67,3.07,3.09,3.01
2021-09-19,Mazatlán,Pumas,2,2,0.4714,0.2979,0.2307,pinnacle,2.02,3.13,3.96,2.18,3.28,4.33
2021-09-19,Toluca,América,3,1,0.275,0.2765,0.4485,pinnacle,3.3,3.31,2.16,3.6,3.53,2.41
2021-09-20,Cruz Azul,Querétaro,2,0,0.6095,0.2478,0.1427,pinnacle,1.57,3.75,6.18,1.62,3.94,7.0
2021-09-20,Monterrey,Tigres,2,0,0.4216,0.3131,0.2653,pinnacle,2.22,3.09,3.38,2.33,3.25,3.67
2021-09-20,Santos,Puebla,1,1,0.6071,0.2254,0.1675,pinnacle,1.58,3.99,5.44,1.69,4.33,5.86
2021-09-22,Juárez,San Luis,1,0,0.2938,0.3188,0.3874,pinnacle,3.1,2.96,2.45,3.32,3.19,2.72
2021-09-23,Monterrey,Toluca,2,0,0.6469,0.2147,0.1384,pinnacle,1.48,4.3,6.25,1.65,4.67,7.12
2021-09-24,Pachuca,Necaxa,1,0,0.5512,0.274,0.1748,pinnacle,1.72,3.43,5.13,1.87,3.63,5.58
2021-09-25,Atlas,León,2,0,0.4034,0.3019,0.2946,pinnacle,2.29,3.18,3.15,2.42,3.39,3.5
2021-09-25,Puebla,Cruz Azul,1,1,0.2621,0.3188,0.4191,pinnacle,3.47,3.0,2.24,3.76,3.2,2.34
2021-09-25,Tijuana,Mazatlán,0,0,0.5911,0.2406,0.1683,pinnacle,1.65,3.75,5.11,1.74,4.03,6.04
2021-09-26,América,Guadalajara,0,0,0.5849,0.261,0.1541,pinnacle,1.64,3.5,5.8,1.71,3.76,6.55
2021-09-26,Tigres,Pumas,0,0,0.6762,0.2066,0.1172,pinnacle,1.41,4.47,7.49,1.45,5.0,9.2
2021-09-26,Toluca,San Luis,1,2,0.4325,0.2854,0.2821,pinnacle,2.18,3.35,3.21,2.27,3.62,3.49
2021-09-27,Santos,Monterrey,1,2,0.3216,0.3093,0.3691,pinnacle,2.84,3.09,2.55,3.03,3.36,2.66
2021-09-28,Necaxa,Tijuana,3,0,0.5009,0.2792,0.2199,pinnacle,1.9,3.37,4.08,1.97,3.54,4.43
2021-09-29,Atlas,Puebla,0,1,0.5693,0.2726,0.1581,pinnacle,1.66,3.45,5.64,1.75,3.58,6.2
2021-09-29,Mazatlán,Juárez,3,1,0.3956,0.3223,0.2821,pinnacle,2.39,2.94,3.22,2.5,3.1,3.46
2021-09-29,Pachuca,América,1,1,0.3169,0.306,0.3771,pinnacle,2.89,3.06,2.52,3.07,3.28,2.7
2021-09-29,San Luis,Tigres,0,3,0.3879,0.295,0.3171,pinnacle,2.4,3.18,2.97,2.52,3.45,3.2
2021-09-30,Querétaro,Guadalajara,1,0,0.2831,0.3025,0.4144,pinnacle,3.26,3.06,2.3,3.5,3.22,2.4
2021-10-02,Juárez,Monterrey,3,1,0.2138,0.2959,0.4902,pinnacle,4.19,3.21,1.93,4.58,3.42,2.01
2021-10-02,León,San Luis,0,0,0.5763,0.2457,0.178,pinnacle,1.66,3.76,5.02,1.7,3.96,5.5
2021-10-02,Puebla,Pachuca,1,2,0.3088,0.2957,0.3955,pinnacle,3.03,3.13,2.39,3.28,3.29,2.52
2021-10-03,América,Pumas,2,0,0.6097,0.2551,0.1352,pinnacle,1.57,3.69,6.38,1.61,3.95,7.18
2021-10-03,Guadalajara,Atlas,0,1,0.3232,0.339,0.3378,pinnacle,2.9,2.8,2.74,3.08,2.99,2.91
2021-10-03,Santos,Mazatlán,1,0,0.6732,0.2007,0.1261,pinnacle,1.45,4.36,6.81,1.53,4.83,7.69
2021-10-03,Toluca,Querétaro,1,1,0.5417,0.2572,0.2012,pinnacle,1.76,3.61,4.52,1.81,3.8,5.0
2021-10-04,Tigres,Necaxa,0,0,0.5029,0.2897,0.2074,pinnacle,1.9,3.27,4.23,1.99,3.4,4.68
2021-10-04,Tijuana,Cruz Azul,0,1,0.3299,0.3109,0.3591,pinnacle,2.8,3.05,2.61,2.97,3.22,2.71
2021-10-09,Juárez,Querétaro,0,0,0.4361,0.3231,0.2407,pinnacle,2.18,2.96,3.7,2.25,3.16,4.11
2021-10-15,Querétaro,Tijuana,1,1,0.4052,0.2983,0.2965,pinnacle,2.34,3.12,3.13,2.42,3.32,3.28
2021-10-16,Mazatlán,Atlas,1,0,0.226,0.3135,0.4605,pinnacle,3.85,3.03,2.08,4.3,3.25,2.17
2021-10-16,Monterrey,León,0,1,0.5109,0.2568,0.2322,pinnacle,1.89,3.52,3.87,1.97,3.78,4.26
2021-10-16,Necaxa,Puebla,0,1,0.4646,0.2951,0.2403,pinnacle,2.04,3.23,3.73,2.15,3.45,4.07
2021-10-17,Cruz Azul,Tigres,1,1,0.4938,0.2886,0.2176,pinnacle,1.94,3.23,4.1,2.0,3.4,4.47
2021-10-17,Guadalajara,Toluca,2,0,0.4462,0.2828,0.271,pinnacle,2.14,3.26,3.4,2.22,3.5,3.61
2021-10-17,Pachuca,Santos,1,1,0.4878,0.2838,0.2284,pinnacle,1.96,3.3,3.9,2.05,3.58,4.35
2021-10-17,Pumas,Juárez,1,0,0.4587,0.2938,0.2475,pinnacle,2.08,3.15,3.68,2.17,3.32,3.98
2021-10-17,San Luis,América,0,1,0.3005,0.3101,0.3894,pinnacle,3.1,3.09,2.36,3.3,3.29,2.5
2021-10-19,Querétaro,Monterrey,1,0,0.2199,0.2867,0.4934,pinnacle,4.02,3.28,1.94,4.43,3.53,2.01
2021-10-20,América,Santos,2,1,0.5556,0.2607,0.1838,pinnacle,1.71,3.56,4.91,1.76,3.75,5.29
2021-10-20,Atlas,Cruz Azul,0,0,0.3438,0.3298,0.3265,pinnacle,2.69,2.88,2.86,2.86,3.09,3.0
2021-10-20,Puebla,Mazatlán,2,0,0.6227,0.2341,0.1433,pinnacle,1.56,3.8,6.08,1.63,4.15,6.88
2021-10-21,León,Pumas,1,2,0.6027,0.2469,0.1504,pinnacle,1.58,3.84,5.71,1.64,4.1,6.45
2021-10-21,Tigres,Pachuca,3,0,0.561,0.2534,0.1856,pinnacle,1.73,3.61,4.73,1.79,3.85,5.24
2021-10-21,Tijuana,Guadalajara,0,0,0.3925,0.316,0.2914,pinnacle,2.44,3.02,3.06,2.53,3.22,3.34
2021-10-21,Toluca,Necaxa,1,1,0.4584,0.267,0.2745,pinnacle,2.02,3.52,3.45,2.13,3.68,3.6
2021-10-23,Mazatlán,Querétaro,2,1,0.3543,0.3314,0.3143,pinnacle,2.61,2.84,3.0,2.75,3.1,3.16
2021-10-23,Monterrey,Necaxa,0,1,0.5772,0.2461,0.1766,pinnacle,1.68,3.69,4.99,1.76,3.95,5.5
2021-10-23,Puebla,León,0,1,0.3242,0.2836,0.3922,pinnacle,2.91,3.21,2.41,3.07,3.43,2.5
2021-10-24,América,Tigres,1,0,0.4486,0.3061,0.2452,pinnacle,2.08,3.12,3.73,2.19,3.33,4.0
2021-10-24,Guadalajara,Cruz Azul,1,1,0.2932,0.3266,0.3802,pinnacle,3.15,2.89,2.47,3.36,3.04,2.59
2021-10-24,Pumas,Tijuana,3,1,0.5361,0.271,0.1929,pinnacle,1.81,3.45,4.41,1.93,3.7,5.03
2021-10-25,Pachuca,Juárez,1,1,0.6256,0.2406,0.1338,pinnacle,1.53,3.84,6.45,1.59,4.05,7.28
2021-10-25,San Luis,Atlas,2,6,0.2948,0.3309,0.3742,pinnacle,3.07,2.86,2.54,3.34,3.06,2.63
2021-10-25,Santos,Toluca,2,2,0.603,0.2192,0.1778,pinnacle,1.6,4.12,5.04,1.67,4.43,5.8
2021-10-29,Atlas,Tijuana,0,2,0.6549,0.2228,0.1222,pinnacle,1.46,4.09,6.97,1.51,4.35,7.97
2021-10-30,Juárez,Puebla,0,2,0.3969,0.322,0.2811,pinnacle,2.39,2.93,3.22,2.48,3.17,3.49
2021-10-30,Necaxa,Mazatlán,2,1,0.5665,0.2654,0.1682,pinnacle,1.66,3.56,5.37,1.73,3.8,6.0
2021-10-30,Querétaro,Santos,2,3,0.3048,0.2983,0.3969,pinnacle,3.02,3.11,2.4,3.22,3.34,2.5
2021-10-31,Cruz Azul,América,2,1,0.4307,0.3191,0.2502,pinnacle,2.21,2.89,3.67,2.4,3.05,3.98
2021-10-31,Pachuca,Pumas,1,1,0.5274,0.2688,0.2039,pinnacle,1.8,3.45,4.4,1.85,3.65,4.89
2021-10-31,Tigres,Guadalajara,2,1,0.525,0.2961,0.1789,pinnacle,1.8,3.21,4.92,1.89,3.42,5.5
2021-10-31,Toluca,León,0,0,0.3213,0.283,0.3957,pinnacle,2.88,3.36,2.35,3.05,3.68,2.47
2021-11-01,San Luis,Monterrey,1,1,0.2724,0.2895,0.4381,pinnacle,3.36,3.21,2.17,3.66,3.39,2.23
2021-11-04,Cruz Azul,León,0,1,0.4435,0.3143,0.2422,pinnacle,2.15,2.98,3.75,2.23,3.21,4.03
2021-11-04,Pachuca,San Luis,0,0,0.5889,0.2518,0.1593,pinnacle,1.61,3.65,5.74,1.65,3.86,6.17
2021-11-05,Atlas,Querétaro,2,0,0.5839,0.2578,0.1584,pinnacle,1.61,3.72,5.58,1.66,4.04,6.21
2021-11-05,Pumas,Santos,0,3,0.3952,0.2902,0.3146,pinnacle,2.37,3.24,2.95,2.49,3.48,3.1
2021-11-06,León,Necaxa,3,0,0.5025,0.2811,0.2165,pinnacle,1.88,3.36,4.19,1.96,3.7,4.5
2021-11-06,Mazatlán,Guadalajara,0,1,0.2725,0.3414,0.3861,pinnacle,3.37,2.75,2.44,3.64,2.92,2.52
2021-11-06,Puebla,Toluca,1,0,0.4444,0.2967,0.2589,pinnacle,2.11,3.25,3.48,2.2,3.53,3.76
2021-11-07,América,Monterrey,0,0,0.399,0.3042,0.2968,pinnacle,2.33,3.11,3.13,2.44,3.39,3.35
2021-11-07,Pumas,Cruz Azul,4,3,0.339,0.3098,0.3512,pinnacle,2.8,3.05,2.61,2.95,3.27,2.8
2021-11-07,Tigres,Juárez,3,0,0.6771,0.2128,0.11,pinnacle,1.42,4.33,7.59,1.47,4.75,8.85
2021-11-07,Tijuana,Pachuca,3,2,0.3503,0.2969,0.3528,pinnacle,2.72,3.15,2.6,2.85,3.39,2.76
2021-11-08,Santos,San Luis,0,0,0.4486,0.3234,0.228,pinnacle,2.07,3.18,3.68,2.2,3.48,4.27
2021-11-21,Puebla,Guadalajara,2,2,0.3515,0.349,0.2996,pinnacle,2.6,2.75,3.14,2.8,3.01,3.4
2021-11-21,Santos,San Luis,2,0,0.5612,0.2556,0.1832,pinnacle,1.71,3.58,4.91,1.78,3.82,5.5
2021-11-21,Toluca,Pumas,1,2,0.416,0.3042,0.2797,pinnacle,2.27,3.15,3.24,2.38,3.43,3.48
2021-11-22,Cruz Azul,Monterrey,1,4,0.4075,0.3235,0.269,pinnacle,2.39,2.98,3.17,2.5,3.15,3.32
2021-11-25,Monterrey,Atlas,0,0,0.4711,0.3156,0.2134,pinnacle,2.0,3.04,4.2,2.09,3.3,4.57
2021-11-25,Pumas,América,0,0,0.2905,0.338,0.3715,pinnacle,3.23,2.83,2.47,3.5,3.0,2.63
2021-11-26,Puebla,León,2,1,0.3416,0.3203,0.3381,pinnacle,2.71,2.92,2.8,2.89,3.05,2.95
2021-11-26,Santos,Tigres,2,1,0.3756,0.3366,0.2878,pinnacle,2.42,2.9,3.23,2.59,3.1,3.5
2021-11-28,América,Pumas,1,3,0.4789,0.2955,0.2256,pinnacle,2.0,3.18,3.97,2.08,3.38,4.31
2021-11-28,Atlas,Monterrey,1,1,0.3529,0.3225,0.3246,pinnacle,2.63,2.94,2.87,2.77,3.13,3.01
2021-11-29,León,Puebla,2,0,0.577,0.2435,0.1795,pinnacle,1.67,3.72,5.03,1.73,3.98,5.78
2021-11-29,Tigres,Santos,1,0,0.479,0.2894,0.2315,pinnacle,1.97,3.32,3.87,2.06,3.6,4.28
2021-12-02,Tigres,León,2,1,0.4526,0.2985,0.2489,pinnacle,2.1,3.18,3.52,2.16,3.3,3.77
2021-12-03,Pumas,Atlas,0,1,0.3219,0.355,0.3231,avg,2.9,2.63,2.89,3.07,2.79,3.1
2021-12-05,León,Tigres,2,1,0.4478,0.2761,0.2761,pinnacle,2.14,3.34,3.33,2.26,3.55,3.52
2021-12-06,Atlas,Pumas,0,1,0.45,0.3106,0.2394,pinnacle,2.07,3.08,3.83,2.21,3.32,4.3
2021-12-10,León,Atlas,3,2,0.3942,0.3441,0.2617,pinnacle,2.36,2.81,3.45,2.48,3.05,3.72
2021-12-13,Atlas,León,1,0,0.4396,0.3094,0.251,pinnacle,2.15,3.12,3.55,2.22,3.38,3.87
2022-01-07,San Luis,Pachuca,0,2,0.3476,0.2932,0.3592,pinnacle,2.76,3.2,2.53,3.25,3.39,2.71
2022-01-08,Juárez,Necaxa,2,1,0.3131,0.3404,0.3465,pinnacle,2.94,2.82,2.67,3.11,3.05,2.81
2022-01-08,Puebla,América,1,1,0.3406,0.3236,0.3359,pinnacle,2.78,2.95,2.7,2.92,3.15,2.9
2022-01-09,Cruz Azul,Tijuana,2,0,0.5577,0.2871,0.1553,pinnacle,1.71,3.34,5.47,1.78,3.55,6.25
2022-01-09,Monterrey,Querétaro,0,0,0.6465,0.2271,0.1264,pinnacle,1.47,4.06,6.96,1.5,4.32,7.67
2022-01-10,Guadalajara,Mazatlán,3,0,0.5957,0.2603,0.1441,pinnacle,1.61,3.5,6.18,1.74,3.73,7.0
2022-01-11,Pumas,Toluca,5,0,0.4161,0.295,0.2889,pinnacle,2.24,3.24,3.2,2.34,3.49,3.4
2022-01-13,Santos,Tigres,1,1,0.3907,0.3128,0.2966,pinnacle,2.39,3.08,3.05,2.49,3.25,3.28
2022-01-15,Atlas,San Luis,1,0,0.5426,0.2882,0.1692,pinnacle,1.75,3.27,5.19,1.8,3.5,5.75
2022-01-15,Necaxa,Monterrey,0,4,0.2552,0.3029,0.4419,pinnacle,3.52,3.15,2.14,3.81,3.3,2.26
2022-01-15,Querétaro,Pumas,1,3,0.3121,0.3204,0.3675,pinnacle,2.97,3.02,2.5,3.15,3.2,2.65
2022-01-16,Cruz Azul,Juárez,1,0,0.5629,0.2822,0.1549,pinnacle,1.71,3.3,5.61,1.77,3.75,6.25
2022-01-16,Pachuca,Guadalajara,2,1,0.431,0.297,0.2721,pinnacle,2.17,3.19,3.38,2.26,3.36,3.6
2022-01-16,Tigres,Puebla,0,2,0.6181,0.2432,0.1386,pinnacle,1.56,3.79,6.14,1.68,4.05,7.0
2022-01-16,Tijuana,León,1,1,0.3892,0.2788,0.3321,pinnacle,2.44,3.33,2.79,3.05,3.5,2.95
2022-01-16,Toluca,Santos,3,1,0.3137,0.286,0.4002,pinnacle,2.96,3.29,2.35,3.15,3.4,2.7
2022-01-20,León,Atlas,1,1,0.4007,0.3235,0.2758,pinnacle,2.39,2.94,3.23,2.55,3.05,3.53
2022-01-21,San Luis,Juárez,0,1,0.4054,0.3344,0.2602,pinnacle,2.28,2.89,3.49,2.4,3.1,3.9
2022-01-22,Guadalajara,Querétaro,1,1,0.4914,0.2957,0.2129,pinnacle,1.94,3.14,4.19,2.0,3.4,4.57
2022-01-22,Mazatlán,Toluca,1,2,0.424,0.3029,0.2732,pinnacle,2.25,3.07,3.3,2.33,3.3,3.66
2022-01-23,América,Atlas,0,2,0.3976,0.3325,0.2699,pinnacle,2.36,2.83,3.36,2.47,3.02,3.61
2022-01-23,León,Pachuca,2,1,0.4008,0.2799,0.3193,pinnacle,2.39,3.26,2.89,2.5,3.48,3.2
2022-01-23,Monterrey,Cruz Azul,2,2,0.514,0.2989,0.1872,pinnacle,1.84,3.22,4.58,1.9,3.45,5.19
2022-01-23,Pumas,Tigres,1,2,0.3401,0.2958,0.3642,pinnacle,2.77,3.15,2.53,2.9,3.42,2.68
2022-01-24,Santos,Necaxa,1,4,0.5767,0.2484,0.1749,pinnacle,1.67,3.62,5.01,1.73,3.9,5.54
2022-01-29,Puebla,Tijuana,3,1,0.4123,0.3254,0.2623,pinnacle,2.28,2.96,3.43,2.4,3.15,3.71
2022-02-05,Necaxa,Pachuca,1,3,0.3377,0.2912,0.3712,pinnacle,2.77,3.23,2.52,2.92,3.46,2.75
2022-02-06,América,San Luis,2,3,0.5809,0.2601,0.159,pinnacle,1.64,3.59,5.53,1.76,3.8,6.43
2022-02-06,Querétaro,Puebla,0,2,0.354,0.3091,0.3369,pinnacle,2.65,3.01,2.78,2.82,3.17,2.95
2022-02-06,Tijuana,Pumas,1,0,0.4282,0.2754,0.2964,pinnacle,2.19,3.38,3.15,2.27,3.55,3.3
2022-02-07,Atlas,Santos,2,1,0.4461,0.3137,0.2401,pinnacle,2.14,3.0,3.73,2.22,3.2,4.05
2022-02-07,Tigres,Mazatlán,4,3,0.6683,0.2212,0.1105,pinnacle,1.44,4.15,7.61,1.48,4.45,9.0
2022-02-08,León,Cruz Azul,0,1,0.3662,0.3112,0.3226,pinnacle,2.56,3.03,2.88,2.66,3.15,3.03
2022-02-10,Juárez,Guadalajara,1,3,0.3214,0.3429,0.3358,pinnacle,2.9,2.8,2.72,3.05,2.97,2.9
2022-02-12,Guadalajara,Tigres,1,3,0.3643,0.3158,0.3199,pinnacle,2.56,3.01,2.89,2.67,3.2,3.05
2022-02-12,Mazatlán,Tijuana,2,0,0.3121,0.3015,0.3864,pinnacle,2.96,3.13,2.43,3.12,3.3,2.61
2022-02-12,Puebla,Atlas,1,1,0.3071,0.3428,0.3502,pinnacle,3.07,2.78,2.63,3.27,3.05,2.79
2022-02-12,San Luis,Toluca,0,1,0.4857,0.2691,0.2453,pinnacle,1.95,3.45,3.76,2.0,3.65,3.96
2022-02-13,Cruz Azul,Necaxa,1,2,0.509,0.2973,0.1937,pinnacle,1.86,3.23,4.56,1.95,3.45,5.5
2022-02-13,Pumas,León,2,1,0.4005,0.2805,0.3191,pinnacle,2.36,3.35,2.9,2.43,3.5,3.05
2022-02-13,Santos,América,2,3,0.4038,0.2995,0.2967,pinnacle,2.33,3.13,3.11,2.45,3.28,3.33
2022-02-15,Pachuca,Querétaro,2,2,0.6192,0.2311,0.1498,pinnacle,1.54,3.97,5.91,1.59,4.2,6.5
2022-02-17,Mazatlán,América,2,1,0.2889,0.2986,0.4125,pinnacle,3.14,3.09,2.35,3.37,3.26,2.4
2022-02-19,Juárez,Santos,0,0,0.2977,0.316,0.3863,pinnacle,3.09,2.97,2.46,3.28,3.13,2.65
2022-02-19,Puebla,Monterrey,1,0,0.3213,0.3042,0.3744,pinnacle,3.0,3.09,2.45,3.15,3.3,2.6
2022-02-19,Querétaro,Mazatlán,2,0,0.4976,0.2788,0.2236,pinnacle,1.96,3.29,3.95,2.15,3.48,4.34
2022-02-19,Tijuana,Necaxa,1,1,0.5504,0.2604,0.1892,pinnacle,1.79,3.5,4.52,1.91,3.75,5.25
2022-02-20,América,Pachuca,1,3,0.3956,0.2905,0.3139,pinnacle,2.39,3.2,3.0,2.51,3.64,3.35
2022-02-20,León,Guadalajara,2,1,0.4152,0.3065,0.2784,pinnacle,2.26,3.13,3.28,2.35,3.5,3.49
2022-02-20,Tigres,San Luis,2,1,0.6429,0.2206,0.1365,pinnacle,1.5,4.17,6.34,1.56,4.4,7.5
2022-02-21,Atlas,Pumas,0,0,0.4905,0.3054,0.204,pinnacle,1.94,3.12,4.31,2.0,3.36,4.76
2022-02-21,Toluca,Cruz Azul,1,4,0.3004,0.2958,0.4038,pinnacle,3.05,3.16,2.37,3.24,3.33,2.5
2022-02-25,Pachuca,Mazatlán,3,1,0.6652,0.212,0.1228,pinnacle,1.42,4.39,7.47,1.46,4.6,8.19
2022-02-25,Querétaro,Toluca,1,1,0.4214,0.3052,0.2734,pinnacle,2.22,3.16,3.35,2.31,3.4,3.6
2022-02-26,Juárez,Tigres,2,3,0.2029,0.2756,0.5215,pinnacle,4.39,3.32,1.86,5.0,3.52,1.95
2022-02-26,Monterrey,San Luis,0,2,0.6251,0.2301,0.1448,pinnacle,1.51,4.04,6.38,1.56,4.3,7.5
2022-02-26,Necaxa,León,0,1,0.3355,0.3041,0.3604,pinnacle,2.71,3.11,2.64,2.9,3.34,2.99
2022-02-26,Tijuana,Atlas,2,0,0.3832,0.3201,0.2967,pinnacle,2.46,2.96,3.1,2.55,3.13,3.28
2022-02-27,Guadalajara,Puebla,2,3,0.4125,0.314,0.2735,pinnacle,2.28,3.04,3.33,2.39,3.26,3.58
2022-02-27,Pumas,América,0,0,0.3225,0.3044,0.3732,pinnacle,2.79,3.14,2.56,3.03,3.43,2.78
2022-02-28,Cruz Azul,Santos,1,2,0.4745,0.304,0.2216,pinnacle,1.97,3.13,4.16,2.05,3.34,4.51
2022-03-02,América,Querétaro,1,1,0.537,0.2834,0.1797,pinnacle,1.78,3.34,4.88,1.87,3.6,5.5
2022-03-02,León,Monterrey,0,0,0.3287,0.3041,0.3672,pinnacle,2.85,3.11,2.53,3.0,3.32,2.65
2022-03-02,Mazatlán,Necaxa,0,0,0.3245,0.3202,0.3553,pinnacle,2.77,2.96,2.71,3.0,3.18,2.85
2022-03-02,Puebla,Juárez,1,1,0.5454,0.2806,0.174,pinnacle,1.75,3.34,5.06,1.79,3.54,5.58
2022-03-02,Toluca,Tijuana,1,2,0.4216,0.2969,0.2815,pinnacle,2.28,3.2,3.17,2.35,3.43,3.46
2022-03-03,Atlas,Pachuca,0,1,0.3223,0.3288,0.3489,pinnacle,2.87,2.89,2.68,3.02,3.13,2.79
2022-03-03,San Luis,Guadalajara,2,2,0.3528,0.3279,0.3193,pinnacle,2.66,2.92,2.87,2.77,3.15,3.06
2022-03-03,Santos,Pumas,3,2,0.4655,0.287,0.2475,pinnacle,2.04,3.32,3.64,2.13,3.57,3.95
2022-03-03,Tigres,Cruz Azul,2,2,0.577,0.2435,0.1795,pinnacle,1.68,3.66,5.06,1.74,3.98,5.7
2022-03-05,Juárez,León,0,1,0.2804,0.3159,0.4037,pinnacle,3.32,2.97,2.33,3.49,3.15,2.41
2022-03-05,Necaxa,Toluca,0,1,0.4935,0.2876,0.2189,pinnacle,1.94,3.24,4.14,2.0,3.43,4.44
2022-03-05,Querétaro,Atlas,0,3,0.318,0.3321,0.35,pinnacle,2.9,2.78,2.74,3.06,3.02,2.85
2022-03-06,Cruz Azul,Puebla,1,3,0.4212,0.32,0.2588,pinnacle,2.2,3.0,3.57,2.31,3.19,4.0
2022-03-06,Guadalajara,Santos,1,0,0.3834,0.3141,0.3024,pinnacle,2.43,3.04,3.06,2.55,3.24,3.22
2022-03-06,Monterrey,América,2,1,0.5317,0.2718,0.1966,pinnacle,1.82,3.37,4.49,1.95,3.59,5.08
2022-03-12,Juárez,Atlas,1,2,0.2426,0.3343,0.423,pinnacle,3.78,2.81,2.23,4.01,2.96,2.34
2022-03-12,León,Tigres,0,3,0.359,0.2922,0.3488,pinnacle,2.63,3.23,2.64,2.76,3.47,2.79
2022-03-12,Monterrey,Mazatlán,2,1,0.6549,0.2291,0.1159,pinnacle,1.45,4.13,7.35,1.5,4.4,8.5
2022-03-12,Necaxa,Querétaro,1,0,0.4076,0.3225,0.2698,pinnacle,2.29,2.94,3.43,2.4,3.14,3.65
2022-03-13,Cruz Azul,Pumas,2,1,0.4247,0.2983,0.2771,pinnacle,2.18,3.2,3.38,2.31,3.42,3.8
2022-03-13,Guadalajara,América,0,0,0.3618,0.3201,0.3181,pinnacle,2.58,2.95,2.95,2.71,3.17,3.2
2022-03-13,San Luis,Puebla,2,1,0.3502,0.3071,0.3428,pinnacle,2.67,3.05,2.75,2.8,3.27,2.84
2022-03-13,Toluca,Pachuca,0,3,0.2414,0.2609,0.4977,pinnacle,3.81,3.58,1.91,4.2,3.75,2.05
2022-03-14,Santos,Tijuana,4,0,0.4505,0.2879,0.2616,pinnacle,2.13,3.21,3.49,2.23,3.43,3.75
2022-03-16,Monterrey,Juárez,3,0,0.6691,0.2236,0.1073,pinnacle,1.41,4.26,8.09,1.45,4.56,9.4
2022-03-18,Querétaro,San Luis,2,1,0.3313,0.3183,0.3504,pinnacle,2.83,2.91,2.69,3.0,3.1,2.8
2022-03-19,Puebla,Santos,2,2,0.4285,0.2975,0.274,pinnacle,2.23,3.12,3.35,2.35,3.27,3.55
2022-03-19,Pumas,Necaxa,1,3,0.4325,0.2958,0.2718,pinnacle,2.13,3.22,3.47,2.25,3.41,3.6
2022-03-20,América,Toluca,3,0,0.6208,0.2311,0.1481,pinnacle,1.55,3.96,5.89,1.63,4.23,6.59
2022-03-20,Pachuca,Cruz Azul,1,0,0.496,0.2894,0.2146,pinnacle,1.93,3.25,4.16,1.98,3.49,4.53
2022-03-20,Tigres,Monterrey,2,0,0.4358,0.2936,0.2707,pinnacle,2.24,3.17,3.29,2.31,3.42,3.59
2022-03-21,Atlas,Guadalajara,1,1,0.4088,0.3378,0.2534,pinnacle,2.33,2.74,3.68,2.45,2.9,4.0
2022-03-21,Mazatlán,León,1,2,0.2829,0.294,0.4231,pinnacle,3.24,3.21,2.23,3.44,3.4,2.3
2022-03-21,Tijuana,Juárez,1,0,0.6065,0.2501,0.1433,pinnacle,1.58,3.67,6.13,1.64,3.9,7.0
2022-03-26,Pumas,Mazatlán,1,1,0.6341,0.2261,0.1398,pinnacle,1.51,4.04,6.27,1.56,4.29,7.0
2022-04-02,San Luis,Mazatlán,1,0,0.5309,0.2752,0.1939,pinnacle,1.77,3.43,4.77,1.87,3.69,5.39
2022-04-03,Cruz Azul,Atlas,1,0,0.4056,0.324,0.2704,pinnacle,2.35,2.89,3.37,2.45,3.05,3.6
2022-04-03,Juárez,Pumas,0,1,0.3121,0.3246,0.3633,pinnacle,2.92,2.99,2.57,3.13,3.2,2.7
2022-04-03,León,Querétaro,1,1,0.4937,0.2912,0.2152,pinnacle,1.93,3.25,4.14,2.01,3.48,4.52
2022-04-03,Necaxa,América,0,1,0.3062,0.3235,0.3703,pinnacle,3.01,2.96,2.53,3.18,3.1,2.65
2022-04-03,Toluca,Puebla,2,1,0.2789,0.2941,0.427,pinnacle,3.28,3.28,2.18,3.49,3.53,2.28
2022-04-04,Santos,Pachuca,3,1,0.3604,0.2805,0.3591,pinnacle,2.59,3.28,2.65,2.7,3.47,2.8
2022-04-04,Tigres,Tijuana,2,0,0.6202,0.2224,0.1573,pinnacle,1.55,4.08,5.62,1.63,4.35,7.5
2022-04-07,Tijuana,San Luis,1,1,0.5042,0.2757,0.2202,pinnacle,1.89,3.34,4.14,1.95,3.53,4.42
2022-04-07,Toluca,Monterrey,2,2,0.2494,0.2643,0.4863,pinnacle,3.67,3.52,1.97,4.1,3.75,2.05
2022-04-08,Atlas,Necaxa,2,1,0.4673,0.3251,0.2077,pinnacle,1.99,2.98,4.4,2.11,3.2,5.25
2022-04-08,Pachuca,Tigres,2,1,0.4886,0.2614,0.25,pinnacle,1.94,3.55,3.71,2.0,3.78,3.92
2022-04-09,Mazatlán,Cruz Azul,1,1,0.4023,0.3062,0.2915,pinnacle,2.37,3.01,3.2,2.56,3.18,3.35
2022-04-09,Puebla,Pumas,2,2,0.5241,0.2545,0.2214,pinnacle,1.8,3.65,4.2,1.87,3.82,5.2
2022-04-09,San Luis,León,2,0,0.3054,0.3035,0.3912,pinnacle,2.97,3.07,2.45,3.19,3.25,2.6
2022-04-10,América,Juárez,3,0,0.7303,0.1822,0.0874,pinnacle,1.31,4.86,10.08,1.36,5.33,13.0
2022-04-10,Monterrey,Santos,1,0,0.5328,0.2613,0.2058,pinnacle,1.77,3.61,4.43,1.82,3.79,5.0
2022-04-10,Toluca,Guadalajara,1,1,0.2727,0.2906,0.4366,pinnacle,3.31,3.17,2.22,3.57,3.35,2.35
2022-04-11,Querétaro,Tigres,0,1,0.2473,0.2876,0.4651,pinnacle,3.77,3.23,2.02,4.44,3.45,2.14
2022-04-12,Pachuca,Tijuana,0,0,0.6829,0.1893,0.1278,pinnacle,1.39,4.81,7.19,1.44,5.2,8.0
2022-04-14,Guadalajara,Monterrey,1,3,0.3971,0.3159,0.287,pinnacle,2.38,2.96,3.21,2.46,3.11,3.39
2022-04-15,Atlas,Mazatlán,1,2,0.606,0.2635,0.1305,pinnacle,1.58,3.53,6.58,1.63,3.78,9.5
2022-04-16,Juárez,Pachuca,1,2,0.1839,0.2746,0.5415,pinnacle,4.04,3.39,1.92,5.78,3.69,2.06
2022-04-16,León,Puebla,0,1,0.4484,0.2812,0.2703,pinnacle,2.08,3.34,3.49,2.17,3.54,3.77
2022-04-16,Necaxa,San Luis,4,2,0.4054,0.3118,0.2828,pinnacle,2.35,3.02,3.22,2.54,3.22,3.44
2022-04-16,Tijuana,América,1,3,0.2811,0.2886,0.4303,pinnacle,3.26,3.18,2.24,3.46,3.37,2.54
2022-04-17,Cruz Azul,Guadalajara,0,1,0.4052,0.3178,0.277,pinnacle,2.33,2.99,3.33,2.4,3.2,3.75
2022-04-17,Pumas,Monterrey,2,0,0.3604,0.2958,0.3438,pinnacle,2.67,3.15,2.67,3.05,3.34,2.83
2022-04-17,Santos,Querétaro,1,1,0.5087,0.2699,0.2213,pinnacle,1.91,3.42,4.02,2.0,3.83,5.36
2022-04-17,Tigres,Toluca,3,0,0.7469,0.1585,0.0946,pinnacle,1.26,5.67,10.13,1.43,6.08,13.0
2022-04-20,Guadalajara,Tijuana,2,1,0.5087,0.2669,0.2244,pinnacle,1.85,3.53,4.15,1.92,3.74,4.9
2022-04-20,Mazatlán,Santos,1,0,0.3354,0.303,0.3616,pinnacle,2.75,3.15,2.59,2.9,3.34,2.7
2022-04-20,Necaxa,Tigres,2,0,0.3388,0.2929,0.3683,pinnacle,2.79,3.19,2.5,3.15,3.42,2.64
2022-04-20,Pachuca,Puebla,1,0,0.5808,0.2366,0.1827,pinnacle,1.63,3.9,5.01,1.69,4.2,5.9
2022-04-20,Toluca,Juárez,0,1,0.4951,0.2797,0.2252,pinnacle,1.92,3.32,4.11,2.0,3.55,5.5
2022-04-21,América,León,2,0,0.5641,0.2438,0.1921,pinnacle,1.7,3.74,4.76,1.76,4.01,5.77
2022-04-21,Monterrey,Atlas,0,0,0.4783,0.3034,0.2182,pinnacle,1.98,3.12,4.13,2.06,3.3,4.95
2022-04-21,San Luis,Pumas,2,0,0.5034,0.2706,0.226,pinnacle,1.87,3.43,4.13,1.93,3.67,4.43
2022-04-22,Querétaro,Cruz Azul,0,1,0.3565,0.317,0.3266,pinnacle,2.65,2.98,2.82,2.75,3.15,2.98
2022-04-23,Juárez,Mazatlán,0,2,0.3163,0.3215,0.3622,pinnacle,2.91,2.93,2.62,3.08,3.08,2.79
2022-04-23,Pachuca,Monterrey,3,0,0.4785,0.2775,0.244,pinnacle,2.01,3.35,3.69,2.07,3.52,4.0
2022-04-23,Puebla,Necaxa,0,1,0.3712,0.3002,0.3286,pinnacle,2.56,3.11,2.8,2.65,3.25,2.96
2022-04-24,Cruz Azul,San Luis,0,1,0.442,0.3001,0.2579,pinnacle,2.17,3.13,3.48,2.35,3.34,3.77
2022-04-24,Guadalajara,Pumas,3,1,0.4305,0.2985,0.271,pinnacle,2.14,3.23,3.46,2.26,3.46,3.85
2022-04-24,Tigres,América,0,2,0.4052,0.2947,0.3001,pinnacle,2.26,3.26,3.16,2.42,3.44,3.5
2022-04-24,Toluca,Atlas,2,4,0.2574,0.2837,0.4589,pinnacle,3.55,3.24,2.09,3.8,3.43,2.17
2022-04-25,Santos,León,1,1,0.4588,0.2717,0.2695,pinnacle,2.06,3.43,3.44,2.13,3.58,3.61
2022-04-25,Tijuana,Querétaro,2,2,0.4381,0.2895,0.2724,pinnacle,2.16,3.23,3.37,2.27,3.37,3.63
2022-04-30,Mazatlán,Puebla,2,1,0.4286,0.2957,0.2756,pinnacle,2.23,3.15,3.31,2.35,3.3,3.55
2022-04-30,Necaxa,Guadalajara,0,1,0.3891,0.3297,0.2811,pinnacle,2.37,2.91,3.28,2.52,3.12,3.59
2022-04-30,Querétaro,Juárez,4,0,0.5278,0.2783,0.1939,pinnacle,1.84,3.36,4.41,1.92,3.49,5.01
2022-05-01,América,Cruz Azul,0,0,0.5395,0.2682,0.1923,pinnacle,1.73,3.53,4.87,1.82,3.75,5.3
2022-05-01,Atlas,Tigres,1,1,0.4369,0.2917,0.2714,pinnacle,2.2,3.21,3.33,2.3,3.35,3.59
2022-05-01,Monterrey,Tijuana,2,0,0.6504,0.2062,0.1434,pinnacle,1.47,4.35,6.28,1.51,4.7,7.0
2022-05-01,Pumas,Pachuca,2,0,0.2868,0.2693,0.4439,pinnacle,3.19,3.47,2.15,3.5,3.69,2.53
2022-05-01,San Luis,Santos,1,3,0.3921,0.286,0.322,pinnacle,2.42,3.27,2.88,2.5,3.45,3.02
2022-05-02,León,Toluca,4,4,0.6789,0.1881,0.133,pinnacle,1.41,4.84,6.58,1.47,5.16,7.3
2022-05-07,Cruz Azul,Necaxa,1,1,0.3911,0.329,0.2799,pinnacle,2.37,2.92,3.32,2.49,3.09,3.68
2022-05-08,Monterrey,San Luis,2,2,0.5886,0.2597,0.1517,pinnacle,1.65,3.58,5.55,1.71,3.87,6.5
2022-05-08,Puebla,Mazatlán,2,2,0.5278,0.2744,0.1978,pinnacle,1.8,3.44,4.56,1.88,3.74,6.3
2022-05-09,Guadalajara,Pumas,4,1,0.4794,0.2922,0.2284,pinnacle,2.03,3.17,3.86,2.1,3.38,4.4
2022-05-12,Puebla,América,1,1,0.226,0.2954,0.4787,pinnacle,3.98,3.17,2.0,4.3,3.34,2.07
2022-05-12,San Luis,Pachuca,2,2,0.2812,0.32,0.3988,pinnacle,3.3,3.03,2.31,3.6,3.24,2.44
2022-05-13,Cruz Azul,Tigres,0,1,0.348,0.3205,0.3314,pinnacle,2.69,2.87,2.88,2.85,3.05,3.03
2022-05-13,Guadalajara,Atlas,1,2,0.3291,0.3556,0.3153,pinnacle,2.86,2.61,2.98,3.0,2.9,3.1
2022-05-15,América,Puebla,3,2,0.5512,0.2643,0.1844,pinnacle,1.72,3.59,4.87,1.77,3.9,5.5
2022-05-15,Pachuca,San Luis,3,2,0.5161,0.2673,0.2166,pinnacle,1.86,3.52,4.08,1.92,3.74,4.75
2022-05-16,Atlas,Guadalajara,1,1,0.4299,0.3048,0.2653,pinnacle,2.11,3.18,3.54,2.24,3.4,3.8
2022-05-16,Tigres,Cruz Azul,0,1,0.442,0.2938,0.2642,pinnacle,2.14,3.22,3.43,2.21,3.42,3.7
2022-05-19,Atlas,Tigres,3,0,0.3424,0.3388,0.3188,pinnacle,2.76,2.81,2.86,2.86,3.02,3.05
2022-05-20,América,Pachuca,1,1,0.4615,0.2933,0.2453,pinnacle,2.08,3.18,3.68,2.2,3.42,3.97
2022-05-22,Tigres,Atlas,4,2,0.585,0.2516,0.1635,pinnacle,1.63,3.63,5.54,1.68,4.0,6.0
2022-05-23,Pachuca,América,3,0,0.3221,0.2993,0.3785,pinnacle,2.86,3.14,2.5,3.02,3.43,2.8
2022-05-27,Atlas,Pachuca,2,0,0.3403,0.3488,0.3109,pinnacle,2.74,2.72,3.0,2.9,2.93,3.27
2022-05-30,Pachuca,Atlas,2,1,0.5778,0.2495,0.1727,pinnacle,1.66,3.64,5.19,1.74,3.89,5.8
2022-07-02,Guadalajara,Juárez,0,0,0.5256,0.2903,0.1842,pinnacle,1.81,3.25,4.77,1.88,3.62,6.72
2022-07-02,Mazatlán,Puebla,2,4,0.4232,0.2995,0.2773,pinnacle,2.2,3.17,3.32,2.3,3.41,3.56
2022-07-02,Necaxa,Toluca,1,3,0.5084,0.2576,0.234,pinnacle,1.89,3.47,3.93,1.93,3.65,4.1
2022-07-03,América,Atlas,0,0,0.4809,0.2989,0.2203,pinnacle,1.96,3.16,4.09,2.03,3.32,4.41
2022-07-03,Pumas,Tijuana,1,1,0.5113,0.2633,0.2254,pinnacle,1.85,3.51,4.08,1.97,3.69,4.33
2022-07-03,San Luis,León,1,2,0.3742,0.2948,0.3309,pinnacle,2.49,3.19,2.8,2.67,3.43,2.94
2022-07-03,Tigres,Cruz Azul,2,3,0.4928,0.2855,0.2217,pinnacle,1.94,3.29,3.97,2.03,3.5,4.38
2022-07-04,Santos,Monterrey,4,3,0.3036,0.2776,0.4188,pinnacle,3.06,3.33,2.25,3.21,3.52,2.4
2022-07-05,Pachuca,Querétaro,2,0,0.5454,0.2617,0.193,pinnacle,1.79,3.47,4.48,1.86,3.71,5.03
2022-07-09,Mazatlán,Tigres,0,1,0.2638,0.2855,0.4507,pinnacle,3.46,3.34,2.08,3.74,3.6,2.16
2022-07-09,Puebla,Santos,1,0,0.3806,0.28,0.3395,pinnacle,2.44,3.35,2.74,2.56,3.59,2.88
2022-07-09,Tijuana,Juárez,0,2,0.4907,0.2971,0.2121,pinnacle,1.93,3.24,4.11,2.02,3.44,4.6
2022-07-10,Cruz Azul,Pachuca,1,2,0.3514,0.2959,0.3527,pinnacle,2.65,3.22,2.61,2.77,3.4,2.97
2022-07-10,Guadalajara,San Luis,0,1,0.4674,0.3,0.2326,pinnacle,1.96,3.24,3.97,2.08,3.43,4.3
2022-07-10,León,Pumas,3,3,0.4881,0.2543,0.2576,pinnacle,1.94,3.69,3.53,2.02,3.89,3.83
2022-07-10,Monterrey,América,3,2,0.4119,0.3002,0.2879,pinnacle,2.24,3.25,3.18,2.41,3.49,3.42
2022-07-10,Querétaro,Necaxa,1,2,0.3725,0.3087,0.3188,pinnacle,2.49,3.04,2.92,2.61,3.27,3.1
2022-07-10,Toluca,Atlas,3,2,0.3529,0.3053,0.3418,pinnacle,2.62,3.09,2.73,2.76,3.29,2.86
2022-07-14,América,Toluca,1,0,0.643,0.2036,0.1534,pinnacle,1.48,4.46,5.87,1.54,5.0,6.5
2022-07-16,Atlas,Cruz Azul,3,2,0.4519,0.3046,0.2435,pinnacle,2.12,3.09,3.64,2.23,3.3,3.99
2022-07-16,Juárez,Querétaro,1,1,0.3746,0.3142,0.3112,pinnacle,2.46,3.02,2.98,2.6,3.2,3.2
2022-07-16,Puebla,León,1,1,0.436,0.2572,0.3067,pinnacle,2.19,3.57,2.99,2.3,3.8,3.17
2022-07-17,Pumas,Necaxa,1,0,0.4343,0.2845,0.2812,pinnacle,2.18,3.31,3.22,2.29,3.5,3.46
2022-07-17,San Luis,Monterrey,0,1,0.2757,0.2757,0.4485,pinnacle,3.26,3.36,2.14,3.53,3.53,2.22
2022-07-17,Santos,Guadalajara,1,1,0.4396,0.2931,0.2674,pinnacle,2.16,3.21,3.35,2.29,3.4,3.65
2022-07-18,Tigres,Tijuana,1,0,0.6697,0.2066,0.1237,pinnacle,1.43,4.37,6.95,1.48,4.7,11.0
2022-07-19,Pachuca,Mazatlán,1,1,0.6906,0.1981,0.1113,pinnacle,1.39,4.6,7.52,1.43,5.0,10.0
2022-07-21,Guadalajara,León,0,0,0.4516,0.2831,0.2653,pinnacle,2.11,3.34,3.35,2.22,3.5,3.66
2022-07-22,Querétaro,Monterrey,0,3,0.2982,0.281,0.4208,pinnacle,3.11,3.28,2.24,3.3,3.46,2.37
2022-07-23,Mazatlán,San Luis,1,1,0.3787,0.2914,0.3299,pinnacle,2.45,3.18,2.86,2.57,3.4,3.0
2022-07-23,Necaxa,Juárez,1,0,0.4607,0.3067,0.2326,pinnacle,2.11,3.01,3.79,2.2,3.3,4.18
2022-07-23,Toluca,Santos,2,1,0.3477,0.275,0.3773,pinnacle,2.7,3.38,2.47,2.85,3.58,2.75
2022-07-24,Cruz Azul,Puebla,2,2,0.4702,0.2789,0.2509,pinnacle,1.99,3.39,3.66,2.15,3.58,3.92
2022-07-24,Tigres,Atlas,2,0,0.4998,0.2763,0.2239,pinnacle,1.89,3.37,4.06,2.0,3.54,4.33
2022-07-24,Tijuana,América,2,0,0.2651,0.2887,0.4463,pinnacle,3.48,3.3,2.08,3.75,3.51,2.18
2022-07-25,Pachuca,Pumas,0,0,0.5847,0.2445,0.1709,pinnacle,1.62,3.79,5.13,1.68,4.03,5.68
2022-07-27,Atlas,Tijuana,1,2,0.4677,0.2939,0.2384,pinnacle,2.03,3.24,3.74,2.13,3.5,4.94
2022-07-27,Juárez,Tigres,0,1,0.2242,0.2806,0.4953,pinnacle,4.22,3.36,1.86,4.5,3.55,1.96
2022-07-27,León,Toluca,0,1,0.5645,0.2253,0.2102,pinnacle,1.69,4.05,4.3,1.75,4.31,4.85
2022-07-27,Monterrey,Puebla,1,0,0.6958,0.1853,0.119,pinnacle,1.36,4.88,7.66,1.46,5.25,9.0
2022-07-27,San Luis,Cruz Azul,0,0,0.3463,0.3012,0.3525,pinnacle,2.63,3.16,2.68,2.81,3.34,2.82
2022-07-28,Necaxa,Pachuca,2,0,0.3101,0.2941,0.3958,pinnacle,2.98,3.18,2.37,3.14,3.4,2.5
2022-07-28,Pumas,Mazatlán,1,1,0.5699,0.2459,0.1842,pinnacle,1.68,3.66,4.89,1.74,3.94,5.4
2022-07-28,Querétaro,Guadalajara,2,2,0.2754,0.3177,0.4068,pinnacle,3.27,3.0,2.32,3.53,3.16,2.39
2022-07-30,Cruz Azul,Necaxa,1,0,0.4159,0.3013,0.2829,pinnacle,2.26,3.15,3.21,2.35,3.38,3.7
2022-07-30,Juárez,Toluca,1,1,0.4197,0.2996,0.2806,pinnacle,2.23,3.12,3.29,2.4,3.3,3.5
2022-07-31,Guadalajara,Pachuca,0,0,0.3359,0.3162,0.3479,pinnacle,2.75,3.06,2.63,2.9,3.22,2.8
2022-07-31,Puebla,San Luis,0,0,0.4507,0.2742,0.275,pinnacle,2.16,3.31,3.26,2.29,3.55,3.54
2022-07-31,Pumas,Monterrey,1,1,0.3701,0.2977,0.3322,pinnacle,2.6,3.26,2.61,2.72,3.48,2.93
2022-07-31,Tigres,Querétaro,2,1,0.678,0.2024,0.1196,pinnacle,1.43,4.38,7.0,1.5,4.79,8.11
2022-07-31,Tijuana,Mazatlán,2,0,0.469,0.2942,0.2368,pinnacle,2.03,3.28,3.67,2.11,3.48,4.1
2022-08-01,León,América,3,2,0.2937,0.2818,0.4245,pinnacle,3.13,3.33,2.21,3.31,3.5,2.33
2022-08-01,Santos,Atlas,1,0,0.3392,0.3042,0.3566,pinnacle,2.65,3.17,2.63,2.87,3.36,3.06
2022-08-03,Toluca,Puebla,1,1,0.4126,0.2822,0.3052,pinnacle,2.28,3.34,2.99,2.38,3.56,3.19
2022-08-04,Juárez,San Luis,1,1,0.4308,0.3061,0.2631,pinnacle,2.34,3.0,3.19,2.52,3.14,3.45
2022-08-05,Atlas,Querétaro,3,1,0.5044,0.2758,0.2198,pinnacle,1.84,3.47,4.17,1.94,3.8,4.5
2022-08-06,Mazatlán,Guadalajara,2,1,0.306,0.3169,0.3771,pinnacle,2.98,2.98,2.49,3.23,3.2,2.66
2022-08-07,Monterrey,León,5,1,0.6129,0.2166,0.1705,pinnacle,1.56,4.16,5.24,1.65,4.47,5.75
2022-08-07,San Luis,Necaxa,1,2,0.4321,0.2964,0.2715,pinnacle,2.22,3.14,3.31,2.3,3.31,3.67
2022-08-07,Santos,Cruz Azul,4,0,0.3926,0.2881,0.3193,pinnacle,2.37,3.3,2.9,2.48,3.51,3.2
2022-08-07,Toluca,Tijuana,3,1,0.5281,0.2633,0.2085,pinnacle,1.79,3.55,4.34,1.9,3.75,4.76
2022-08-08,América,Juárez,2,1,0.5951,0.2587,0.1463,pinnacle,1.59,3.58,6.12,1.66,3.82,7.5
2022-08-08,Pachuca,Tigres,2,0,0.4832,0.2775,0.2392,pinnacle,2.0,3.35,3.65,2.1,3.6,4.06
2022-08-12,Querétaro,San Luis,1,1,0.3137,0.2894,0.3969,pinnacle,2.94,3.21,2.39,3.1,3.47,2.8
2022-08-13,León,Mazatlán,0,3,0.6013,0.219,0.1796,pinnacle,1.59,4.1,5.05,1.64,4.42,6.45
2022-08-13,Necaxa,Monterrey,1,2,0.2893,0.2936,0.4171,pinnacle,3.13,3.18,2.27,3.28,3.35,2.36
2022-08-13,Tijuana,Puebla,3,3,0.4246,0.286,0.2894,pinnacle,2.2,3.27,3.21,2.29,3.49,3.42
2022-08-14,Cruz Azul,Toluca,2,3,0.4404,0.2914,0.2681,pinnacle,2.13,3.28,3.38,2.21,3.45,3.63
2022-08-14,Guadalajara,Atlas,1,1,0.3898,0.3185,0.2918,pinnacle,2.39,2.97,3.19,2.53,3.21,3.65
2022-08-14,Pumas,América,0,3,0.2948,0.2913,0.414,pinnacle,3.12,3.21,2.27,3.5,3.4,2.35
2022-08-15,Tigres,Santos,2,0,0.5891,0.2418,0.1691,pinnacle,1.59,3.91,5.32,1.65,4.2,5.95
2022-08-17,Atlas,Juárez,0,1,0.4502,0.3127,0.2372,pinnacle,2.1,3.03,3.78,2.27,3.25,4.1
2022-08-17,Mazatlán,Querétaro,1,1,0.5028,0.2588,0.2384,pinnacle,1.97,3.53,3.56,2.25,3.75,4.07
2022-08-17,Puebla,Necaxa,2,2,0.4024,0.3034,0.2942,pinnacle,2.3,3.16,3.11,2.42,3.39,3.5
2022-08-18,Cruz Azul,Tijuana,1,2,0.5107,0.2673,0.222,pinnacle,1.87,3.5,4.0,1.95,3.75,4.37
2022-08-18,Pachuca,América,0,3,0.4107,0.2822,0.3071,pinnacle,2.27,3.31,3.05,2.37,3.55,3.23
2022-08-18,Toluca,Monterrey,1,1,0.4005,0.2773,0.3222,pinnacle,2.35,3.42,2.8,2.55,3.7,3.02
2022-08-19,San Luis,Pumas,3,2,0.3772,0.2896,0.3332,pinnacle,2.46,3.21,2.83,2.58,3.4,2.95
2022-08-19,Santos,León,2,1,0.4363,0.2615,0.3022,pinnacle,2.18,3.51,3.06,2.26,4.04,3.37
2022-08-20,Necaxa,Guadalajara,0,4,0.3022,0.3222,0.3757,pinnacle,2.99,2.95,2.52,3.22,3.2,2.67
2022-08-20,Querétaro,Tijuana,2,0,0.4403,0.2718,0.2879,pinnacle,2.15,3.37,3.23,2.21,3.58,3.45
2022-08-21,América,Cruz Azul,7,0,0.5609,0.2514,0.1877,pinnacle,1.68,3.72,4.91,1.74,4.19,6.47
2022-08-21,Atlas,Puebla,1,1,0.4692,0.2676,0.2632,pinnacle,2.03,3.39,3.56,2.12,3.63,3.95
2022-08-21,Juárez,Mazatlán,1,1,0.5057,0.2899,0.2044,pinnacle,1.92,3.16,4.2,2.05,3.29,5.0
2022-08-21,Monterrey,Tigres,0,0,0.4287,0.2949,0.2764,pinnacle,2.18,3.28,3.26,2.27,3.64,3.71
2022-08-21,Pumas,Santos,1,5,0.3761,0.2925,0.3313,pinnacle,2.49,3.23,2.78,2.59,3.47,3.14
2022-08-21,San Luis,Toluca,1,0,0.38,0.2725,0.3475,pinnacle,2.46,3.41,2.7,2.56,3.72,2.95
2022-08-22,Pachuca,León,1,0,0.5646,0.2323,0.2031,pinnacle,1.67,3.97,4.54,1.72,4.2,5.12
2022-08-24,Guadalajara,Monterrey,1,0,0.362,0.3101,0.3279,pinnacle,2.62,3.06,2.78,2.85,3.48,2.97
2022-08-24,Querétaro,América,0,1,0.1871,0.2416,0.5713,pinnacle,4.8,3.84,1.66,5.5,4.2,1.73
2022-08-25,Pumas,Tigres,1,1,0.2862,0.2888,0.425,pinnacle,3.21,3.24,2.22,3.5,3.49,2.33
2022-08-26,Pachuca,Atlas,3,1,0.5398,0.2662,0.194,pinnacle,1.75,3.52,4.57,1.83,3.74,5.01
2022-08-26,Tijuana,Santos,0,2,0.3404,0.2838,0.3758,pinnacle,2.67,3.29,2.54,2.87,3.53,2.7
2022-08-27,Cruz Azul,Querétaro,2,1,0.4761,0.269,0.2549,pinnacle,1.99,3.48,3.58,2.06,3.7,4.33
2022-08-27,Mazatlán,América,1,3,0.231,0.2688,0.5002,pinnacle,4.09,3.48,1.85,5.2,3.9,1.97
2022-08-27,Puebla,Juárez,2,2,0.4107,0.2995,0.2897,pinnacle,2.3,3.14,3.16,2.39,3.33,3.36
2022-08-28,Guadalajara,Pumas,3,1,0.551,0.26,0.189,pinnacle,1.74,3.56,4.73,1.87,3.75,5.25
2022-08-28,Tigres,Necaxa,0,0,0.6288,0.2367,0.1345,pinnacle,1.53,3.95,6.21,1.64,4.5,7.2
2022-08-28,Toluca,Pachuca,1,4,0.3473,0.2786,0.374,pinnacle,2.75,3.34,2.45,2.86,3.52,2.7
2022-08-29,León,Atlas,4,2,0.3356,0.3013,0.3631,pinnacle,2.72,3.16,2.6,2.9,3.37,2.8
2022-08-29,Santos,San Luis,4,1,0.504,0.2546,0.2414,pinnacle,1.86,3.72,3.79,1.94,4.0,4.15
2022-08-29,Tijuana,Monterrey,0,3,0.2584,0.2768,0.4648,pinnacle,3.63,3.4,2.0,4.04,3.57,2.1
2022-09-02,Querétaro,Puebla,1,1,0.3465,0.2889,0.3646,pinnacle,2.67,3.26,2.56,2.81,3.56,2.78
2022-09-02,San Luis,Tijuana,0,0,0.4402,0.2795,0.2803,pinnacle,2.14,3.33,3.3,2.25,3.52,3.47
2022-09-03,Juárez,Cruz Azul,2,2,0.4233,0.31,0.2667,pinnacle,2.21,3.11,3.38,2.3,3.34,3.65
2022-09-03,Necaxa,León,3,2,0.3461,0.2896,0.3642,pinnacle,2.74,3.26,2.51,2.9,3.5,2.8
2022-09-03,Pachuca,Santos,2,0,0.5607,0.2566,0.1827,pinnacle,1.71,3.68,4.67,1.75,3.88,5.4
2022-09-04,América,Tigres,2,1,0.4583,0.2792,0.2626,pinnacle,2.06,3.37,3.47,2.13,3.55,3.7
2022-09-04,Atlas,Pumas,0,0,0.4912,0.2601,0.2487,pinnacle,1.99,3.48,3.54,2.05,3.75,3.91
2022-09-04,Monterrey,Mazatlán,0,0,0.6685,0.2144,0.1171,pinnacle,1.41,4.41,7.31,1.46,4.75,8.35
2022-09-04,Toluca,Guadalajara,0,0,0.3329,0.2946,0.3725,pinnacle,2.75,3.26,2.5,2.92,3.5,2.7
2022-09-07,América,San Luis,3,0,0.6769,0.2025,0.1206,pinnacle,1.42,4.47,7.05,1.45,5.07,8.1
2022-09-07,León,Juárez,1,0,0.4644,0.2781,0.2575,pinnacle,2.04,3.33,3.52,2.12,3.6,3.9
2022-09-07,Monterrey,Cruz Azul,3,2,0.6556,0.2109,0.1335,pinnacle,1.44,4.38,6.76,1.48,4.65,8.0
2022-09-07,Santos,Necaxa,3,1,0.5084,0.2604,0.2312,pinnacle,1.85,3.6,4.0,1.91,3.81,4.77
2022-09-08,Mazatlán,Atlas,1,0,0.3674,0.3091,0.3235,pinnacle,2.51,3.06,2.89,2.7,3.36,3.01
2022-09-08,Puebla,Pachuca,2,2,0.2845,0.287,0.4286,pinnacle,3.27,3.3,2.17,3.55,3.67,2.27
2022-09-08,Pumas,Querétaro,4,1,0.4937,0.2679,0.2384,pinnacle,1.9,3.52,3.84,1.97,3.72,4.27
2022-09-08,Tigres,Toluca,3,1,0.6375,0.2134,0.1491,pinnacle,1.51,4.22,5.95,1.63,4.54,6.5
2022-09-08,Tijuana,Guadalajara,1,2,0.3745,0.3062,0.3193,pinnacle,2.55,3.08,2.84,2.91,3.37,3.05
2022-09-10,Juárez,Monterrey,0,1,0.2473,0.2876,0.4651,pinnacle,3.63,3.2,2.07,4.5,3.4,2.19
2022-09-10,Querétaro,Santos,3,3,0.3072,0.2675,0.4253,pinnacle,2.97,3.47,2.24,3.3,3.9,2.35
2022-09-11,Cruz Azul,Mazatlán,2,0,0.5167,0.259,0.2243,pinnacle,1.86,3.56,3.96,1.94,3.8,4.33
2022-09-11,Guadalajara,Puebla,1,0,0.448,0.2842,0.2678,pinnacle,2.09,3.31,3.44,2.17,3.5,4.0
2022-09-11,Necaxa,América,1,2,0.2619,0.2776,0.4605,pinnacle,3.41,3.32,2.1,3.71,3.5,2.25
2022-09-11,Tigres,León,0,1,0.5765,0.238,0.1855,pinnacle,1.65,3.9,4.8,1.72,4.11,5.75
2022-09-11,Toluca,Pumas,2,2,0.4086,0.2628,0.3285,pinnacle,2.32,3.47,2.83,2.45,3.72,3.09
2022-09-12,Atlas,San Luis,1,3,0.3878,0.3023,0.31,pinnacle,2.4,3.19,2.95,2.57,3.45,4.4
2022-09-12,Pachuca,Tijuana,6,1,0.6598,0.2118,0.1285,pinnacle,1.44,4.32,6.86,1.48,4.58,7.6
2022-09-14,Guadalajara,Tigres,1,4,0.3402,0.3148,0.345,pinnacle,2.76,3.0,2.67,3.01,3.16,2.82
2022-09-15,América,Santos,3,3,0.6259,0.2118,0.1622,pinnacle,1.5,4.38,5.64,1.57,4.75,6.85
2022-09-15,Juárez,Pachuca,2,1,0.3092,0.2933,0.3975,pinnacle,3.02,3.17,2.35,3.4,3.32,2.45
2022-09-16,Cruz Azul,León,2,1,0.3864,0.2683,0.3453,pinnacle,2.47,3.42,2.69,2.64,3.68,2.82
2022-09-17,Mazatlán,Toluca,1,1,0.3451,0.2821,0.3728,pinnacle,2.73,3.33,2.48,2.85,3.63,2.7
2022-09-17,Puebla,Tigres,2,1,0.3413,0.2861,0.3727,pinnacle,2.77,3.29,2.47,3.0,3.55,2.61
2022-09-18,América,Guadalajara,2,1,0.5639,0.2481,0.188,pinnacle,1.67,3.79,4.76,1.72,4.01,5.3
2022-09-18,Monterrey,Atlas,2,0,0.6738,0.2137,0.1124,pinnacle,1.42,4.39,7.24,1.45,4.61,8.63
2022-09-18,Pumas,Cruz Azul,1,2,0.3972,0.2741,0.3287,pinnacle,2.39,3.41,2.78,2.56,3.56,3.0
2022-09-19,León,Querétaro,3,1,0.5582,0.244,0.1978,pinnacle,1.7,3.85,4.49,1.75,4.0,5.22
2022-09-19,San Luis,Pachuca,1,2,0.2297,0.2745,0.4958,pinnacle,3.77,3.55,1.9,4.02,3.75,1.95
2022-09-19,Santos,Juárez,2,0,0.4853,0.2652,0.2495,pinnacle,1.94,3.49,3.71,2.0,3.68,4.17
2022-09-19,Tijuana,Necaxa,1,1,0.4634,0.2749,0.2616,pinnacle,2.05,3.36,3.5,2.14,3.54,3.83
2022-09-24,Necaxa,Mazatlán,2,2,0.5039,0.2795,0.2166,pinnacle,1.9,3.36,4.06,2.0,3.54,4.49
2022-09-24,Puebla,Pumas,2,1,0.4107,0.2712,0.3181,pinnacle,2.25,3.5,2.94,2.37,3.75,3.2
2022-10-01,Juárez,Pumas,3,1,0.4658,0.2712,0.2631,pinnacle,2.02,3.5,3.46,2.1,3.66,3.85
2022-10-01,Monterrey,Pachuca,0,0,0.4343,0.2787,0.287,pinnacle,2.12,3.4,3.26,2.22,3.6,3.48
2022-10-01,Puebla,América,1,2,0.2451,0.2385,0.5164,pinnacle,3.7,3.83,1.86,4.02,4.07,1.95
2022-10-01,San Luis,Tigres,0,3,0.3317,0.2758,0.3924,pinnacle,2.83,3.36,2.38,3.05,3.54,2.46
2022-10-02,Atlas,Necaxa,1,0,0.392,0.2949,0.3131,pinnacle,2.39,3.24,2.92,2.47,3.45,3.11
2022-10-02,Cruz Azul,Guadalajara,2,1,0.3877,0.2916,0.3207,pinnacle,2.41,3.31,2.84,2.49,3.5,3.3
2022-10-02,Toluca,Querétaro,4,1,0.4695,0.2454,0.285,pinnacle,2.01,3.75,3.28,2.11,3.96,3.94
2022-10-03,León,Tijuana,2,2,0.5365,0.2312,0.2323,pinnacle,1.8,3.86,3.94,1.88,4.2,4.46
2022-10-03,Santos,Mazatlán,3,0,0.5784,0.2204,0.2012,pinnacle,1.64,4.14,4.55,1.71,4.41,5.0
2022-10-09,Cruz Azul,León,1,0,0.3893,0.2905,0.3202,pinnacle,2.38,3.26,2.94,2.5,3.45,3.35
2022-10-09,Puebla,Guadalajara,1,1,0.3542,0.3112,0.3347,pinnacle,2.64,3.1,2.73,2.83,3.51,2.91
2022-10-09,Tigres,Necaxa,2,0,0.6099,0.2314,0.1587,pinnacle,1.54,4.01,5.85,1.59,4.3,6.76
2022-10-09,Toluca,Juárez,3,0,0.481,0.2737,0.2453,pinnacle,1.96,3.41,3.78,2.02,3.65,4.3
2022-10-13,Cruz Azul,Monterrey,0,0,0.3162,0.3063,0.3775,pinnacle,2.98,3.09,2.45,3.32,3.27,2.58
2022-10-13,Puebla,América,1,6,0.2296,0.2799,0.4905,pinnacle,3.99,3.35,1.92,4.46,3.56,1.98
2022-10-14,Tigres,Pachuca,1,0,0.4007,0.3162,0.2831,pinnacle,2.34,2.97,3.28,2.44,3.15,3.55
2022-10-14,Toluca,Santos,4,3,0.3906,0.2717,0.3377,pinnacle,2.41,3.45,2.75,2.54,3.72,2.88
2022-10-16,América,Puebla,5,1,0.6494,0.202,0.1486,pinnacle,1.45,4.61,6.22,1.5,5.2,8.0
2022-10-16,Monterrey,Cruz Azul,3,0,0.5461,0.2551,0.1988,pinnacle,1.72,3.64,4.68,1.78,3.81,5.4
2022-10-17,Pachuca,Tigres,2,1,0.5576,0.2594,0.183,pinnacle,1.69,3.63,4.95,1.75,3.83,5.36
2022-10-17,Santos,Toluca,1,2,0.6372,0.2035,0.1593,pinnacle,1.47,4.69,5.73,1.53,5.05,6.56
2022-10-20,Toluca,América,2,1,0.1673,0.2225,0.6102,pinnacle,5.16,4.1,1.58,5.8,4.36,1.67
2022-10-21,Pachuca,Monterrey,5,2,0.4562,0.3124,0.2314,pinnacle,2.08,3.05,3.87,2.13,3.18,4.59
2022-10-23,América,Toluca,1,1,0.7594,0.1556,0.085,pinnacle,1.26,5.82,9.75,1.28,6.2,11.34
2022-10-24,Monterrey,Pachuca,0,1,0.5134,0.2494,0.2372,pinnacle,1.9,3.62,3.74,1.99,3.89,4.09
2022-10-28,Toluca,Pachuca,1,5,0.2564,0.2578,0.4859,pinnacle,3.56,3.6,1.96,3.89,4.0,2.1
2022-10-31,Pachuca,Toluca,3,1,0.5964,0.21,0.1936,pinnacle,1.57,4.39,4.89,1.63,4.73,5.77
2023-01-07,América,Querétaro,0,0,0.6766,0.1991,0.1244,pinnacle,1.43,4.52,6.74,1.47,4.86,7.78
2023-01-07,Necaxa,San Luis,2,3,0.4321,0.3029,0.2649,pinnacle,2.17,3.15,3.41,2.25,3.3,3.67
2023-01-08,Monterrey,Guadalajara,0,1,0.4839,0.2878,0.2283,pinnacle,1.95,3.28,3.98,2.08,3.75,4.55
2023-01-08,Pumas,Juárez,2,1,0.4344,0.2976,0.2681,pinnacle,2.23,3.17,3.25,2.31,3.46,3.63
2023-01-09,Santos,Tigres,0,3,0.2837,0.3022,0.4141,pinnacle,3.11,3.16,2.3,3.43,3.34,2.49
2023-01-09,Tijuana,Cruz Azul,1,1,0.3816,0.2757,0.3427,pinnacle,2.44,3.33,2.76,2.59,3.53,2.91
2023-01-10,Pachuca,Puebla,5,1,0.6215,0.2234,0.1551,pinnacle,1.53,4.08,5.8,1.57,4.4,6.5
2023-01-13,Atlas,Mazatlán,2,1,0.552,0.2684,0.1796,pinnacle,1.72,3.48,4.98,1.79,3.81,5.42
2023-01-14,Cruz Azul,Monterrey,2,3,0.359,0.2948,0.3462,pinnacle,2.61,3.15,2.69,2.75,3.48,2.81
2023-01-14,Puebla,Querétaro,2,0,0.4421,0.2869,0.2709,pinnacle,2.17,3.3,3.25,2.3,3.54,3.59
2023-01-14,San Luis,Guadalajara,0,0,0.3102,0.2907,0.3991,pinnacle,2.94,3.17,2.39,3.19,3.39,2.5
2023-01-15,Juárez,Tijuana,3,0,0.4191,0.2991,0.2818,pinnacle,2.26,3.15,3.21,2.35,3.33,3.45
2023-01-15,Santos,Pumas,3,0,0.4384,0.263,0.2985,pinnacle,2.14,3.53,3.1,2.23,3.78,3.4
2023-01-15,Toluca,América,2,2,0.2301,0.2452,0.5248,pinnacle,3.96,3.74,1.81,4.25,4.09,1.85
2023-01-16,Tigres,Pachuca,4,1,0.4477,0.2999,0.2524,pinnacle,2.11,3.14,3.57,2.18,3.33,3.85
2023-01-17,León,Necaxa,2,1,0.5433,0.2462,0.2105,pinnacle,1.76,3.73,4.23,1.95,4.0,4.62
2023-01-21,Mazatlán,Santos,1,2,0.2722,0.2605,0.4672,pinnacle,3.33,3.54,2.04,3.6,3.73,2.14
2023-01-21,Monterrey,San Luis,3,1,0.6921,0.199,0.1089,pinnacle,1.39,4.57,7.55,1.52,5.0,8.9
2023-01-21,Tijuana,Tigres,1,1,0.2334,0.2623,0.5043,pinnacle,3.91,3.56,1.88,4.25,3.75,1.98
2023-01-22,América,Puebla,2,2,0.6916,0.1855,0.1229,pinnacle,1.37,4.88,7.45,1.43,5.22,8.52
2023-01-22,Guadalajara,Toluca,1,2,0.4912,0.2795,0.2294,pinnacle,1.95,3.38,3.79,2.08,3.64,4.24
2023-01-22,Necaxa,Cruz Azul,1,0,0.2787,0.287,0.4343,pinnacle,3.22,3.3,2.19,3.5,3.58,2.66
2023-01-22,Pumas,León,4,1,0.4282,0.2572,0.3146,pinnacle,2.22,3.59,2.92,2.31,3.84,3.09
2023-01-22,Querétaro,Atlas,3,3,0.2651,0.2985,0.4364,pinnacle,3.35,3.18,2.18,3.75,3.46,2.29
2023-01-23,Pachuca,Juárez,4,1,0.6216,0.236,0.1424,pinnacle,1.54,3.91,5.93,1.6,4.2,6.81
2023-01-27,Atlas,Santos,2,2,0.4532,0.2692,0.2776,pinnacle,2.09,3.49,3.26,2.19,3.64,3.53
2023-01-28,Puebla,Monterrey,1,2,0.2434,0.2611,0.4955,pinnacle,3.72,3.51,1.92,4.1,3.72,2.0
2023-01-28,Tijuana,Pumas,0,0,0.488,0.2611,0.2509,pinnacle,1.97,3.53,3.59,2.04,3.75,4.0
2023-01-29,América,Mazatlán,6,0,0.7794,0.1401,0.0805,pinnacle,1.22,6.26,11.22,1.25,6.9,13.0
2023-01-29,Juárez,Guadalajara,1,2,0.3171,0.3223,0.3606,pinnacle,2.89,2.89,2.64,3.07,3.02,2.75
2023-01-29,Tigres,San Luis,0,0,0.6621,0.2088,0.1291,pinnacle,1.44,4.36,6.8,1.48,4.63,7.5
2023-01-29,Toluca,León,0,0,0.4284,0.2539,0.3178,pinnacle,2.18,3.64,2.95,2.27,3.83,3.12
2023-01-30,Pachuca,Necaxa,2,1,0.6725,0.2009,0.1266,pinnacle,1.44,4.41,6.71,1.49,4.82,7.8
2023-02-02,Atlas,Toluca,0,0,0.474,0.2662,0.2598,pinnacle,2.07,3.49,3.32,2.19,3.77,3.74
2023-02-03,San Luis,Puebla,2,0,0.3925,0.3004,0.3071,pinnacle,2.36,3.1,3.1,2.51,3.26,3.41
2023-02-04,León,Pachuca,0,1,0.3279,0.2686,0.4035,pinnacle,2.9,3.45,2.29,3.15,3.65,2.43
2023-02-04,Mazatlán,Juárez,2,3,0.3335,0.3111,0.3554,pinnacle,2.72,3.05,2.68,2.92,3.28,2.85
2023-02-04,Necaxa,Tijuana,1,1,0.3537,0.3002,0.3461,pinnacle,2.63,3.14,2.7,2.8,3.34,2.81
2023-02-05,Cruz Azul,Tigres,0,1,0.3391,0.2977,0.3632,pinnacle,2.78,3.16,2.53,2.9,3.37,2.68
2023-02-05,Guadalajara,Querétaro,1,1,0.5094,0.2725,0.2181,pinnacle,1.85,3.46,4.15,1.95,3.66,4.71
2023-02-05,Pumas,Atlas,2,2,0.3527,0.2932,0.354,pinnacle,2.64,3.19,2.65,2.77,3.45,2.8
2023-02-05,Santos,América,2,2,0.3177,0.2424,0.4399,pinnacle,2.95,3.75,2.15,3.1,4.1,2.28
2023-02-06,Monterrey,Toluca,2,1,0.6202,0.2277,0.1521,pinnacle,1.51,4.23,5.86,1.58,4.5,6.9
2023-02-10,Atlas,Monterrey,0,2,0.3544,0.2833,0.3623,pinnacle,2.64,3.32,2.55,3.0,3.53,2.72
2023-02-10,Querétaro,León,0,3,0.3247,0.2728,0.4025,pinnacle,2.77,3.45,2.38,3.0,3.61,2.57
2023-02-11,América,Necaxa,2,1,0.7587,0.1559,0.0854,pinnacle,1.24,5.98,10.7,1.35,7.0,14.0
2023-02-11,Puebla,Mazatlán,3,1,0.6213,0.2188,0.1599,pinnacle,1.56,4.15,5.37,1.8,4.43,6.06
2023-02-11,Tijuana,San Luis,1,0,0.4463,0.2741,0.2796,pinnacle,2.07,3.41,3.4,2.2,3.78,3.79
2023-02-12,Juárez,Santos,3,1,0.3289,0.2704,0.4006,pinnacle,2.84,3.49,2.32,3.02,3.72,2.5
2023-02-12,Pachuca,Guadalajara,1,1,0.4834,0.2808,0.2358,pinnacle,1.93,3.34,3.96,2.01,3.59,4.35
2023-02-12,Tigres,Pumas,4,2,0.6832,0.1952,0.1216,pinnacle,1.4,4.64,7.17,1.45,5.1,8.19
2023-02-12,Toluca,Cruz Azul,3,1,0.3786,0.2812,0.3402,pinnacle,2.47,3.33,2.73,2.61,3.5,2.86
2023-02-15,León,Puebla,2,0,0.5743,0.2327,0.193,pinnacle,1.66,3.96,4.65,1.74,4.2,5.03
2023-02-15,San Luis,América,1,3,0.2041,0.2375,0.5584,pinnacle,4.46,3.83,1.71,4.76,4.1,1.77
2023-02-15,Tigres,Juárez,0,0,0.6776,0.195,0.1275,pinnacle,1.42,4.6,6.86,1.45,5.05,7.9
2023-02-16,Guadalajara,Tijuana,2,1,0.5161,0.2757,0.2082,pinnacle,1.84,3.41,4.3,1.93,3.58,4.82
2023-02-16,Monterrey,Querétaro,2,0,0.7185,0.1796,0.1019,pinnacle,1.33,5.03,8.38,1.41,5.54,10.13
2023-02-16,Necaxa,Pumas,3,1,0.333,0.2811,0.3859,pinnacle,2.73,3.36,2.47,2.92,3.61,2.72
2023-02-17,Mazatlán,Pachuca,2,3,0.1983,0.2369,0.5648,pinnacle,4.54,3.95,1.68,5.0,4.21,1.73
2023-02-18,Juárez,León,0,0,0.3299,0.2914,0.3787,pinnacle,2.81,3.25,2.47,2.95,3.52,2.61
2023-02-18,Monterrey,Necaxa,2,1,0.7338,0.173,0.0932,pinnacle,1.31,5.17,9.03,1.36,5.8,11.0
2023-02-18,Puebla,Cruz Azul,1,3,0.2948,0.2651,0.4402,pinnacle,3.04,3.45,2.21,3.3,3.67,2.35
2023-02-18,San Luis,Santos,1,1,0.3537,0.2664,0.3799,pinnacle,2.66,3.48,2.46,2.75,3.68,2.6
2023-02-19,Atlas,Tigres,0,1,0.2725,0.2853,0.4422,pinnacle,3.37,3.29,2.13,3.6,3.49,2.21
2023-02-19,Pumas,Guadalajara,1,2,0.4124,0.2871,0.3004,pinnacle,2.32,3.26,3.0,2.46,3.5,3.28
2023-02-19,Querétaro,Mazatlán,1,1,0.5065,0.2724,0.221,pinnacle,1.84,3.5,4.15,1.94,3.81,4.7
2023-02-20,América,Tijuana,2,1,0.7555,0.1573,0.0872,pinnacle,1.29,5.46,9.0,1.34,6.15,11.09
2023-02-20,Pachuca,Toluca,1,2,0.5422,0.2397,0.2181,pinnacle,1.76,3.86,4.17,1.82,4.1,4.5
2023-02-23,Cruz Azul,Atlas,1,0,0.3984,0.291,0.3106,pinnacle,2.35,3.21,2.98,2.48,3.45,3.25
2023-02-24,Santos,Toluca,0,5,0.4765,0.2377,0.2859,pinnacle,2.01,3.85,3.21,2.08,4.1,3.42
2023-02-25,Cruz Azul,Juárez,1,0,0.5482,0.2651,0.1866,pinnacle,1.72,3.58,4.85,1.77,3.82,5.3
2023-02-25,Mazatlán,Pumas,1,2,0.4002,0.2657,0.3342,pinnacle,2.36,3.49,2.78,2.5,3.71,2.93
2023-02-25,Necaxa,Querétaro,1,1,0.3878,0.3051,0.3071,pinnacle,2.39,3.08,3.06,2.51,3.28,3.38
2023-02-26,Atlas,América,2,2,0.2499,0.2592,0.4909,pinnacle,3.69,3.56,1.93,4.23,3.77,2.01
2023-02-26,Tigres,Guadalajara,1,2,0.5635,0.267,0.1695,pinnacle,1.69,3.46,5.24,1.75,3.72,6.17
2023-02-26,Toluca,San Luis,2,0,0.5743,0.2268,0.1989,pinnacle,1.64,4.06,4.68,1.7,4.4,5.2
2023-02-27,Santos,Puebla,3,2,0.6304,0.2061,0.1635,pinnacle,1.51,4.44,5.48,1.56,4.7,6.0
2023-02-27,Tijuana,Pachuca,2,0,0.3635,0.2729,0.3635,pinnacle,2.6,3.35,2.57,2.82,3.6,2.69
2023-02-28,León,Monterrey,1,1,0.3431,0.2792,0.3777,pinnacle,2.67,3.33,2.54,2.95,3.56,2.68
2023-03-04,León,San Luis,2,0,0.5946,0.2308,0.1746,pinnacle,1.6,3.92,5.18,1.67,4.2,6.06
2023-03-04,Mazatlán,Cruz Azul,3,1,0.2658,0.2796,0.4546,pinnacle,3.46,3.37,2.06,3.71,3.55,2.14
2023-03-04,Necaxa,Tigres,0,1,0.195,0.2683,0.5366,pinnacle,4.58,3.54,1.75,5.1,3.72,1.82
2023-03-04,Tijuana,Atlas,1,1,0.4983,0.2714,0.2303,pinnacle,1.96,3.33,3.84,2.18,3.58,4.22
2023-03-05,América,Pachuca,0,3,0.5035,0.2473,0.2492,pinnacle,1.85,3.77,3.78,1.95,4.0,4.5
2023-03-05,Guadalajara,Santos,2,0,0.4669,0.2603,0.2728,pinnacle,2.06,3.57,3.28,2.17,3.75,3.56
2023-03-05,Monterrey,Juárez,3,0,0.5874,0.2511,0.1615,pinnacle,1.59,3.71,5.7,1.68,4.1,6.6
2023-03-05,Pumas,Puebla,2,4,0.5923,0.2264,0.1812,pinnacle,1.6,4.1,4.94,1.67,4.33,5.72
2023-03-06,Querétaro,Toluca,1,0,0.2712,0.2697,0.4592,pinnacle,3.43,3.47,2.03,3.7,3.67,2.18
2023-03-11,Atlas,León,0,1,0.3776,0.2943,0.328,pinnacle,2.47,3.18,2.81,2.69,3.42,2.97
2023-03-11,Puebla,Guadalajara,1,0,0.2941,0.275,0.4308,pinnacle,3.16,3.35,2.18,3.4,3.55,2.28
2023-03-11,San Luis,Querétaro,2,0,0.4358,0.2936,0.2707,pinnacle,2.18,3.19,3.33,2.26,3.35,3.63
2023-03-12,Cruz Azul,Pumas,1,0,0.4566,0.2694,0.274,pinnacle,2.06,3.48,3.36,2.13,3.66,3.8
2023-03-12,Tigres,América,0,2,0.4177,0.2837,0.2985,pinnacle,2.26,3.28,3.07,2.38,3.5,3.36
2023-03-12,Toluca,Mazatlán,4,1,0.751,0.1573,0.0917,pinnacle,1.3,5.44,8.88,1.4,6.11,11.0
2023-03-13,Juárez,Necaxa,1,1,0.4904,0.2806,0.229,pinnacle,2.14,3.08,3.57,2.31,3.5,4.1
2023-03-13,Pachuca,Monterrey,1,2,0.4051,0.3029,0.292,pinnacle,2.36,3.11,3.06,2.53,3.3,3.35
2023-03-13,Santos,Tijuana,3,2,0.5361,0.2414,0.2225,pinnacle,1.79,3.78,3.97,1.91,4.02,4.36
2023-03-18,Cruz Azul,San Luis,1,0,0.5466,0.2644,0.1889,pinnacle,1.74,3.53,4.63,1.83,3.72,5.16
2023-03-18,Mazatlán,Necaxa,0,1,0.3297,0.2903,0.3799,pinnacle,2.82,3.23,2.45,3.0,3.4,2.85
2023-03-18,Puebla,Atlas,0,4,0.2889,0.294,0.4171,pinnacle,3.19,3.27,2.22,3.63,3.5,2.5
2023-03-18,Tijuana,Toluca,3,3,0.4112,0.2711,0.3177,pinnacle,2.31,3.4,2.89,2.48,3.61,3.08
2023-03-19,Guadalajara,América,2,4,0.2983,0.2771,0.4247,pinnacle,3.11,3.36,2.21,3.39,3.55,2.31
2023-03-19,Pumas,Pachuca,0,2,0.3675,0.2847,0.3478,pinnacle,2.56,3.33,2.63,2.85,3.5,2.84
2023-03-19,Tigres,Monterrey,0,1,0.4007,0.3024,0.2969,pinnacle,2.39,3.09,3.03,2.53,3.3,3.3
2023-03-20,León,Santos,4,1,0.517,0.243,0.24,pinnacle,1.85,3.82,3.68,1.91,4.1,4.05
2023-03-20,Querétaro,Juárez,2,2,0.3688,0.3141,0.3171,pinnacle,2.5,2.98,2.95,2.7,3.15,3.11
2023-03-25,Mazatlán,León,1,2,0.1997,0.2629,0.5374,pinnacle,4.41,3.56,1.77,5.0,3.85,1.87
2023-03-30,Querétaro,Cruz Azul,2,2,0.2406,0.2876,0.4718,pinnacle,3.79,3.26,2.0,4.25,3.45,2.2
2023-04-01,Juárez,Puebla,0,2,0.5642,0.2495,0.1863,pinnacle,1.74,3.6,4.7,2.3,3.9,5.4
2023-04-01,Necaxa,Santos,0,0,0.3475,0.2695,0.383,pinnacle,2.71,3.46,2.41,2.88,3.69,2.54
2023-04-02,América,León,2,2,0.5636,0.2336,0.2028,pinnacle,1.68,3.97,4.47,1.75,4.3,4.8
2023-04-02,Atlas,Guadalajara,3,3,0.3835,0.3083,0.3083,pinnacle,2.42,3.1,2.97,2.65,3.3,3.27
2023-04-02,Monterrey,Tijuana,4,0,0.6434,0.2213,0.1353,pinnacle,1.49,4.12,6.36,1.54,4.5,7.37
2023-04-02,Pachuca,Cruz Azul,0,2,0.484,0.274,0.242,pinnacle,1.95,3.39,3.79,2.02,3.62,4.27
2023-04-02,Toluca,Tigres,3,2,0.4286,0.2644,0.3069,pinnacle,2.23,3.47,2.97,2.45,3.69,3.17
2023-04-03,Querétaro,Pumas,1,0,0.339,0.2795,0.3815,pinnacle,2.73,3.34,2.46,2.96,3.52,2.58
2023-04-03,San Luis,Mazatlán,2,1,0.6214,0.2324,0.1462,pinnacle,1.55,3.95,5.94,2.01,4.3,6.8
2023-04-08,Puebla,Toluca,1,2,0.2489,0.247,0.5042,pinnacle,3.65,3.73,1.89,3.91,3.97,1.98
2023-04-08,Tijuana,Querétaro,1,2,0.6197,0.2202,0.1601,pinnacle,1.52,4.21,5.66,1.58,4.5,6.1
2023-04-09,América,Monterrey,2,1,0.5038,0.2468,0.2493,pinnacle,1.87,3.73,3.74,2.02,4.0,4.1
2023-04-09,Guadalajara,Necaxa,1,0,0.539,0.2501,0.2109,pinnacle,1.73,3.71,4.4,1.83,4.19,4.8
2023-04-09,León,Cruz Azul,0,0,0.4655,0.268,0.2665,pinnacle,2.04,3.47,3.41,2.11,3.67,3.69
2023-04-09,Pumas,San Luis,3,1,0.5132,0.2553,0.2315,pinnacle,1.85,3.58,3.96,1.94,3.8,4.32
2023-04-09,Tigres,Mazatlán,1,2,0.74,0.1646,0.0954,pinnacle,1.28,5.4,9.46,1.33,6.0,11.0
2023-04-10,Juárez,Atlas,1,1,0.3048,0.3077,0.3874,pinnacle,3.0,3.02,2.43,3.25,3.2,2.55
2023-04-10,Santos,Pachuca,1,4,0.3713,0.2601,0.3685,pinnacle,2.51,3.51,2.57,2.74,3.8,2.7
2023-04-14,San Luis,Juárez,2,0,0.4282,0.2867,0.2851,pinnacle,2.2,3.23,3.27,2.29,3.4,3.5
2023-04-15,Mazatlán,Tijuana,1,2,0.2602,0.2483,0.4915,pinnacle,3.59,3.7,1.92,3.79,3.93,2.01
2023-04-15,Necaxa,Puebla,1,1,0.457,0.2813,0.2617,pinnacle,2.03,3.37,3.56,2.22,3.56,4.0
2023-04-16,Atlas,Pachuca,4,1,0.3061,0.2797,0.4142,pinnacle,2.99,3.37,2.28,3.21,3.55,2.4
2023-04-16,Cruz Azul,América,1,3,0.2807,0.259,0.4603,pinnacle,3.3,3.53,2.06,3.72,3.79,2.16
2023-04-16,León,Guadalajara,0,2,0.3972,0.2837,0.3191,pinnacle,2.32,3.33,2.96,2.45,3.56,3.3
2023-04-16,Pumas,Toluca,3,1,0.3401,0.2494,0.4104,pinnacle,2.79,3.65,2.27,3.08,3.94,2.39
2023-04-17,Monterrey,Santos,1,2,0.6065,0.2138,0.1797,pinnacle,1.52,4.41,5.39,1.6,4.73,5.9
2023-04-17,Querétaro,Tigres,0,0,0.2139,0.2668,0.5193,pinnacle,4.25,3.45,1.83,4.7,3.65,1.9
2023-04-21,Tigres,Puebla,1,0,0.6062,0.2337,0.1601,pinnacle,1.55,4.12,5.47,1.62,4.6,6.8
2023-04-22,Mazatlán,Monterrey,0,2,0.1594,0.2081,0.6325,pinnacle,5.63,4.38,1.51,6.07,4.8,1.59
2023-04-22,Necaxa,Atlas,1,3,0.2766,0.2727,0.4507,pinnacle,3.28,3.44,2.12,3.53,3.68,2.45
2023-04-22,Tijuana,León,0,0,0.4503,0.2513,0.2984,pinnacle,2.15,3.61,3.06,2.26,3.87,3.26
2023-04-23,América,Pumas,1,1,0.6205,0.2109,0.1686,pinnacle,1.55,4.35,5.18,1.61,4.8,6.0
2023-04-23,Guadalajara,Cruz Azul,2,1,0.4442,0.287,0.2688,pinnacle,2.16,3.27,3.35,2.25,3.45,3.62
2023-04-23,Pachuca,San Luis,2,1,0.5614,0.2363,0.2023,pinnacle,1.7,3.85,4.55,1.77,4.11,6.0
2023-04-23,Toluca,Juárez,1,1,0.6233,0.218,0.1586,pinnacle,1.53,4.26,5.58,1.58,4.5,6.2
2023-04-24,Santos,Querétaro,0,2,0.5916,0.2294,0.179,pinnacle,1.58,4.15,5.16,1.65,4.4,6.33
2023-04-29,Juárez,América,0,1,0.1783,0.2407,0.5809,pinnacle,4.83,3.83,1.66,5.5,4.1,1.73
2023-04-30,Cruz Azul,Santos,3,2,0.4721,0.2539,0.274,pinnacle,2.01,3.59,3.43,2.1,3.88,3.8
2023-04-30,Guadalajara,Mazatlán,4,1,0.7216,0.1749,0.1035,pinnacle,1.33,5.04,8.47,1.37,5.7,9.52
2023-04-30,Monterrey,Pumas,4,1,0.5662,0.2333,0.2005,pinnacle,1.68,3.94,4.53,1.74,4.3,5.01
2023-04-30,Puebla,Tijuana,5,2,0.4363,0.2587,0.305,pinnacle,2.13,3.65,3.14,2.24,3.76,3.2
2023-04-30,San Luis,Atlas,0,0,0.3594,0.2799,0.3607,pinnacle,2.75,3.36,2.43,2.94,3.69,2.57
2023-04-30,Toluca,Necaxa,3,0,0.692,0.1746,0.1334,pinnacle,1.43,4.9,6.18,1.47,5.55,7.26
2023-05-01,León,Tigres,3,0,0.5279,0.2472,0.2249,pinnacle,1.83,3.71,3.95,2.05,4.0,4.33
2023-05-01,Querétaro,Pachuca,0,1,0.2325,0.2505,0.517,pinnacle,3.95,3.71,1.83,4.3,4.0,1.97
2023-05-07,Cruz Azul,Atlas,0,1,0.4478,0.2867,0.2655,pinnacle,2.08,3.25,3.57,2.17,3.42,3.88
2023-05-07,Pachuca,Santos,4,4,0.6055,0.2148,0.1797,pinnacle,1.58,4.18,5.02,1.65,4.51,5.46
2023-05-08,León,San Luis,1,3,0.6168,0.2196,0.1636,pinnacle,1.54,4.16,5.45,1.61,4.5,6.07
2023-05-08,Tigres,Puebla,1,0,0.692,0.186,0.122,pinnacle,1.4,4.7,7.0,1.47,5.21,7.94
2023-05-11,San Luis,América,1,3,0.2106,0.2379,0.5515,pinnacle,4.74,3.99,1.65,5.4,4.4,1.76
2023-05-11,Santos,Monterrey,0,0,0.2606,0.2558,0.4836,pinnacle,3.51,3.62,1.97,3.73,3.89,2.05
2023-05-12,Atlas,Guadalajara,1,0,0.3426,0.3243,0.3332,pinnacle,2.62,3.07,2.77,2.84,3.26,2.95
2023-05-12,Tigres,Toluca,4,1,0.4651,0.2641,0.2708,pinnacle,1.99,3.53,3.57,2.09,3.77,3.85
2023-05-14,América,San Luis,1,2,0.7246,0.1626,0.1128,pinnacle,1.31,5.52,8.05,1.35,6.0,8.9
2023-05-14,Monterrey,Santos,2,0,0.6143,0.2201,0.1656,pinnacle,1.55,4.2,5.36,1.62,4.75,5.86
2023-05-14,Toluca,Tigres,3,1,0.5358,0.2418,0.2224,pinnacle,1.86,3.76,3.81,2.08,4.01,4.5
2023-05-15,Guadalajara,Atlas,1,0,0.4357,0.2866,0.2776,pinnacle,2.19,3.32,3.21,2.36,3.45,3.52
2023-05-18,Tigres,Monterrey,1,1,0.3654,0.324,0.3106,pinnacle,2.58,2.95,2.91,2.84,3.15,3.13
2023-05-19,Guadalajara,América,0,1,0.3053,0.3112,0.3835,pinnacle,2.98,3.21,2.37,3.23,3.39,2.54
2023-05-21,Monterrey,Tigres,0,1,0.4569,0.3004,0.2427,pinnacle,2.04,3.17,3.79,2.14,3.34,4.17
2023-05-22,América,Guadalajara,1,3,0.5429,0.2473,0.2099,pinnacle,1.75,3.69,4.39,1.82,3.97,4.75
2023-05-26,Tigres,Guadalajara,0,0,0.5237,0.2875,0.1888,pinnacle,1.81,3.26,4.77,1.86,3.45,5.25
2023-05-29,Guadalajara,Tigres,2,3,0.3633,0.3323,0.3043,pinnacle,2.57,2.89,2.97,2.76,3.08,3.2
2023-07-01,América,Juárez,1,2,0.6588,0.2039,0.1374,pinnacle,1.44,4.51,6.61,1.5,4.9,7.5
2023-07-01,Mazatlán,Pachuca,1,1,0.2577,0.2752,0.4671,pinnacle,3.55,3.54,1.98,3.94,3.8,2.08
2023-07-01,Tijuana,Pumas,2,3,0.4832,0.2543,0.2625,pinnacle,1.95,3.59,3.6,2.05,3.86,4.0
2023-07-02,Atlas,Cruz Azul,2,0,0.5086,0.2706,0.2208,pinnacle,1.89,3.39,4.09,1.97,3.61,4.6
2023-07-02,San Luis,Monterrey,1,1,0.2674,0.2757,0.4569,pinnacle,3.5,3.42,2.04,3.82,3.62,2.14
2023-07-02,Tigres,Puebla,1,1,0.6457,0.2039,0.1504,pinnacle,1.47,4.48,6.08,1.51,4.9,6.87
2023-07-02,Toluca,Necaxa,0,0,0.5922,0.2228,0.185,pinnacle,1.57,4.16,5.2,1.65,4.83,6.4
2023-07-03,Santos,Querétaro,0,2,0.5787,0.2315,0.1899,pinnacle,1.66,3.94,4.68,1.74,4.2,5.12
2023-07-04,León,Guadalajara,1,2,0.5032,0.2775,0.2192,pinnacle,1.91,3.34,4.03,2.0,3.54,4.48
2023-07-08,Necaxa,Tijuana,1,1,0.4694,0.2722,0.2584,pinnacle,2.03,3.39,3.55,2.1,3.62,3.79
2023-07-08,Puebla,Santos,2,3,0.3588,0.2552,0.3859,pinnacle,2.6,3.59,2.47,2.72,3.84,2.6
2023-07-09,Cruz Azul,Toluca,0,2,0.3845,0.2717,0.3438,pinnacle,2.44,3.48,2.7,2.58,3.68,2.9
2023-07-09,Guadalajara,San Luis,3,1,0.4856,0.2728,0.2416,pinnacle,1.97,3.44,3.67,2.06,3.6,4.06
2023-07-09,Juárez,Tigres,1,1,0.2557,0.2793,0.465,pinnacle,3.53,3.33,2.05,3.8,3.53,2.15
2023-07-09,Pumas,Mazatlán,0,0,0.6673,0.1956,0.137,pinnacle,1.42,4.75,6.52,1.69,5.2,7.5
2023-07-10,Monterrey,Atlas,1,0,0.5003,0.2681,0.2316,pinnacle,1.89,3.47,3.94,1.97,3.65,4.23
2023-07-11,León,Pachuca,4,0,0.509,0.2545,0.2365,pinnacle,1.88,3.7,3.72,1.96,3.9,4.11
2023-07-14,Guadalajara,Necaxa,2,0,0.4321,0.3001,0.2678,pinnacle,2.17,3.15,3.39,2.25,3.41,3.87
2023-07-14,Santos,Atlas,0,0,0.4461,0.2679,0.286,pinnacle,2.17,3.44,3.13,2.34,3.63,3.4
2023-07-15,Mazatlán,Monterrey,0,3,0.2216,0.2623,0.5162,pinnacle,4.1,3.62,1.81,4.53,3.94,1.9
2023-07-15,Tijuana,Cruz Azul,2,1,0.4904,0.27,0.2397,pinnacle,2.04,3.4,3.48,2.16,3.6,4.01
2023-07-16,América,Puebla,3,0,0.6721,0.1924,0.1355,pinnacle,1.4,4.9,6.53,1.44,5.45,7.48
2023-07-16,San Luis,Querétaro,4,1,0.4717,0.2753,0.253,pinnacle,2.02,3.36,3.58,2.2,3.55,3.85
2023-07-16,Tigres,León,1,0,0.4762,0.264,0.2598,pinnacle,2.01,3.43,3.54,2.12,3.68,4.04
2023-07-16,Toluca,Juárez,2,4,0.6203,0.2122,0.1674,pinnacle,1.51,4.27,5.68,1.57,4.67,6.5
2023-07-17,Pachuca,Pumas,1,1,0.4676,0.2488,0.2836,pinnacle,1.96,3.65,3.44,2.05,3.89,3.85
2023-08-19,Juárez,Guadalajara,1,1,0.2449,0.2877,0.4674,pinnacle,3.58,3.2,2.08,3.97,3.4,2.48
2023-08-19,León,Mazatlán,2,1,0.7159,0.1714,0.1128,pinnacle,1.32,5.24,7.92,1.37,5.64,8.58
2023-08-19,Puebla,San Luis,1,2,0.3688,0.2509,0.3803,pinnacle,2.53,3.61,2.49,2.68,3.88,2.95
2023-08-19,Pumas,Toluca,1,1,0.3604,0.2595,0.3801,pinnacle,2.58,3.57,2.45,2.71,3.78,2.57
2023-08-21,América,Atlas,1,1,0.4583,0.264,0.2776,pinnacle,2.07,3.45,3.3,2.15,3.68,3.6
2023-08-21,Cruz Azul,Santos,2,2,0.4309,0.2676,0.3015,pinnacle,2.15,3.43,3.14,2.26,3.64,3.3
2023-08-21,Necaxa,Tigres,0,3,0.2159,0.2618,0.5223,pinnacle,4.15,3.49,1.83,4.73,3.71,1.88
2023-08-21,Querétaro,Pachuca,1,1,0.3213,0.2781,0.4006,pinnacle,2.87,3.38,2.33,3.1,3.53,2.43
2023-08-23,Guadalajara,Tijuana,1,0,0.5666,0.2392,0.1942,pinnacle,1.61,3.98,4.94,1.71,4.4,6.0
2023-08-23,Juárez,Pumas,4,1,0.3234,0.2742,0.4023,pinnacle,2.88,3.37,2.33,3.1,3.55,2.45
2023-08-23,Mazatlán,Puebla,1,0,0.5,0.2513,0.2487,pinnacle,1.84,3.81,3.73,1.94,4.05,4.0
2023-08-24,América,Necaxa,3,2,0.6837,0.1874,0.1289,pinnacle,1.39,4.72,7.04,1.42,5.18,8.07
2023-08-24,Pachuca,Cruz Azul,1,0,0.4288,0.2781,0.2932,pinnacle,2.22,3.35,3.1,2.3,3.51,3.34
2023-08-24,San Luis,León,3,0,0.2961,0.2583,0.4455,pinnacle,3.12,3.57,2.11,3.3,3.76,2.2
2023-08-26,Puebla,Juárez,1,0,0.4123,0.2718,0.3159,pinnacle,2.3,3.43,2.9,2.38,3.6,3.08
2023-08-26,Tijuana,Mazatlán,1,1,0.5113,0.2441,0.2447,pinnacle,1.86,3.76,3.74,1.95,4.0,4.01
2023-08-27,América,León,1,1,0.516,0.2366,0.2475,pinnacle,1.86,3.86,3.67,1.92,4.1,3.92
2023-08-27,Atlas,Toluca,0,0,0.4933,0.2613,0.2454,pinnacle,1.94,3.56,3.65,2.2,3.8,3.96
2023-08-27,Necaxa,Querétaro,0,1,0.3939,0.2913,0.3148,pinnacle,2.4,3.22,2.91,2.55,3.38,3.09
2023-08-27,Santos,Guadalajara,2,1,0.4235,0.2686,0.3079,pinnacle,2.23,3.41,3.01,2.33,3.61,3.17
2023-08-28,Monterrey,Cruz Azul,1,2,0.6179,0.2095,0.1726,pinnacle,1.56,4.25,5.15,1.6,4.63,5.91
2023-08-28,Pumas,Tigres,2,1,0.3139,0.2772,0.4089,pinnacle,2.9,3.32,2.35,3.23,3.51,2.6
2023-08-29,Pachuca,San Luis,0,2,0.4932,0.2441,0.2626,pinnacle,1.92,3.77,3.52,2.06,3.98,3.95
2023-08-31,Querétaro,Atlas,1,2,0.2608,0.3049,0.4343,pinnacle,3.46,3.09,2.18,3.78,3.26,2.25
2023-08-31,Tigres,Santos,3,2,0.5139,0.251,0.2352,pinnacle,1.85,3.7,3.81,1.9,4.0,4.13
2023-08-31,Toluca,Monterrey,1,0,0.4089,0.2496,0.3415,pinnacle,2.35,3.67,2.7,2.48,4.07,2.88
2023-09-02,Juárez,Mazatlán,3,1,0.4979,0.2575,0.2446,pinnacle,1.99,3.48,3.58,2.11,3.96,4.0
2023-09-02,Puebla,Tijuana,3,0,0.4715,0.2556,0.2729,pinnacle,2.01,3.64,3.37,2.11,3.8,3.75
2023-09-03,Cruz Azul,América,2,3,0.2829,0.247,0.4701,pinnacle,3.3,3.68,2.01,3.7,3.94,2.07
2023-09-03,León,Necaxa,1,1,0.6732,0.1995,0.1274,pinnacle,1.41,4.58,7.05,1.45,4.86,8.02
2023-09-03,Santos,Pumas,2,1,0.5165,0.2351,0.2484,pinnacle,1.86,3.85,3.65,1.91,4.13,3.91
2023-09-03,Tigres,Querétaro,5,0,0.6469,0.2225,0.1306,pinnacle,1.45,4.23,6.87,1.54,4.66,7.83
2023-09-03,Toluca,Pachuca,5,0,0.4289,0.2529,0.3182,pinnacle,2.19,3.6,2.94,2.27,3.85,3.28
2023-09-04,Guadalajara,Monterrey,1,2,0.3147,0.3039,0.3814,pinnacle,2.89,3.15,2.45,3.1,3.3,2.56
2023-09-04,San Luis,Atlas,2,0,0.3743,0.2958,0.3299,pinnacle,2.49,3.22,2.79,2.6,3.4,2.95
2023-09-16,Mazatlán,Cruz Azul,2,2,0.2732,0.2593,0.4675,pinnacle,3.32,3.51,2.06,3.56,3.75,2.18
2023-09-16,Tijuana,Toluca,2,1,0.3713,0.2587,0.3699,pinnacle,2.51,3.6,2.52,2.63,3.8,2.63
2023-09-17,América,Guadalajara,4,0,0.551,0.2449,0.2042,pinnacle,1.72,3.75,4.49,1.77,4.0,4.96
2023-09-17,Monterrey,León,3,1,0.5044,0.2522,0.2434,pinnacle,1.89,3.64,3.75,1.95,3.86,4.22
2023-09-17,Necaxa,Juárez,1,1,0.3222,0.2887,0.3892,pinnacle,2.88,3.22,2.42,3.08,3.37,2.5
2023-09-17,Pumas,San Luis,3,2,0.5004,0.2421,0.2575,pinnacle,1.91,3.71,3.58,2.01,4.01,3.8
2023-09-18,Atlas,Tigres,2,0,0.3063,0.3072,0.3865,pinnacle,2.94,3.09,2.45,3.21,3.25,2.63
2023-09-18,Querétaro,Puebla,1,1,0.4858,0.2537,0.2605,pinnacle,1.92,3.66,3.6,2.0,3.91,3.85
2023-09-19,Pachuca,Santos,3,2,0.4482,0.2488,0.303,pinnacle,2.14,3.68,3.0,2.27,3.91,3.21
2023-09-21,Querétaro,América,1,2,0.2052,0.2273,0.5675,pinnacle,4.51,3.98,1.67,5.04,4.27,1.76
2023-09-23,Juárez,Atlas,1,2,0.3551,0.3139,0.331,pinnacle,2.6,3.04,2.8,2.74,3.2,2.94
2023-09-23,Puebla,Pumas,0,2,0.2734,0.2339,0.4927,pinnacle,3.39,3.82,1.95,3.62,4.15,2.04
2023-09-23,San Luis,Mazatlán,3,2,0.6069,0.2172,0.1759,pinnacle,1.57,4.28,5.04,1.75,4.5,5.52
2023-09-24,Cruz Azul,Querétaro,1,3,0.5679,0.2398,0.1923,pinnacle,1.68,3.77,4.77,1.73,4.05,5.28
2023-09-24,Guadalajara,Pachuca,0,0,0.438,0.2826,0.2794,pinnacle,2.15,3.3,3.32,2.22,3.45,3.51
2023-09-24,León,Tijuana,1,0,0.6498,0.2001,0.1501,pinnacle,1.44,4.62,6.18,1.5,4.96,7.0
2023-09-24,Tigres,Monterrey,3,0,0.3805,0.2925,0.3269,pinnacle,2.41,3.19,2.87,2.56,3.35,3.03
2023-09-24,Toluca,América,1,1,0.3032,0.2398,0.457,pinnacle,2.97,3.69,2.16,3.29,4.06,2.37
2023-09-25,Santos,Necaxa,2,5,0.6693,0.1874,0.1434,pinnacle,1.4,4.85,6.54,1.45,5.2,7.5
2023-09-27,Guadalajara,Mazatlán,1,3,0.6641,0.2024,0.1335,pinnacle,1.44,4.47,6.5,1.49,4.79,7.26
2023-09-29,Atlas,Puebla,2,3,0.6205,0.2246,0.1549,pinnacle,1.53,4.16,5.65,1.62,4.5,6.25
2023-09-30,Querétaro,León,1,1,0.2913,0.2764,0.4324,pinnacle,3.19,3.37,2.17,3.44,3.52,2.28
2023-09-30,San Luis,Cruz Azul,1,2,0.3922,0.2702,0.3377,pinnacle,2.4,3.51,2.73,2.49,3.65,2.88
2023-09-30,Tijuana,Juárez,5,1,0.429,0.2951,0.2759,pinnacle,2.19,3.27,3.23,2.3,3.4,3.53
2023-10-01,América,Pumas,1,0,0.5517,0.2386,0.2097,pinnacle,1.72,3.92,4.29,1.77,4.15,4.75
2023-10-01,Mazatlán,Tigres,2,3,0.2502,0.2681,0.4818,pinnacle,3.58,3.54,1.96,4.0,3.68,2.08
2023-10-01,Pachuca,Necaxa,1,1,0.5556,0.2468,0.1976,pinnacle,1.72,3.75,4.48,1.79,3.98,4.92
2023-10-02,Toluca,Guadalajara,1,1,0.448,0.2693,0.2826,pinnacle,2.08,3.51,3.28,2.2,3.73,3.89
2023-10-04,América,Pachuca,4,0,0.6142,0.2191,0.1667,pinnacle,1.54,4.25,5.43,1.58,4.5,6.07
2023-10-04,Puebla,Monterrey,1,1,0.1989,0.2433,0.5578,pinnacle,4.38,3.86,1.71,5.0,4.0,1.81
2023-10-05,Necaxa,Cruz Azul,1,3,0.28,0.2722,0.4478,pinnacle,3.28,3.42,2.11,3.5,3.6,2.2
2023-10-05,Pumas,Querétaro,4,0,0.5299,0.2545,0.2155,pinnacle,1.82,3.62,4.08,1.91,3.9,4.59
2023-10-05,Santos,Tijuana,2,1,0.5784,0.2244,0.1971,pinnacle,1.63,4.14,4.6,1.68,4.33,4.93
2023-10-05,Tigres,Toluca,2,2,0.6181,0.2191,0.1628,pinnacle,1.54,4.2,5.47,1.73,4.5,6.0
2023-10-07,Mazatlán,América,1,2,0.1927,0.2187,0.5886,pinnacle,4.64,4.15,1.63,5.04,4.44,1.72
2023-10-08,Cruz Azul,Pumas,1,4,0.4155,0.2593,0.3252,pinnacle,2.28,3.6,2.83,2.47,3.75,3.14
2023-10-08,Guadalajara,Atlas,4,1,0.3757,0.3222,0.3022,pinnacle,2.43,3.0,3.07,2.59,3.2,3.28
2023-10-08,Monterrey,Juárez,3,1,0.6497,0.206,0.1443,pinnacle,1.45,4.44,6.35,1.51,4.7,6.87
2023-10-08,Pachuca,Tigres,1,1,0.3211,0.2702,0.4087,pinnacle,2.84,3.42,2.35,3.06,3.6,2.5
2023-10-08,Toluca,Querétaro,3,1,0.5962,0.2194,0.1844,pinnacle,1.61,4.11,4.83,1.67,4.43,5.27
2023-10-09,Necaxa,Puebla,1,2,0.4321,0.2642,0.3038,pinnacle,2.16,3.52,3.08,2.28,3.68,3.39
2023-10-09,Santos,León,0,2,0.4464,0.2397,0.3139,pinnacle,2.16,3.85,2.86,2.29,4.06,3.17
2023-10-09,Tijuana,San Luis,2,1,0.4958,0.2557,0.2485,pinnacle,1.92,3.67,3.57,2.01,3.8,3.91
2023-10-21,Atlas,Mazatlán,1,3,0.5584,0.2441,0.1975,pinnacle,1.66,3.96,4.78,1.76,4.39,5.5
2023-10-21,Juárez,Pachuca,0,1,0.3909,0.2846,0.3245,pinnacle,2.37,3.31,2.89,2.5,3.5,3.03
2023-10-21,Puebla,Guadalajara,0,2,0.2523,0.2691,0.4786,pinnacle,3.52,3.53,1.99,3.85,3.71,2.08
2023-10-22,América,Santos,4,3,0.7076,0.1716,0.1209,pinnacle,1.35,5.18,7.16,1.42,5.75,8.02
2023-10-22,León,Toluca,1,0,0.4887,0.2573,0.2539,pinnacle,1.93,3.68,3.55,2.0,3.9,3.85
2023-10-22,Pumas,Monterrey,0,1,0.4089,0.2711,0.3201,pinnacle,2.29,3.49,2.89,2.44,3.62,3.1
2023-10-22,Querétaro,Tijuana,1,0,0.4589,0.2796,0.2615,pinnacle,2.04,3.38,3.51,2.16,3.52,3.72
2023-10-22,Tigres,Cruz Azul,2,1,0.6107,0.2163,0.1731,pinnacle,1.58,4.12,5.07,1.71,4.49,5.75
2023-10-23,San Luis,Necaxa,4,0,0.5545,0.2355,0.21,pinnacle,1.72,3.93,4.25,1.8,4.12,4.78
2023-10-25,León,Atlas,1,1,0.5319,0.2624,0.2058,pinnacle,1.75,3.68,4.43,1.83,3.8,4.74
2023-10-26,Juárez,San Luis,3,2,0.3788,0.2735,0.3477,pinnacle,2.46,3.39,2.71,2.57,3.58,3.1
2023-10-26,Monterrey,Tijuana,3,1,0.6076,0.2185,0.1739,pinnacle,1.55,4.24,5.33,1.61,4.45,5.59
2023-10-28,Mazatlán,Querétaro,3,0,0.4187,0.2771,0.3042,pinnacle,2.25,3.38,3.01,2.33,3.53,3.21
2023-10-28,Necaxa,Pumas,1,0,0.2373,0.2451,0.5176,pinnacle,3.94,3.82,1.8,4.2,4.0,1.88
2023-10-29,Cruz Azul,León,1,0,0.4161,0.2728,0.3111,pinnacle,2.17,3.51,3.06,2.34,3.67,3.28
2023-10-29,Guadalajara,Tigres,0,4,0.3253,0.2992,0.3755,pinnacle,2.83,3.2,2.45,3.07,3.36,2.59
2023-10-29,Monterrey,América,0,3,0.4238,0.2581,0.3182,pinnacle,2.27,3.56,2.84,2.51,3.76,3.1
2023-10-29,Pachuca,Puebla,1,1,0.5779,0.2279,0.1942,pinnacle,1.58,4.19,4.93,1.69,4.6,5.5
2023-10-29,Toluca,San Luis,3,1,0.5776,0.2119,0.2105,pinnacle,1.64,4.25,4.4,1.75,4.58,4.76
2023-10-30,Santos,Juárez,5,1,0.5713,0.2243,0.2045,pinnacle,1.66,4.05,4.52,1.72,4.33,5.26
2023-10-30,Tijuana,Atlas,2,0,0.4786,0.2833,0.2381,pinnacle,2.01,3.29,3.71,2.25,3.47,4.41
2023-11-01,León,Pumas,1,1,0.5425,0.2398,0.2177,pinnacle,1.81,3.74,3.99,2.02,4.05,4.5
2023-11-01,Monterrey,Necaxa,3,0,0.7414,0.1635,0.095,pinnacle,1.28,5.4,9.34,1.34,5.94,10.7
2023-11-01,Querétaro,Guadalajara,1,2,0.3359,0.3034,0.3607,pinnacle,2.76,3.14,2.55,3.0,3.3,2.7
2023-11-01,Toluca,Puebla,0,1,0.6478,0.1967,0.1555,pinnacle,1.45,4.67,5.93,1.52,5.0,7.0
2023-11-02,Atlas,Pachuca,0,2,0.3938,0.2965,0.3097,pinnacle,2.37,3.2,2.96,2.57,3.36,3.14
2023-11-02,Cruz Azul,Juárez,2,0,0.587,0.2295,0.1834,pinnacle,1.63,3.94,4.89,1.69,4.22,5.28
2023-11-02,Mazatlán,Santos,3,1,0.329,0.2583,0.4127,pinnacle,2.77,3.5,2.36,3.0,3.77,2.47
2023-11-02,San Luis,América,0,1,0.2073,0.2338,0.5589,pinnacle,4.42,3.94,1.69,5.28,4.16,1.74
2023-11-02,Tijuana,Tigres,2,0,0.2917,0.2784,0.4299,pinnacle,3.18,3.27,2.22,3.67,3.5,2.3
2023-11-04,Puebla,León,5,4,0.2453,0.2435,0.5113,pinnacle,3.74,3.76,1.87,4.0,3.99,1.94
2023-11-04,Tigres,San Luis,2,2,0.6699,0.199,0.1311,pinnacle,1.43,4.57,6.58,1.54,4.88,7.41
2023-11-05,América,Tijuana,3,0,0.7115,0.1722,0.1163,pinnacle,1.34,5.17,7.59,1.39,5.62,8.43
2023-11-05,Guadalajara,Cruz Azul,1,0,0.4069,0.2794,0.3137,pinnacle,2.35,3.31,2.95,2.47,3.48,3.17
2023-11-05,Necaxa,Mazatlán,4,0,0.3719,0.2685,0.3596,pinnacle,2.5,3.45,2.63,2.62,3.66,2.87
2023-11-05,Pachuca,Monterrey,0,2,0.3486,0.2787,0.3727,pinnacle,2.65,3.42,2.51,2.85,3.5,2.75
2023-11-05,Pumas,Atlas,3,0,0.5166,0.2576,0.2258,pinnacle,1.84,3.6,4.04,1.9,3.77,4.32
2023-11-06,Juárez,Querétaro,0,3,0.5046,0.2618,0.2336,pinnacle,1.9,3.53,3.87,2.03,3.72,4.2
2023-11-06,Santos,Toluca,3,1,0.4668,0.2477,0.2856,pinnacle,2.12,3.75,3.02,2.21,3.97,3.4
2023-11-09,Monterrey,Santos,3,0,0.5486,0.2307,0.2207,pinnacle,1.72,4.01,4.2,1.79,4.21,4.5
2023-11-11,Atlas,Necaxa,0,0,0.5191,0.2568,0.2242,pinnacle,1.83,3.57,4.09,1.9,3.78,4.33
2023-11-11,Mazatlán,Toluca,1,0,0.305,0.2339,0.4611,pinnacle,3.03,3.84,2.07,3.19,4.16,2.17
2023-11-11,Querétaro,Monterrey,0,0,0.3524,0.2779,0.3698,pinnacle,2.66,3.39,2.49,2.89,3.6,2.63
2023-11-11,San Luis,Santos,0,2,0.4153,0.2376,0.3471,pinnacle,2.29,3.81,2.69,2.42,4.09,2.88
2023-11-11,Tijuana,Pachuca,2,3,0.4344,0.2733,0.2922,pinnacle,2.15,3.45,3.15,2.24,3.6,3.48
2023-11-12,Pumas,Guadalajara,1,0,0.5058,0.2496,0.2446,pinnacle,1.89,3.65,3.73,2.06,3.89,4.09
2023-11-12,Tigres,América,0,0,0.3685,0.2644,0.3671,pinnacle,2.45,3.47,2.67,2.66,3.69,2.88
2023-11-13,Cruz Azul,Puebla,1,2,0.5315,0.2283,0.2402,pinnacle,1.79,4.01,3.81,1.84,4.26,4.1
2023-11-13,León,Juárez,2,1,0.6876,0.1851,0.1273,pinnacle,1.38,4.83,6.94,1.43,5.2,7.56
2023-11-24,San Luis,León,3,2,0.3382,0.2783,0.3835,pinnacle,2.78,3.45,2.37,2.91,3.6,2.54
2023-11-24,Santos,Mazatlán,2,1,0.5892,0.2209,0.1899,pinnacle,1.61,4.18,4.76,1.66,4.47,5.12
2023-11-27,León,Santos,3,2,0.5521,0.2214,0.2265,pinnacle,1.68,4.15,4.21,1.74,4.39,4.62
2023-11-30,León,América,2,2,0.2899,0.2706,0.4395,pinnacle,3.12,3.44,2.18,3.49,3.6,2.27
2023-11-30,San Luis,Monterrey,1,0,0.2612,0.2825,0.4563,pinnacle,3.44,3.33,2.09,3.73,3.5,2.16
2023-12-01,Guadalajara,Pumas,1,0,0.4156,0.2904,0.294,avg,2.25,3.22,3.18,2.42,3.34,3.3
2023-12-01,Puebla,Tigres,2,2,0.2492,0.2603,0.4905,avg,3.76,3.6,1.91,3.96,3.7,1.96
2023-12-03,América,León,2,0,0.6208,0.2133,0.1659,pinnacle,1.52,4.32,5.59,1.61,4.57,6.25
2023-12-03,Monterrey,San Luis,1,1,0.6387,0.2106,0.1507,pinnacle,1.48,4.4,5.95,1.52,4.61,6.5
2023-12-04,Pumas,Guadalajara,3,0,0.491,0.2701,0.2389,pinnacle,1.98,3.4,3.67,2.15,3.6,4.07
2023-12-04,Tigres,Puebla,3,0,0.7131,0.1747,0.1121,pinnacle,1.35,4.95,7.81,1.42,5.55,8.8
2023-12-07,San Luis,América,0,5,0.2115,0.2463,0.5422,pinnacle,4.14,3.71,1.8,4.59,4.0,1.86
2023-12-08,Pumas,Tigres,0,1,0.3605,0.3255,0.314,pinnacle,2.56,2.96,2.94,2.7,3.19,3.1
2023-12-10,América,San Luis,0,2,0.6696,0.1915,0.1389,pinnacle,1.42,4.7,6.52,1.46,5.07,7.5
2023-12-11,Tigres,Pumas,1,1,0.5366,0.2563,0.2071,pinnacle,1.77,3.67,4.3,1.86,4.01,4.69
2023-12-15,Tigres,América,1,1,0.3389,0.3221,0.3389,pinnacle,2.72,2.97,2.73,2.9,3.12,2.87
2023-12-18,América,Tigres,0,0,0.5712,0.2667,0.1621,pinnacle,1.67,3.48,5.34,1.73,3.65,5.99
2024-01-13,Mazatlán,San Luis,0,1,0.3401,0.2956,0.3643,pinnacle,2.7,3.3,2.51,2.9,3.54,2.67
2024-01-13,Querétaro,Toluca,2,2,0.2827,0.2869,0.4304,pinnacle,3.19,3.31,2.19,3.47,3.47,2.26
2024-01-14,Cruz Azul,Pachuca,0,1,0.4888,0.2546,0.2566,pinnacle,2.04,3.54,3.35,2.16,3.82,3.79
2024-01-14,Guadalajara,Santos,1,1,0.4743,0.2731,0.2526,pinnacle,1.99,3.48,3.55,2.05,3.74,3.85
2024-01-14,Monterrey,Puebla,2,0,0.7037,0.1798,0.1164,pinnacle,1.34,5.01,7.85,1.39,5.4,8.5
2024-01-14,Pumas,Juárez,1,0,0.6032,0.2243,0.1725,pinnacle,1.58,4.06,5.08,1.63,4.33,5.63
2024-01-14,Tijuana,América,0,2,0.3954,0.2948,0.3098,pinnacle,2.41,3.23,2.86,2.6,3.5,3.14
2024-01-15,Necaxa,Atlas,2,1,0.3039,0.3272,0.369,pinnacle,2.96,2.97,2.51,3.23,3.16,2.73
2024-01-18,León,Tigres,1,2,0.3861,0.2939,0.32,pinnacle,2.41,3.25,2.86,2.52,3.4,3.04
2024-01-20,Juárez,Cruz Azul,0,0,0.295,0.2977,0.4073,pinnacle,3.04,3.19,2.33,3.3,3.4,2.47
2024-01-20,Puebla,Necaxa,1,2,0.4139,0.2803,0.3058,pinnacle,2.27,3.4,2.97,2.38,3.54,3.28
2024-01-20,San Luis,Pumas,3,1,0.3347,0.3006,0.3648,pinnacle,2.72,3.23,2.55,2.91,3.4,2.67
2024-01-20,Toluca,Mazatlán,4,1,0.663,0.1932,0.1438,pinnacle,1.41,4.73,6.67,1.51,5.2,7.5
2024-01-21,América,Querétaro,2,0,0.6834,0.1895,0.127,pinnacle,1.38,4.7,7.42,1.42,5.12,9.07
2024-01-21,Atlas,Tijuana,0,0,0.3658,0.3099,0.3243,pinnacle,2.41,3.12,2.98,2.66,3.22,3.36
2024-01-22,Santos,Monterrey,0,2,0.3004,0.2888,0.4107,pinnacle,2.96,3.29,2.33,3.24,3.52,2.41
2024-01-22,Tigres,Guadalajara,1,0,0.5417,0.2678,0.1905,pinnacle,1.77,3.43,4.63,1.88,3.65,5.1
2024-01-25,Juárez,América,0,2,0.1995,0.2422,0.5583,pinnacle,4.82,3.86,1.65,5.25,4.11,1.74
2024-01-25,Monterrey,Querétaro,1,1,0.6824,0.2019,0.1158,pinnacle,1.41,4.47,7.3,1.47,4.8,8.5
2024-01-25,San Luis,Tigres,1,2,0.3242,0.2852,0.3906,pinnacle,2.94,3.29,2.35,3.29,3.42,2.55
2024-01-27,Cruz Azul,Mazatlán,2,1,0.6299,0.2082,0.1619,pinnacle,1.5,4.36,5.74,1.54,4.66,6.0
2024-01-27,León,Santos,3,2,0.5365,0.2398,0.2237,pinnacle,1.78,3.89,4.02,1.85,4.05,4.41
2024-01-27,Puebla,Toluca,1,1,0.2772,0.2462,0.4766,pinnacle,3.34,3.88,1.96,3.5,4.2,2.06
2024-01-27,Tijuana,Guadalajara,1,1,0.3922,0.2921,0.3158,pinnacle,2.44,3.19,2.9,2.66,3.33,3.08
2024-01-28,Monterrey,San Luis,3,1,0.6261,0.2156,0.1583,pinnacle,1.49,4.32,6.0,1.55,4.55,7.0
2024-01-28,Necaxa,América,0,0,0.1725,0.2436,0.584,pinnacle,5.05,3.8,1.65,5.81,3.98,1.71
2024-01-28,Pumas,Pachuca,3,1,0.4786,0.2691,0.2523,pinnacle,2.02,3.47,3.52,2.12,3.66,3.85
2024-01-29,Atlas,Juárez,2,1,0.4883,0.2883,0.2234,pinnacle,1.91,3.36,4.05,2.0,3.5,4.36
2024-01-29,Querétaro,Tigres,1,1,0.1919,0.2785,0.5296,pinnacle,4.45,3.27,1.85,5.05,3.48,1.96
2024-01-31,Cruz Azul,Tijuana,1,0,0.6381,0.2184,0.1435,pinnacle,1.53,4.19,5.62,1.58,4.44,6.76
2024-01-31,Guadalajara,Toluca,3,2,0.4378,0.2746,0.2876,pinnacle,2.15,3.44,3.21,2.25,3.62,3.52
2024-01-31,Mazatlán,León,2,2,0.2902,0.2778,0.4321,pinnacle,3.15,3.46,2.17,3.47,3.6,2.25
2024-01-31,Santos,Puebla,3,0,0.5518,0.2352,0.213,pinnacle,1.71,3.95,4.32,1.76,4.13,4.59
2024-02-01,Pachuca,Atlas,4,3,0.5001,0.2695,0.2304,pinnacle,1.91,3.46,3.91,2.0,3.64,4.22
2024-02-01,Pumas,Necaxa,2,2,0.5712,0.2428,0.186,pinnacle,1.65,3.85,4.95,1.71,4.1,5.36
2024-02-03,Juárez,Necaxa,2,2,0.434,0.2851,0.281,pinnacle,2.13,3.31,3.34,2.24,3.5,3.6
2024-02-03,Puebla,Mazatlán,3,2,0.4981,0.2523,0.2497,pinnacle,1.92,3.7,3.6,1.99,3.86,3.9
2024-02-03,Querétaro,Cruz Azul,1,3,0.2335,0.2798,0.4868,pinnacle,3.97,3.33,1.94,4.33,3.5,2.05
2024-02-03,Toluca,León,4,1,0.4677,0.2672,0.2651,pinnacle,2.06,3.48,3.39,2.36,3.7,3.75
2024-02-04,América,Monterrey,1,1,0.5344,0.2657,0.1998,pinnacle,1.77,3.58,4.42,1.87,3.8,4.9
2024-02-04,Pachuca,Tijuana,3,2,0.6378,0.2169,0.1453,pinnacle,1.49,4.3,6.0,1.53,4.54,7.0
2024-02-04,Tigres,Pumas,2,2,0.5551,0.2491,0.1958,pinnacle,1.74,3.69,4.5,1.8,4.0,4.96
2024-02-05,Atlas,Santos,3,0,0.4286,0.2845,0.287,pinnacle,2.23,3.27,3.18,2.38,3.42,3.4
2024-02-05,San Luis,Guadalajara,0,2,0.3106,0.2843,0.4051,pinnacle,2.97,3.27,2.35,3.15,3.42,2.54
2024-02-08,Pachuca,León,3,2,0.4144,0.2611,0.3246,pinnacle,2.25,3.57,2.89,2.35,3.73,3.09
2024-02-10,Guadalajara,Juárez,2,1,0.6426,0.219,0.1384,pinnacle,1.47,4.29,6.39,1.57,4.5,7.01
2024-02-10,Mazatlán,Atlas,2,0,0.3563,0.2975,0.3462,pinnacle,2.6,3.24,2.66,2.73,3.4,2.81
2024-02-10,Necaxa,Toluca,3,3,0.2667,0.2562,0.4772,pinnacle,3.44,3.64,1.98,3.75,3.8,2.08
2024-02-10,Tijuana,Querétaro,1,1,0.5586,0.2406,0.2008,pinnacle,1.73,3.75,4.5,1.77,4.04,4.84
2024-02-11,Cruz Azul,San Luis,3,0,0.5913,0.2271,0.1816,pinnacle,1.61,4.12,4.91,1.68,4.27,5.34
2024-02-11,León,América,0,1,0.2983,0.2694,0.4323,pinnacle,3.27,3.55,2.09,3.6,3.75,2.25
2024-02-11,Monterrey,Pachuca,3,2,0.563,0.2273,0.2096,pinnacle,1.7,3.97,4.38,1.75,4.26,4.75
2024-02-11,Pumas,Puebla,3,0,0.5713,0.2352,0.1935,pinnacle,1.64,4.04,4.68,1.7,4.25,5.02
2024-02-11,Santos,Tigres,0,3,0.2709,0.2724,0.4566,pinnacle,3.32,3.45,2.09,3.59,3.58,2.2
2024-02-15,Atlas,Pumas,0,0,0.3151,0.3161,0.3688,pinnacle,2.87,3.08,2.52,3.09,3.2,2.67
2024-02-17,Mazatlán,Guadalajara,2,2,0.2572,0.2686,0.4742,pinnacle,3.62,3.47,1.97,3.86,3.62,2.05
2024-02-17,Querétaro,Necaxa,1,1,0.3391,0.3004,0.3605,pinnacle,2.69,3.15,2.62,2.87,3.25,2.75
2024-02-17,San Luis,Tijuana,3,3,0.4484,0.2703,0.2812,pinnacle,2.07,3.54,3.28,2.18,3.66,3.47
2024-02-18,Atlas,León,0,1,0.3524,0.2886,0.3589,pinnacle,2.61,3.26,2.64,2.76,3.4,2.73
2024-02-18,Cruz Azul,Tigres,1,0,0.4021,0.2948,0.3031,pinnacle,2.33,3.25,2.99,2.43,3.4,3.21
2024-02-18,Pachuca,América,2,1,0.2539,0.2437,0.5025,pinnacle,3.49,3.75,1.94,3.86,4.0,2.12
2024-02-19,Monterrey,Toluca,0,0,0.5622,0.2383,0.1995,pinnacle,1.68,3.94,4.45,1.77,4.14,5.0
2024-02-19,Pumas,Santos,3,0,0.5995,0.228,0.1725,pinnacle,1.59,4.02,5.19,1.65,4.26,5.63
2024-02-21,Necaxa,Guadalajara,1,0,0.2577,0.2841,0.4582,pinnacle,3.53,3.31,2.07,3.77,3.45,2.14
2024-02-21,Puebla,Pachuca,1,4,0.2375,0.2329,0.5295,pinnacle,3.89,3.97,1.79,4.11,4.16,1.85
2024-02-22,América,Mazatlán,2,2,0.7782,0.1411,0.0807,pinnacle,1.21,6.32,11.59,1.25,6.84,13.0
2024-02-22,León,Cruz Azul,2,3,0.3471,0.2641,0.3888,pinnacle,2.7,3.56,2.4,2.87,3.68,2.5
2024-02-22,Toluca,Santos,1,0,0.6517,0.1954,0.1529,pinnacle,1.47,4.69,5.75,1.5,4.97,6.35
2024-02-24,Juárez,Monterrey,0,3,0.2019,0.2433,0.5548,pinnacle,4.56,3.76,1.72,5.0,3.99,1.79
2024-02-24,León,San Luis,1,0,0.4784,0.2496,0.272,pinnacle,1.96,3.72,3.43,2.03,3.89,3.68
2024-02-24,Necaxa,Pachuca,1,1,0.3119,0.2703,0.4177,pinnacle,2.95,3.51,2.26,3.12,3.65,2.37
2024-02-24,Puebla,Querétaro,0,2,0.4421,0.2709,0.2869,pinnacle,2.17,3.41,3.17,2.25,3.6,3.4
2024-02-25,América,Cruz Azul,1,0,0.4743,0.265,0.2607,pinnacle,2.0,3.56,3.48,2.11,3.75,3.73
2024-02-25,Guadalajara,Pumas,3,1,0.4438,0.2777,0.2785,pinnacle,2.12,3.4,3.31,2.2,3.5,3.5
2024-02-25,Tigres,Atlas,1,1,0.6173,0.2393,0.1434,pinnacle,1.54,3.89,6.03,1.62,4.2,6.76
2024-02-25,Toluca,Tijuana,2,0,0.6809,0.1907,0.1284,pinnacle,1.44,4.61,6.39,1.51,5.07,7.53
2024-02-26,Santos,Mazatlán,1,0,0.4692,0.2654,0.2654,pinnacle,2.01,3.59,3.4,2.08,3.75,3.66
2024-02-28,Querétaro,San Luis,4,1,0.3578,0.2871,0.3552,pinnacle,2.61,3.29,2.62,2.72,3.4,2.74
2024-02-29,Tigres,Juárez,1,0,0.6978,0.1917,0.1105,pinnacle,1.37,4.69,7.92,1.4,5.06,9.0
2024-02-29,Tijuana,Monterrey,1,1,0.242,0.2717,0.4863,pinnacle,3.71,3.51,1.95,4.02,3.63,2.02
2024-03-02,Mazatlán,Necaxa,2,1,0.4441,0.2886,0.2672,pinnacle,2.13,3.25,3.41,2.23,3.37,3.64
2024-03-02,Querétaro,Santos,0,1,0.386,0.3012,0.3128,pinnacle,2.46,3.15,2.9,2.6,3.25,3.11
2024-03-02,San Luis,Puebla,4,0,0.5332,0.2432,0.2236,pinnacle,1.78,3.83,4.03,1.84,4.0,4.34
2024-03-02,Toluca,Tigres,2,1,0.4957,0.2633,0.2411,pinnacle,1.92,3.52,3.78,1.98,3.69,4.03
2024-03-03,Atlas,América,1,5,0.2272,0.2702,0.5026,pinnacle,3.9,3.5,1.9,4.27,3.7,2.02
2024-03-03,Cruz Azul,Guadalajara,3,0,0.5091,0.2572,0.2337,pinnacle,1.9,3.61,3.74,2.0,3.83,4.16
2024-03-03,Pachuca,Juárez,3,2,0.6509,0.2055,0.1437,pinnacle,1.44,4.56,6.45,1.5,4.9,7.1
2024-03-04,Monterrey,Pumas,3,0,0.5734,0.2417,0.1849,pinnacle,1.66,3.85,4.79,1.74,4.01,5.35
2024-03-04,Tijuana,León,1,1,0.4196,0.2653,0.3151,pinnacle,2.26,3.5,2.92,2.35,3.67,3.1
2024-03-09,Guadalajara,León,1,2,0.4833,0.2669,0.2497,pinnacle,1.94,3.56,3.67,2.06,3.7,3.95
2024-03-09,Juárez,Toluca,1,1,0.2539,0.26,0.4862,pinnacle,3.67,3.63,1.93,3.95,3.75,2.0
2024-03-09,Necaxa,San Luis,3,1,0.3537,0.2886,0.3576,pinnacle,2.63,3.27,2.62,2.75,3.38,2.74
2024-03-09,Puebla,Atlas,2,2,0.2886,0.2903,0.4211,pinnacle,3.11,3.36,2.22,3.37,3.5,2.33
2024-03-10,América,Tigres,2,0,0.5414,0.2655,0.1931,pinnacle,1.77,3.51,4.52,1.83,3.7,5.02
2024-03-10,Pachuca,Querétaro,1,2,0.4611,0.256,0.2828,pinnacle,2.05,3.63,3.28,2.12,3.8,3.55
2024-03-10,Pumas,Tijuana,3,3,0.5946,0.2291,0.1762,pinnacle,1.61,4.02,5.05,1.65,4.23,5.5
2024-03-10,Santos,Cruz Azul,3,0,0.2165,0.2475,0.536,pinnacle,4.26,3.76,1.76,4.61,4.0,1.86
2024-03-11,Monterrey,Mazatlán,2,1,0.6886,0.1908,0.1206,pinnacle,1.39,4.75,7.3,1.43,5.09,9.3
2024-03-16,Cruz Azul,Necaxa,1,2,0.6784,0.2006,0.121,pinnacle,1.38,4.67,7.47,1.44,5.01,8.08
2024-03-16,Querétaro,Juárez,1,0,0.4698,0.2802,0.25,pinnacle,1.96,3.41,3.81,2.09,3.59,4.05
2024-03-16,Tijuana,Santos,2,2,0.5278,0.2583,0.2139,pinnacle,1.83,3.58,4.11,1.9,3.8,4.54
2024-03-17,Atlas,Monterrey,1,2,0.2555,0.2854,0.4591,pinnacle,3.52,3.34,2.06,3.81,3.53,2.14
2024-03-17,Guadalajara,América,0,0,0.2552,0.2657,0.4791,pinnacle,3.58,3.47,2.0,3.92,3.68,2.1
2024-03-17,León,Puebla,2,1,0.6325,0.2072,0.1602,pinnacle,1.49,4.47,5.61,1.57,4.75,6.04
2024-03-17,Tigres,Mazatlán,5,1,0.5985,0.2271,0.1744,pinnacle,1.59,4.05,5.26,1.65,4.33,6.0
2024-03-18,San Luis,Pachuca,2,1,0.2671,0.2586,0.4743,pinnacle,3.39,3.59,2.02,3.64,3.76,2.15
2024-03-18,Toluca,Pumas,3,0,0.5391,0.2438,0.2171,pinnacle,1.77,3.79,4.15,1.82,3.98,4.5
2024-03-24,Juárez,Puebla,4,3,0.4781,0.2522,0.2698,pinnacle,1.97,3.69,3.45,2.04,3.85,3.75
2024-03-30,América,San Luis,2,1,0.6469,0.2025,0.1506,pinnacle,1.5,4.47,5.6,1.57,5.0,6.4
2024-03-30,Mazatlán,Tijuana,2,0,0.4136,0.2561,0.3303,pinnacle,2.26,3.61,2.87,2.36,3.8,3.0
2024-03-30,Puebla,Tigres,2,3,0.2151,0.2452,0.5397,pinnacle,4.18,3.85,1.76,4.49,4.2,1.83
2024-03-31,Monterrey,Guadalajara,0,2,0.5282,0.2571,0.2148,pinnacle,1.76,3.67,4.37,1.83,3.85,4.88
2024-03-31,Pachuca,Toluca,2,3,0.4246,0.2631,0.3123,pinnacle,2.21,3.62,2.92,2.31,3.8,3.1
2024-03-31,Pumas,Cruz Azul,0,0,0.3026,0.269,0.4284,pinnacle,3.08,3.51,2.16,3.22,3.75,2.27
2024-04-01,Atlas,Querétaro,2,3,0.4605,0.2836,0.2559,pinnacle,2.07,3.27,3.57,2.15,3.42,3.85
2024-04-01,Juárez,Santos,2,1,0.4237,0.2744,0.3019,pinnacle,2.24,3.42,3.02,2.35,3.55,3.2
2024-04-01,Necaxa,León,1,2,0.3495,0.2782,0.3723,pinnacle,2.7,3.45,2.46,2.81,3.65,2.6
2024-04-06,Mazatlán,Pumas,0,4,0.381,0.2757,0.3432,pinnacle,2.46,3.44,2.7,2.64,3.6,2.88
2024-04-06,Tijuana,Necaxa,2,3,0.5513,0.2371,0.2116,pinnacle,1.76,3.81,4.21,1.85,4.07,4.7
2024-04-07,Cruz Azul,Monterrey,2,1,0.4877,0.2589,0.2534,pinnacle,1.94,3.56,3.63,2.01,3.74,3.83
2024-04-07,Guadalajara,Puebla,3,2,0.7018,0.1801,0.1181,pinnacle,1.33,5.17,8.09,1.4,5.7,9.5
2024-04-07,León,Querétaro,0,2,0.5109,0.2575,0.2316,pinnacle,1.84,3.72,3.89,1.94,3.91,4.2
2024-04-07,Santos,América,1,1,0.1753,0.2369,0.5878,pinnacle,4.85,3.88,1.65,5.75,4.07,1.74
2024-04-07,Tigres,Pachuca,0,3,0.384,0.2666,0.3494,pinnacle,2.42,3.5,2.7,2.52,3.65,2.84
2024-04-07,Toluca,Atlas,4,1,0.6567,0.199,0.1443,pinnacle,1.46,4.53,6.08,1.5,4.85,6.69
2024-04-08,San Luis,Juárez,2,3,0.5164,0.2451,0.2385,pinnacle,1.8,3.78,4.05,1.94,4.0,4.75
2024-04-13,Necaxa,Santos,2,0,0.4783,0.2777,0.244,pinnacle,2.01,3.38,3.64,2.13,3.5,3.96
2024-04-13,Puebla,Cruz Azul,0,1,0.1595,0.193,0.6476,pinnacle,5.85,4.77,1.45,6.5,5.0,1.5
2024-04-13,Querétaro,Mazatlán,0,2,0.4906,0.2544,0.255,pinnacle,1.9,3.63,3.73,1.99,3.81,4.1
2024-04-14,América,Toluca,5,1,0.5492,0.2429,0.2079,pinnacle,1.73,3.81,4.41,1.79,4.0,5.36
2024-04-14,Monterrey,Tigres,3,3,0.4516,0.2785,0.2699,pinnacle,2.1,3.34,3.39,2.2,3.5,3.6
2024-04-14,Pachuca,Guadalajara,0,1,0.4579,0.2676,0.2745,pinnacle,2.09,3.49,3.3,2.15,3.61,3.6
2024-04-15,Atlas,San Luis,2,1,0.4034,0.275,0.3216,pinnacle,2.32,3.46,2.87,2.47,3.6,3.03
2024-04-15,Juárez,Tijuana,0,1,0.4035,0.2831,0.3134,pinnacle,2.33,3.32,2.95,2.41,3.42,3.2
2024-04-15,Pumas,León,1,0,0.4839,0.245,0.2711,pinnacle,1.94,3.75,3.48,2.0,3.95,3.8
2024-04-20,Mazatlán,Juárez,0,2,0.4653,0.2534,0.2813,pinnacle,2.02,3.63,3.34,2.13,3.82,3.55
2024-04-20,San Luis,Toluca,1,5,0.251,0.2279,0.5211,pinnacle,3.8,3.98,1.8,4.11,4.23,1.89
2024-04-20,Tijuana,Puebla,3,1,0.6517,0.1985,0.1498,pinnacle,1.51,4.45,5.54,1.56,4.86,6.44
2024-04-21,Guadalajara,Querétaro,2,0,0.6132,0.2213,0.1654,pinnacle,1.56,4.09,5.46,1.61,4.37,6.0
2024-04-21,León,Monterrey,2,0,0.3293,0.2638,0.4068,pinnacle,2.8,3.46,2.36,2.97,3.67,2.55
2024-04-21,Pumas,América,2,1,0.2659,0.2527,0.4815,pinnacle,3.49,3.57,1.99,3.81,3.83,2.07
2024-04-21,Santos,Pachuca,0,2,0.3561,0.264,0.3799,pinnacle,2.62,3.5,2.47,2.8,3.68,2.61
2024-04-21,Tigres,Necaxa,5,2,0.6132,0.2188,0.168,pinnacle,1.58,4.11,5.19,1.66,4.4,5.9
2024-04-22,Cruz Azul,Atlas,2,2,0.7044,0.18,0.1156,pinnacle,1.35,4.93,7.77,1.39,5.36,8.5
2024-04-27,Puebla,América,1,2,0.1498,0.1825,0.6678,pinnacle,6.09,4.83,1.42,6.61,5.27,1.47
2024-04-27,Querétaro,Pumas,1,1,0.2796,0.2788,0.4417,pinnacle,3.17,3.34,2.19,3.52,3.5,2.8
2024-04-28,Atlas,Guadalajara,0,1,0.2543,0.2577,0.488,pinnacle,3.73,3.49,1.93,4.16,3.75,1.98
2024-04-28,Juárez,León,1,1,0.337,0.2532,0.4098,pinnacle,2.81,3.55,2.3,3.08,3.82,2.4
2024-04-28,Pachuca,Mazatlán,1,1,0.5986,0.2109,0.1905,pinnacle,1.56,4.36,4.86,1.61,4.6,5.25
2024-04-28,Tigres,Tijuana,4,1,0.6216,0.2072,0.1711,pinnacle,1.5,4.36,5.57,1.55,4.65,6.0
2024-04-28,Toluca,Cruz Azul,0,1,0.3586,0.2719,0.3695,pinnacle,2.54,3.45,2.56,2.7,3.6,2.8
2024-04-29,Necaxa,Monterrey,2,5,0.2943,0.2735,0.4322,pinnacle,3.14,3.39,2.17,3.35,3.54,2.24
2024-04-29,Santos,San Luis,0,3,0.4415,0.2592,0.2993,pinnacle,2.12,3.49,3.15,2.19,3.73,3.36
2024-05-03,Necaxa,Querétaro,1,1,0.4185,0.2903,0.2912,pinnacle,2.23,3.27,3.17,2.31,3.4,3.39
2024-05-03,Pachuca,Pumas,0,0,0.375,0.2718,0.3531,pinnacle,2.49,3.43,2.63,2.6,3.6,2.74
2024-05-06,Pachuca,Necaxa,2,1,0.606,0.2246,0.1693,pinnacle,1.56,4.13,5.34,1.6,4.33,6.02
2024-05-09,Guadalajara,Toluca,1,0,0.3951,0.3015,0.3034,pinnacle,2.39,3.22,2.93,2.48,3.4,3.19
2024-05-09,Pachuca,América,1,1,0.3014,0.2725,0.4261,pinnacle,3.15,3.45,2.15,3.31,3.6,2.27
2024-05-10,Pumas,Cruz Azul,0,2,0.3361,0.2903,0.3736,avg,2.79,3.23,2.51,3.0,3.35,2.63
2024-05-10,Tigres,Monterrey,1,2,0.3581,0.2852,0.3567,avg,2.62,3.29,2.63,2.78,3.4,2.77
2024-05-12,América,Pachuca,1,1,0.4653,0.2574,0.2773,pinnacle,1.97,3.64,3.49,2.08,4.23,4.25
2024-05-12,Toluca,Guadalajara,0,0,0.5212,0.2492,0.2296,pinnacle,1.81,3.74,4.03,1.95,3.87,4.25
2024-05-13,Cruz Azul,Pumas,2,2,0.4854,0.2362,0.2784,pinnacle,1.96,3.83,3.38,2.05,4.09,3.85
2024-05-13,Monterrey,Tigres,1,1,0.3922,0.2816,0.3262,pinnacle,2.35,3.4,2.89,2.47,3.58,3.26
2024-05-16,Guadalajara,América,0,0,0.2779,0.3089,0.4132,pinnacle,3.26,3.09,2.28,3.48,3.26,2.38
2024-05-17,Monterrey,Cruz Azul,0,1,0.4376,0.2771,0.2853,pinnacle,2.09,3.27,3.41,2.15,3.39,3.6
2024-05-19,América,Guadalajara,1,0,0.5213,0.2635,0.2153,pinnacle,1.83,3.51,4.24,1.87,3.7,4.48
2024-05-20,Cruz Azul,Monterrey,1,2,0.4085,0.2831,0.3084,pinnacle,2.27,3.35,3.05,2.42,3.45,3.28
2024-05-24,Cruz Azul,América,1,1,0.3015,0.2969,0.4016,pinnacle,3.12,3.17,2.33,3.28,3.3,2.41
2024-05-27,América,Cruz Azul,1,0,0.513,0.2717,0.2153,pinnacle,1.85,3.41,4.28,1.93,3.55,4.66
2024-07-05,Puebla,Santos,1,0,0.5137,0.2575,0.2288,pinnacle,1.89,3.67,3.75,2.0,3.95,4.22
2024-07-06,Juárez,Atlas,2,2,0.436,0.275,0.289,pinnacle,2.16,3.41,3.19,2.28,3.55,3.35
2024-07-06,Querétaro,Tijuana,1,2,0.3385,0.2961,0.3654,pinnacle,2.62,3.15,2.7,2.95,3.27,2.9
2024-07-07,Cruz Azul,Mazatlán,1,0,0.7199,0.1726,0.1075,pinnacle,1.32,5.15,8.33,1.36,5.59,9.0
2024-07-07,Guadalajara,Toluca,0,0,0.3951,0.2864,0.3184,pinnacle,2.35,3.35,2.89,2.45,3.5,3.04
2024-07-07,Pumas,León,4,1,0.4319,0.2695,0.2986,pinnacle,2.12,3.51,3.2,2.24,3.7,3.35
2024-07-07,San Luis,América,2,1,0.2069,0.2422,0.5509,pinnacle,4.38,3.78,1.73,4.66,3.98,1.77
2024-07-07,Tigres,Necaxa,1,0,0.6742,0.1952,0.1306,pinnacle,1.41,4.65,6.98,1.45,4.94,7.5
2024-07-08,Pachuca,Monterrey,0,1,0.377,0.2945,0.3285,pinnacle,2.43,3.25,2.86,2.57,3.4,3.1
2024-07-13,América,Querétaro,3,1,0.6839,0.1862,0.13,pinnacle,1.38,4.86,7.14,1.42,5.5,7.81
2024-07-13,Atlas,Tigres,1,1,0.233,0.2611,0.5059,pinnacle,3.79,3.52,1.94,4.19,3.74,2.12
2024-07-13,Mazatlán,San Luis,2,2,0.4191,0.2645,0.3164,pinnacle,2.27,3.47,2.95,2.34,3.66,3.1
2024-07-13,Tijuana,Guadalajara,4,2,0.419,0.2988,0.2822,pinnacle,2.27,3.18,3.21,2.33,3.26,3.43
2024-07-14,León,Pachuca,0,0,0.2852,0.2671,0.4477,pinnacle,3.17,3.52,2.14,3.39,3.65,2.2
2024-07-14,Monterrey,Cruz Azul,0,4,0.4433,0.2868,0.2699,pinnacle,2.11,3.27,3.47,2.21,3.38,3.7
2024-07-14,Necaxa,Puebla,4,1,0.4695,0.2572,0.2732,pinnacle,2.0,3.66,3.4,2.11,3.77,3.75
2024-07-14,Santos,Pumas,1,1,0.2475,0.2805,0.472,pinnacle,3.74,3.36,1.99,3.98,3.55,2.08
2024-07-14,Toluca,Juárez,3,2,0.6772,0.1916,0.1312,pinnacle,1.39,4.83,7.04,1.43,5.15,8.0
2024-07-17,Atlas,Santos,1,0,0.5419,0.2525,0.2057,pinnacle,1.76,3.7,4.38,1.8,3.82,4.69
2024-07-17,Cruz Azul,Tijuana,3,0,0.6639,0.1968,0.1393,pinnacle,1.4,4.75,6.96,1.47,5.1,8.0
2024-07-17,Pachuca,San Luis,2,0,0.549,0.2368,0.2142,pinnacle,1.73,3.95,4.26,1.81,4.08,4.59
2024-07-17,Puebla,León,2,2,0.3226,0.2637,0.4136,pinnacle,2.89,3.58,2.26,3.0,3.68,2.38
2024-07-17,Querétaro,Guadalajara,0,2,0.2655,0.2911,0.4434,pinnacle,3.56,3.23,2.1,3.75,3.34,2.2
2024-07-18,Juárez,Pumas,1,2,0.2943,0.2735,0.4322,pinnacle,3.13,3.46,2.17,3.29,3.58,2.28
2024-07-18,Necaxa,Monterrey,0,1,0.3556,0.278,0.3664,pinnacle,2.65,3.37,2.54,2.76,3.48,2.64
2024-07-18,Tigres,América,1,0,0.4304,0.2848,0.2848,pinnacle,2.15,3.35,3.29,2.25,3.4,3.6
2024-07-18,Toluca,Mazatlán,3,0,0.7724,0.1353,0.0924,pinnacle,1.23,6.47,10.45,1.25,7.2,12.0
2024-07-20,Puebla,Atlas,1,2,0.3131,0.2854,0.4015,pinnacle,2.98,3.34,2.31,3.1,3.43,2.44
2024-07-20,San Luis,Tijuana,1,1,0.4118,0.2601,0.328,pinnacle,2.3,3.62,2.82,2.4,3.74,2.95
2024-07-21,Cruz Azul,Toluca,1,1,0.4856,0.2504,0.264,pinnacle,1.94,3.79,3.47,2.03,4.04,3.71
2024-07-21,Guadalajara,Mazatlán,2,0,0.5852,0.2277,0.1871,pinnacle,1.62,4.06,4.9,1.66,4.33,5.4
2024-07-21,Juárez,América,1,2,0.2785,0.2801,0.4413,pinnacle,3.35,3.37,2.12,3.81,3.65,2.2
2024-07-21,Monterrey,Querétaro,2,1,0.7207,0.1812,0.0981,pinnacle,1.33,4.96,8.72,1.4,5.4,9.84
2024-07-21,Santos,Tigres,0,3,0.1568,0.229,0.6142,pinnacle,5.68,4.09,1.55,6.2,4.23,1.58
2024-07-22,León,Necaxa,1,1,0.3677,0.2755,0.3568,pinnacle,2.52,3.45,2.63,2.65,3.86,3.36
2024-07-22,Pumas,Pachuca,2,0,0.4715,0.2585,0.27,pinnacle,2.0,3.64,3.41,2.33,3.8,3.58
2024-08-17,Puebla,Monterrey,1,2,0.2488,0.2432,0.5081,pinnacle,3.76,3.77,1.86,3.93,4.1,1.9
2024-08-19,San Luis,Querétaro,4,0,0.5227,0.2454,0.2319,pinnacle,1.82,3.76,3.97,1.91,3.95,4.31
2024-08-19,Tijuana,Santos,3,1,0.6472,0.2022,0.1507,pinnacle,1.44,4.66,6.25,1.49,4.8,7.0
2024-08-24,Mazatlán,Pachuca,3,0,0.3141,0.2958,0.3901,pinnacle,3.01,3.17,2.39,3.31,3.35,2.5
2024-08-24,Querétaro,Cruz Azul,0,2,0.1219,0.1898,0.6883,pinnacle,7.44,4.72,1.39,8.5,5.15,1.43
2024-08-24,Tijuana,Monterrey,2,2,0.3096,0.2655,0.425,pinnacle,2.99,3.54,2.22,3.13,3.67,2.29
2024-08-25,América,Puebla,0,1,0.6893,0.1774,0.1333,pinnacle,1.38,4.97,7.25,1.42,5.44,8.5
2024-08-25,Atlas,Pumas,2,1,0.3123,0.3238,0.3639,pinnacle,2.94,3.0,2.54,3.1,3.1,2.66
2024-08-25,León,Santos,1,1,0.646,0.2088,0.1452,pinnacle,1.47,4.41,6.18,1.53,4.61,6.63
2024-08-25,Necaxa,Juárez,3,0,0.4303,0.2727,0.297,pinnacle,2.18,3.43,3.15,2.26,3.55,3.43
2024-08-25,Tigres,Guadalajara,1,1,0.4541,0.2795,0.2664,pinnacle,2.06,3.35,3.53,2.15,3.46,3.66
2024-08-25,Toluca,San Luis,2,1,0.644,0.1992,0.1568,pinnacle,1.47,4.65,5.94,1.53,4.85,6.33
2024-08-31,Mazatlán,Puebla,1,1,0.5665,0.2534,0.18,pinnacle,1.66,3.72,5.07,1.76,3.84,5.5
2024-08-31,San Luis,Atlas,2,1,0.3677,0.293,0.3393,pinnacle,2.56,3.25,2.71,2.67,3.4,2.85
2024-08-31,Tijuana,León,2,1,0.4768,0.2623,0.2609,pinnacle,1.98,3.6,3.51,2.05,3.9,3.94
2024-09-01,Cruz Azul,América,4,1,0.3918,0.2889,0.3194,pinnacle,2.39,3.26,2.91,2.53,3.35,3.12
2024-09-01,Guadalajara,Juárez,5,0,0.5837,0.2271,0.1892,pinnacle,1.61,4.04,4.95,1.7,4.36,5.25
2024-09-01,Monterrey,Toluca,1,2,0.495,0.2574,0.2475,pinnacle,1.93,3.64,3.62,1.99,3.9,4.0
2024-09-01,Pachuca,Querétaro,1,1,0.6261,0.2201,0.1538,pinnacle,1.49,4.29,6.03,1.56,4.75,7.0
2024-09-02,Pumas,Tigres,1,3,0.4582,0.2762,0.2656,pinnacle,2.05,3.43,3.46,2.16,3.55,3.7
2024-09-02,Santos,Necaxa,3,2,0.2936,0.264,0.4424,pinnacle,3.06,3.51,2.19,3.3,3.67,2.26
2024-09-14,Atlas,Pachuca,2,0,0.3636,0.313,0.3234,pinnacle,2.55,3.1,2.84,2.69,3.23,2.99
2024-09-14,Juárez,Mazatlán,1,0,0.3533,0.2907,0.3559,pinnacle,2.53,3.27,2.72,2.74,3.47,3.13
2024-09-14,Necaxa,Pumas,2,0,0.2811,0.293,0.4259,pinnacle,3.2,3.26,2.24,3.45,3.56,2.4
2024-09-14,Puebla,Querétaro,2,1,0.4805,0.2744,0.2451,pinnacle,1.94,3.51,3.75,2.05,3.67,4.13
2024-09-14,Tigres,San Luis,1,0,0.6464,0.1962,0.1574,pinnacle,1.46,4.7,5.84,1.5,4.91,6.49
2024-09-14,Toluca,Tijuana,4,0,0.6895,0.1797,0.1308,pinnacle,1.37,5.12,6.78,1.43,5.4,7.38
2024-09-15,América,Guadalajara,1,0,0.474,0.2819,0.2442,pinnacle,1.98,3.35,3.75,2.08,3.43,4.22
2024-09-15,León,Cruz Azul,1,2,0.2261,0.2603,0.5136,pinnacle,4.07,3.58,1.85,4.61,3.75,1.92
2024-09-15,Santos,Monterrey,0,2,0.1525,0.2091,0.6384,pinnacle,5.92,4.36,1.49,6.5,4.7,1.58
2024-09-18,América,Atlas,3,0,0.6069,0.2354,0.1577,pinnacle,1.59,3.86,5.66,1.78,4.1,6.46
2024-09-18,Pachuca,Toluca,2,2,0.3625,0.2681,0.3694,pinnacle,2.64,3.5,2.48,2.77,3.65,2.62
2024-09-18,Pumas,Puebla,1,0,0.6258,0.22,0.1542,pinnacle,1.51,4.2,5.86,1.58,4.4,6.25
2024-09-18,Querétaro,Tigres,1,0,0.1672,0.226,0.6068,pinnacle,5.37,4.08,1.57,5.94,4.27,1.66
2024-09-18,San Luis,Cruz Azul,3,1,0.199,0.2431,0.5579,pinnacle,4.56,3.86,1.7,4.93,4.1,1.74
2024-09-19,Guadalajara,León,2,0,0.5809,0.2405,0.1786,pinnacle,1.65,3.89,4.95,1.76,4.01,5.5
2024-09-19,Mazatlán,Necaxa,0,0,0.4741,0.2694,0.2565,pinnacle,2.01,3.44,3.56,2.11,3.59,3.77
2024-09-19,Monterrey,Juárez,3,2,0.6745,0.1914,0.1341,pinnacle,1.4,4.85,6.96,1.44,5.04,7.69
2024-09-21,Atlas,Querétaro,0,1,0.5673,0.2635,0.1692,pinnacle,1.64,3.65,5.47,1.7,3.85,5.75
2024-09-21,Puebla,Pachuca,2,3,0.2134,0.2375,0.5492,pinnacle,4.35,3.92,1.71,4.55,4.1,1.77
2024-09-22,Cruz Azul,Guadalajara,1,0,0.5366,0.2596,0.2038,pinnacle,1.76,3.62,4.47,1.81,3.75,4.75
2024-09-22,León,San Luis,1,0,0.3885,0.2519,0.3596,pinnacle,2.36,3.74,2.67,2.49,3.9,3.2
2024-09-22,Monterrey,Mazatlán,0,0,0.5781,0.2408,0.1811,pinnacle,1.64,3.86,5.09,1.69,4.1,5.67
2024-09-22,Necaxa,América,1,1,0.2512,0.2701,0.4787,pinnacle,3.7,3.51,1.95,3.9,3.61,2.06
2024-09-23,Juárez,Tigres,0,1,0.241,0.2557,0.5033,pinnacle,3.84,3.68,1.87,4.1,3.81,2.0
2024-09-23,Pumas,Tijuana,1,0,0.6285,0.2128,0.1587,pinnacle,1.51,4.41,5.62,1.54,4.52,6.06
2024-09-23,Santos,Toluca,2,0,0.1677,0.2111,0.6211,pinnacle,5.45,4.4,1.52,5.75,4.6,1.56
2024-09-28,Puebla,Juárez,2,3,0.44,0.2727,0.2873,pinnacle,2.19,3.42,3.13,2.3,3.56,3.4
2024-09-28,Querétaro,Necaxa,0,0,0.2886,0.2818,0.4296,pinnacle,3.12,3.31,2.25,3.35,3.43,2.4
2024-09-28,Tigres,León,2,2,0.6895,0.1853,0.1252,pinnacle,1.37,4.95,7.22,1.41,5.21,7.71
2024-09-28,Tijuana,Mazatlán,1,0,0.3613,0.2891,0.3496,pinnacle,2.53,3.27,2.73,2.7,3.4,2.95
2024-09-29,Guadalajara,Monterrey,1,1,0.4436,0.2922,0.2642,pinnacle,2.13,3.23,3.48,2.2,3.45,3.66
2024-09-29,Pachuca,Cruz Azul,2,4,0.2913,0.2845,0.4242,pinnacle,3.17,3.32,2.21,3.32,3.6,2.28
2024-09-29,San Luis,Santos,3,1,0.6405,0.2084,0.1511,pinnacle,1.48,4.5,5.96,1.51,4.8,6.5
2024-09-29,Toluca,Atlas,4,1,0.6037,0.2262,0.1701,pinnacle,1.56,4.12,5.4,1.62,4.33,6.1
2024-09-30,América,Pumas,0,1,0.4601,0.285,0.2549,pinnacle,2.04,3.32,3.65,2.19,3.42,4.2
2024-10-05,Mazatlán,Querétaro,2,2,0.635,0.2169,0.148,pinnacle,1.48,4.38,6.15,1.55,5.06,6.69
2024-10-05,Tijuana,Pachuca,2,1,0.3857,0.2758,0.3385,pinnacle,2.42,3.47,2.73,2.51,3.68,2.86
2024-10-06,Cruz Azul,Necaxa,3,0,0.6685,0.1985,0.133,pinnacle,1.42,4.67,6.71,1.46,4.85,7.24
2024-10-06,Guadalajara,Atlas,2,3,0.5278,0.2875,0.1847,pinnacle,1.78,3.33,4.87,1.87,3.4,5.29
2024-10-06,León,América,1,1,0.237,0.262,0.501,pinnacle,3.87,3.57,1.89,4.21,3.69,1.96
2024-10-06,San Luis,Monterrey,1,0,0.3194,0.2773,0.4033,pinnacle,2.9,3.41,2.33,3.1,3.55,2.47
2024-10-06,Tigres,Puebla,1,0,0.7283,0.1657,0.106,pinnacle,1.3,5.47,8.4,1.34,5.8,9.07
2024-10-06,Toluca,Pumas,1,1,0.4622,0.2618,0.276,pinnacle,2.04,3.57,3.36,2.16,3.7,3.7
2024-10-07,Santos,Juárez,0,2,0.2628,0.2679,0.4694,pinnacle,3.48,3.53,2.01,3.7,3.63,2.12
2024-10-19,Atlas,Mazatlán,0,0,0.4668,0.2992,0.234,pinnacle,2.03,3.16,3.9,2.11,3.35,4.2
2024-10-19,Necaxa,Tijuana,1,2,0.5662,0.2336,0.2001,pinnacle,1.67,4.01,4.56,1.73,4.2,4.9
2024-10-19,Puebla,Cruz Azul,1,2,0.1671,0.2187,0.6142,pinnacle,5.6,4.24,1.53,6.46,4.41,1.58
2024-10-19,Querétaro,Toluca,0,1,0.2039,0.2353,0.5608,pinnacle,4.51,3.96,1.69,5.1,4.1,1.76
2024-10-20,América,Santos,3,0,0.7659,0.1482,0.0859,pinnacle,1.23,6.22,11.24,1.26,7.5,14.0
2024-10-20,Juárez,León,2,3,0.3836,0.2819,0.3345,pinnacle,2.41,3.38,2.8,2.52,3.6,2.95
2024-10-20,Monterrey,Tigres,4,2,0.3401,0.301,0.359,pinnacle,2.74,3.16,2.59,2.86,3.26,2.7
2024-10-20,Pachuca,Guadalajara,0,2,0.3682,0.2944,0.3374,pinnacle,2.55,3.23,2.75,2.66,3.3,2.87
2024-10-20,Pumas,San Luis,3,0,0.5784,0.2379,0.1836,pinnacle,1.64,3.89,5.0,1.7,4.06,5.5
2024-10-23,Guadalajara,Necaxa,3,2,0.5416,0.2571,0.2013,pinnacle,1.73,3.63,4.67,1.78,3.75,5.0
2024-10-23,Mazatlán,Tigres,2,0,0.2905,0.2756,0.4338,pinnacle,3.2,3.4,2.16,3.33,3.6,2.23
2024-10-23,Santos,Pachuca,1,1,0.2316,0.2548,0.5136,pinnacle,4.02,3.66,1.83,4.4,4.0,1.92
2024-10-23,Toluca,Puebla,5,0,0.7088,0.1728,0.1184,pinnacle,1.33,5.37,7.81,1.36,5.7,8.3
2024-10-24,Cruz Azul,Juárez,4,0,0.7559,0.1551,0.089,pinnacle,1.25,6.01,10.04,1.28,6.58,11.0
2024-10-24,León,Atlas,0,0,0.3964,0.3013,0.3023,pinnacle,2.37,3.16,3.05,2.47,3.31,3.2
2024-10-24,Monterrey,Pumas,0,0,0.4677,0.289,0.2433,pinnacle,2.02,3.26,3.78,2.09,3.45,3.98
2024-10-24,Tijuana,América,2,2,0.301,0.2453,0.4537,pinnacle,3.05,3.65,2.15,3.25,3.94,2.25
2024-10-26,Puebla,Guadalajara,1,0,0.2539,0.2695,0.4766,pinnacle,3.72,3.51,1.95,4.16,3.61,2.03
2024-10-26,Santos,Mazatlán,0,0,0.2707,0.2714,0.4579,pinnacle,3.39,3.48,2.06,3.6,3.7,2.14
2024-10-27,Atlas,Tijuana,0,0,0.5242,0.2614,0.2144,pinnacle,1.83,3.61,4.13,1.92,3.75,4.5
2024-10-27,León,Querétaro,4,0,0.5128,0.2571,0.2301,pinnacle,1.85,3.66,3.95,1.91,3.75,4.2
2024-10-27,Pumas,Cruz Azul,0,2,0.2828,0.3003,0.4169,pinnacle,3.09,3.15,2.35,3.42,3.3,2.49
2024-10-27,Tigres,Pachuca,2,1,0.5881,0.233,0.1789,pinnacle,1.61,4.02,5.06,1.66,4.2,5.48
2024-10-28,América,Monterrey,2,1,0.4786,0.2778,0.2435,pinnacle,1.97,3.41,3.76,2.08,3.54,4.05
2024-10-28,Juárez,San Luis,2,4,0.386,0.2776,0.3364,pinnacle,2.41,3.51,2.72,2.51,3.8,2.88
2024-10-28,Necaxa,Toluca,1,3,0.3534,0.2668,0.3798,pinnacle,2.68,3.51,2.45,2.8,3.65,2.55
2024-11-02,Mazatlán,América,0,5,0.2737,0.264,0.4623,pinnacle,3.38,3.56,2.05,3.56,3.7,2.11
2024-11-02,Querétaro,Juárez,1,2,0.4189,0.2906,0.2906,pinnacle,2.27,3.26,3.12,2.33,3.45,3.33
2024-11-02,San Luis,Puebla,2,0,0.5519,0.2477,0.2004,pinnacle,1.71,3.84,4.54,1.76,4.0,4.82
2024-11-02,Tijuana,Tigres,0,3,0.2689,0.2554,0.4756,pinnacle,3.3,3.7,2.02,3.59,3.83,2.13
2024-11-02,Toluca,León,2,2,0.6374,0.2022,0.1604,pinnacle,1.5,4.61,5.47,1.54,4.76,6.0
2024-11-03,Cruz Azul,Santos,2,0,0.829,0.1129,0.0582,pinnacle,1.15,7.83,14.35,1.18,8.52,17.0
2024-11-03,Guadalajara,Pumas,0,0,0.4318,0.2958,0.2724,pinnacle,2.17,3.24,3.37,2.27,3.4,3.56
2024-11-03,Monterrey,Atlas,4,0,0.6647,0.2128,0.1225,pinnacle,1.42,4.34,7.38,1.48,4.53,8.0
2024-11-03,Pachuca,Necaxa,6,2,0.5088,0.2537,0.2375,pinnacle,1.86,3.73,3.82,1.92,3.86,4.13
2024-11-06,León,Mazatlán,0,0,0.5924,0.2215,0.1861,pinnacle,1.6,4.19,4.88,1.64,4.4,5.19
2024-11-06,Pumas,Querétaro,2,0,0.6879,0.1949,0.1172,pinnacle,1.37,4.68,7.94,1.42,4.9,8.76
2024-11-06,Santos,Guadalajara,0,2,0.1867,0.2389,0.5745,pinnacle,4.86,3.94,1.65,5.17,4.2,1.69
2024-11-07,América,Pachuca,2,1,0.5665,0.2378,0.1957,pinnacle,1.68,3.87,4.67,1.71,4.05,5.0
2024-11-07,Atlas,Cruz Azul,2,2,0.1957,0.2651,0.5391,pinnacle,4.68,3.56,1.74,5.0,3.67,1.84
2024-11-07,Juárez,Tijuana,1,1,0.3471,0.2624,0.3905,pinnacle,2.71,3.58,2.39,3.02,3.75,2.48
2024-11-07,Necaxa,San Luis,1,1,0.3628,0.2676,0.3697,pinnacle,2.59,3.52,2.52,2.72,3.75,2.62
2024-11-07,Tigres,Toluca,2,1,0.5638,0.2323,0.2038,pinnacle,1.7,4.0,4.37,1.75,4.2,4.75
2024-11-09,Guadalajara,San Luis,0,1,0.5556,0.2352,0.2092,pinnacle,1.7,4.04,4.36,1.74,4.33,4.7
2024-11-09,Mazatlán,Pumas,0,1,0.2629,0.2871,0.45,pinnacle,3.58,3.33,2.06,3.78,3.55,2.15
2024-11-09,Querétaro,Santos,3,2,0.4929,0.2662,0.2409,pinnacle,1.96,3.52,3.67,2.04,3.63,4.01
2024-11-10,Cruz Azul,Tigres,1,1,0.5192,0.2638,0.217,pinnacle,1.83,3.59,4.1,1.91,3.75,4.45
2024-11-10,Necaxa,Atlas,0,0,0.3851,0.3209,0.2939,pinnacle,2.5,2.91,3.06,2.7,3.2,3.3
2024-11-10,Pachuca,Juárez,0,1,0.6604,0.1992,0.1404,pinnacle,1.45,4.61,6.3,1.49,4.84,7.0
2024-11-10,Toluca,América,4,0,0.3295,0.2669,0.4036,pinnacle,2.82,3.49,2.34,2.98,3.63,2.47
2024-11-11,Monterrey,León,2,1,0.6343,0.2105,0.1552,pinnacle,1.49,4.37,6.0,1.53,4.6,6.56
2024-11-11,Tijuana,Puebla,2,1,0.6226,0.2121,0.1653,pinnacle,1.51,4.43,5.57,1.55,4.75,6.25
2024-11-22,Guadalajara,Atlas,1,2,0.5083,0.2875,0.2042,pinnacle,1.84,3.32,4.5,1.93,3.45,5.0
2024-11-22,Tijuana,América,2,2,0.3284,0.2857,0.3859,pinnacle,2.83,3.38,2.37,2.97,3.55,2.51
2024-11-25,Tijuana,Atlas,3,0,0.5006,0.2793,0.2201,pinnacle,1.89,3.43,4.07,2.0,3.61,4.39
2024-11-28,América,Toluca,2,0,0.4245,0.2813,0.2942,pinnacle,2.18,3.34,3.26,2.28,3.51,3.53
2024-11-28,Tijuana,Cruz Azul,3,0,0.282,0.2804,0.4377,pinnacle,3.31,3.35,2.16,3.5,3.45,2.21
2024-11-29,Monterrey,Pumas,1,0,0.4184,0.3265,0.255,pinnacle,2.21,2.96,3.61,2.33,3.15,3.9
2024-11-29,San Luis,Tigres,3,0,0.2608,0.3111,0.4281,pinnacle,3.51,3.09,2.19,3.72,3.2,2.3
2024-11-30,Toluca,América,0,2,0.43,0.2733,0.2968,pinnacle,2.2,3.43,3.13,2.27,3.55,3.4
2024-12-01,Cruz Azul,Tijuana,3,0,0.7712,0.155,0.0738,pinnacle,1.22,6.06,12.08,1.25,6.5,13.0
2024-12-01,Pumas,Monterrey,3,5,0.5139,0.2699,0.2162,pinnacle,1.86,3.49,4.17,1.96,3.6,4.47
2024-12-02,Tigres,San Luis,0,0,0.6926,0.1877,0.1197,pinnacle,1.38,4.87,7.42,1.42,5.2,8.04
2024-12-05,San Luis,Monterrey,2,1,0.3025,0.3133,0.3842,pinnacle,3.03,3.07,2.44,3.2,3.15,2.52
2024-12-06,América,Cruz Azul,0,0,0.3894,0.2926,0.318,pinnacle,2.5,3.08,2.91,2.71,3.3,3.1
2024-12-08,Monterrey,San Luis,5,1,0.5931,0.2307,0.1761,pinnacle,1.59,4.1,5.12,1.66,4.3,5.49
2024-12-09,Cruz Azul,América,3,4,0.4279,0.3079,0.2642,pinnacle,2.22,3.03,3.52,2.32,3.2,3.72
2024-12-13,América,Monterrey,2,1,0.4881,0.2947,0.2172,pinnacle,1.91,3.21,4.21,2.04,3.28,4.48
2024-12-16,Monterrey,América,1,1,0.4245,0.2997,0.2758,pinnacle,2.23,3.16,3.34,2.31,3.3,3.54
2025-01-11,Mazatlán,Juárez,1,1,0.5191,0.2589,0.222,pinnacle,1.83,3.71,3.99,1.91,3.81,4.35
2025-01-11,Querétaro,América,0,1,0.456,0.267,0.277,pinnacle,2.05,3.57,3.34,2.16,3.8,3.55
2025-01-11,San Luis,Tigres,1,3,0.2668,0.2807,0.4525,pinnacle,3.46,3.4,2.07,3.63,3.5,2.14
2025-01-11,Tijuana,Toluca,2,4,0.371,0.2704,0.3586,pinnacle,2.55,3.47,2.57,2.68,3.65,2.7
2025-01-12,Cruz Azul,Atlas,1,1,0.6935,0.2008,0.1057,pinnacle,1.37,4.52,8.76,1.4,4.8,9.75
2025-01-12,Guadalajara,Santos,1,0,0.6423,0.2225,0.1351,pinnacle,1.47,4.21,6.67,1.51,4.7,7.5
2025-01-12,Pumas,Necaxa,2,1,0.5394,0.2682,0.1923,pinnacle,1.74,3.57,4.75,1.8,3.75,5.41
2025-01-13,Monterrey,Puebla,1,1,0.741,0.1684,0.0905,pinnacle,1.28,5.23,10.68,1.3,5.72,12.1
2025-01-17,América,Tijuana,1,1,0.3637,0.278,0.3583,pinnacle,2.5,3.45,2.63,2.66,3.6,2.86
2025-01-18,Juárez,Cruz Azul,1,0,0.1789,0.2344,0.5867,pinnacle,5.11,3.93,1.62,5.8,4.13,1.7
2025-01-18,Necaxa,Guadalajara,3,2,0.3524,0.2991,0.3486,pinnacle,2.62,3.25,2.64,2.75,3.4,2.78
2025-01-18,Puebla,San Luis,1,2,0.3394,0.2871,0.3735,pinnacle,2.79,3.29,2.47,2.9,3.4,2.59
2025-01-18,Tigres,Mazatlán,2,1,0.6825,0.1956,0.122,pinnacle,1.39,4.67,7.53,1.42,4.92,8.5
2025-01-19,Atlas,León,1,2,0.3601,0.3036,0.3363,pinnacle,2.55,3.13,2.82,2.69,3.25,3.0
2025-01-19,Querétaro,Pumas,3,2,0.2132,0.2891,0.4977,pinnacle,4.23,3.29,1.9,4.53,3.43,1.95
2025-01-19,Toluca,Monterrey,1,1,0.5453,0.2444,0.2103,pinnacle,1.74,3.88,4.26,1.78,4.01,4.59
2025-01-21,Pachuca,Santos,2,1,0.683,0.1978,0.1192,pinnacle,1.38,4.78,7.49,1.42,5.3,8.5
2025-01-25,Cruz Azul,Puebla,1,1,0.7454,0.1675,0.0871,pinnacle,1.29,5.34,10.07,1.34,5.74,11.04
2025-01-25,León,Juárez,1,0,0.5388,0.2473,0.2139,pinnacle,1.76,3.72,4.43,1.81,3.9,5.0
2025-01-25,Mazatlán,Toluca,2,1,0.3023,0.2733,0.4243,pinnacle,3.07,3.47,2.22,3.22,3.65,2.3
2025-01-25,San Luis,Necaxa,0,3,0.3613,0.284,0.3547,pinnacle,2.54,3.37,2.68,2.68,3.5,2.78
2025-01-25,Tijuana,Querétaro,2,1,0.617,0.2303,0.1528,pinnacle,1.54,4.23,5.58,1.58,4.54,6.3
2025-01-26,Guadalajara,Tigres,1,1,0.3248,0.3259,0.3494,pinnacle,2.81,3.02,2.62,2.98,3.1,2.77
2025-01-26,Monterrey,Pachuca,2,3,0.522,0.2575,0.2205,pinnacle,1.81,3.75,4.09,1.92,4.0,4.4
2025-01-26,Pumas,Atlas,0,0,0.5601,0.2706,0.1693,pinnacle,1.7,3.51,5.24,1.75,3.7,5.7
2025-01-26,Santos,América,1,4,0.1631,0.2421,0.5948,pinnacle,5.34,3.92,1.6,5.91,4.1,1.63
2025-01-29,América,San Luis,3,0,0.669,0.2024,0.1286,pinnacle,1.43,4.55,6.87,1.47,4.9,7.49
2025-01-29,León,Guadalajara,2,1,0.3328,0.3085,0.3587,pinnacle,2.76,3.15,2.61,2.91,3.3,2.7
2025-01-29,Necaxa,Cruz Azul,1,3,0.2689,0.297,0.4341,pinnacle,3.37,3.19,2.2,3.6,3.4,2.3
2025-01-29,Puebla,Mazatlán,0,1,0.3981,0.2995,0.3023,pinnacle,2.39,3.18,3.01,2.48,3.3,3.2
2025-01-29,Tigres,Tijuana,4,0,0.6538,0.2023,0.1439,pinnacle,1.46,4.65,6.14,1.51,5.0,6.68
2025-01-30,Atlas,Monterrey,3,3,0.261,0.2908,0.4483,pinnacle,3.51,3.27,2.11,3.71,3.5,2.16
2025-01-30,Juárez,Santos,1,0,0.4805,0.2744,0.2451,pinnacle,1.95,3.51,3.79,2.04,3.7,4.21
2025-01-30,Pumas,Toluca,1,1,0.3507,0.296,0.3533,pinnacle,2.63,3.24,2.65,2.76,3.45,2.85
2025-01-30,Querétaro,Pachuca,0,1,0.2215,0.2728,0.5057,pinnacle,4.01,3.52,1.89,4.36,3.71,1.95
2025-02-01,América,Juárez,4,0,0.7206,0.1818,0.0975,pinnacle,1.33,4.99,8.99,1.36,5.41,9.9
2025-02-01,Guadalajara,Querétaro,1,1,0.6456,0.2211,0.1332,pinnacle,1.46,4.33,6.68,1.49,4.7,7.36
2025-02-01,Mazatlán,León,1,2,0.4156,0.2979,0.2865,pinnacle,2.3,3.19,3.18,2.44,3.35,3.38
2025-02-01,Tijuana,Cruz Azul,2,3,0.2524,0.2715,0.4761,pinnacle,3.55,3.54,2.01,3.83,3.7,2.16
2025-02-02,Monterrey,Necaxa,1,0,0.5781,0.2326,0.1893,pinnacle,1.64,4.04,4.87,1.68,4.24,5.75
2025-02-02,Pachuca,Atlas,0,0,0.5366,0.2639,0.1995,pinnacle,1.75,3.7,4.52,1.8,4.0,5.0
2025-02-02,Santos,Puebla,0,2,0.3433,0.3007,0.356,pinnacle,2.67,3.18,2.68,2.82,3.4,3.0
2025-02-02,Toluca,Tigres,1,0,0.4494,0.2722,0.2784,pinnacle,2.1,3.45,3.35,2.16,3.65,3.76
2025-02-03,San Luis,Pumas,2,3,0.3237,0.3083,0.368,pinnacle,2.93,3.11,2.49,3.07,3.25,2.63
2025-02-06,Pachuca,León,1,2,0.4612,0.2791,0.2597,pinnacle,2.0,3.42,3.61,2.11,3.6,3.95
2025-02-08,Necaxa,Santos,3,2,0.6466,0.2094,0.144,pinnacle,1.46,4.51,6.15,1.49,4.75,6.69
2025-02-08,Puebla,América,1,2,0.1792,0.2399,0.5809,pinnacle,5.13,3.86,1.63,5.72,4.02,1.69
2025-02-08,Querétaro,San Luis,1,0,0.3559,0.3044,0.3397,pinnacle,2.59,3.21,2.7,2.72,3.5,2.85
2025-02-09,Cruz Azul,Pachuca,2,1,0.577,0.2458,0.1771,pinnacle,1.67,3.79,4.88,1.77,4.0,5.44
2025-02-09,Juárez,Monterrey,2,1,0.2301,0.2557,0.5141,pinnacle,3.96,3.62,1.85,4.24,3.78,1.96
2025-02-09,León,Toluca,3,3,0.2895,0.2671,0.4435,pinnacle,3.15,3.53,2.14,3.34,3.64,2.22
2025-02-09,Tigres,Atlas,2,1,0.6512,0.2166,0.1322,pinnacle,1.46,4.25,6.72,1.51,4.5,7.29
2025-02-10,Guadalajara,Tijuana,2,1,0.5735,0.2471,0.1794,pinnacle,1.65,3.85,4.95,1.72,4.0,5.5
2025-02-10,Pumas,Mazatlán,1,0,0.6392,0.2407,0.1201,pinnacle,1.5,3.88,7.06,1.6,4.04,8.04
2025-02-15,América,Necaxa,2,3,0.6611,0.2024,0.1365,pinnacle,1.45,4.55,6.36,1.48,4.83,7.07
2025-02-15,Atlas,Puebla,3,2,0.4694,0.293,0.2376,pinnacle,1.96,3.3,3.96,2.18,3.65,4.5
2025-02-15,Mazatlán,Santos,1,1,0.5487,0.2555,0.1959,pinnacle,1.72,3.72,4.64,1.78,3.9,4.93
2025-02-15,Tijuana,Juárez,1,2,0.5163,0.2476,0.2361,pinnacle,1.82,3.82,3.91,1.9,3.95,4.25
2025-02-16,Querétaro,Monterrey,2,4,0.2146,0.2576,0.5278,pinnacle,4.22,3.61,1.81,4.5,3.8,1.85
2025-02-16,Tigres,Cruz Azul,2,1,0.3922,0.3115,0.2963,pinnacle,2.4,3.04,3.08,2.47,3.2,3.35
2025-02-16,Toluca,Guadalajara,2,1,0.5519,0.2427,0.2055,pinnacle,1.73,3.82,4.41,1.78,4.0,4.7
2025-02-17,Pachuca,Pumas,2,1,0.4453,0.2825,0.2722,pinnacle,2.13,3.32,3.36,2.24,3.45,3.63
2025-02-17,San Luis,León,1,2,0.3651,0.2725,0.3624,pinnacle,2.53,3.45,2.62,2.65,3.63,2.8
2025-02-19,Atlas,Necaxa,0,4,0.3481,0.2799,0.3721,pinnacle,2.65,3.34,2.56,2.79,3.47,2.85
2025-02-20,América,León,1,1,0.6353,0.2127,0.1521,pinnacle,1.49,4.41,5.91,1.54,4.75,6.5
2025-02-20,Santos,Cruz Azul,0,1,0.1262,0.1963,0.6774,pinnacle,6.78,4.7,1.41,7.62,5.1,1.47
2025-02-22,Juárez,Toluca,0,4,0.2505,0.2486,0.501,pinnacle,3.66,3.76,1.9,3.94,3.9,1.98
2025-02-22,Necaxa,Mazatlán,3,1,0.6128,0.2376,0.1496,pinnacle,1.56,4.04,5.64,1.6,4.3,6.43
2025-02-22,Puebla,Tijuana,2,0,0.4316,0.27,0.2984,pinnacle,2.22,3.48,3.03,2.4,3.62,3.24
2025-02-23,Guadalajara,Pachuca,2,1,0.4285,0.2891,0.2824,pinnacle,2.2,3.33,3.22,2.26,3.5,3.43
2025-02-23,León,Tigres,1,0,0.3252,0.2902,0.3846,pinnacle,2.86,3.29,2.42,2.98,3.4,2.54
2025-02-23,Monterrey,San Luis,3,1,0.7032,0.1811,0.1157,pinnacle,1.36,5.02,7.63,1.46,5.5,8.5
2025-02-23,Pumas,América,0,2,0.2389,0.2749,0.4862,pinnacle,3.9,3.42,1.93,4.05,3.6,2.02
2025-02-23,Santos,Atlas,2,0,0.3162,0.2888,0.3949,pinnacle,2.98,3.27,2.35,3.14,3.42,2.47
2025-02-24,Cruz Azul,Querétaro,1,0,0.7299,0.1708,0.0993,pinnacle,1.3,5.27,8.91,1.33,5.64,9.73
2025-02-26,Mazatlán,Monterrey,1,0,0.2158,0.271,0.5132,pinnacle,4.25,3.44,1.85,4.51,3.56,1.93
2025-02-26,Tigres,Juárez,0,1,0.6825,0.1928,0.1247,pinnacle,1.39,4.73,7.34,1.42,5.1,8.5
2025-02-26,Tijuana,Pumas,4,2,0.4544,0.2602,0.2855,pinnacle,2.14,3.61,3.1,2.21,3.93,3.39
2025-02-27,Pachuca,Puebla,2,1,0.6219,0.2196,0.1585,pinnacle,1.51,4.24,5.77,1.55,4.4,6.5
2025-02-27,San Luis,Guadalajara,3,1,0.2514,0.2681,0.4805,pinnacle,3.75,3.54,1.94,3.96,3.9,2.02
2025-02-27,Toluca,Querétaro,5,0,0.7472,0.1558,0.0971,pinnacle,1.28,5.72,9.07,1.31,6.14,10.0
2025-03-01,América,Toluca,3,0,0.45,0.2533,0.2968,pinnacle,2.06,3.74,3.21,2.2,3.9,3.37
2025-03-01,Juárez,Pachuca,2,2,0.2649,0.2679,0.4672,pinnacle,3.36,3.52,2.06,3.65,3.7,2.14
2025-03-01,Mazatlán,Cruz Azul,1,1,0.1796,0.254,0.5663,pinnacle,5.06,3.69,1.67,5.36,3.8,1.7
2025-03-02,León,Tijuana,2,1,0.5815,0.2219,0.1966,pinnacle,1.63,4.16,4.69,1.69,4.35,5.0
2025-03-02,Necaxa,Tigres,1,2,0.3695,0.2798,0.3507,pinnacle,2.52,3.39,2.67,2.62,3.65,2.76
2025-03-02,Pumas,Guadalajara,0,1,0.2987,0.3111,0.3902,pinnacle,3.08,3.12,2.37,3.24,3.3,2.48
2025-03-02,Querétaro,Puebla,2,0,0.4086,0.298,0.2934,pinnacle,2.32,3.19,3.1,2.44,3.31,3.3
2025-03-03,Atlas,San Luis,3,1,0.4611,0.2743,0.2646,pinnacle,2.07,3.42,3.45,2.12,3.53,3.66
2025-03-03,Monterrey,Santos,4,2,0.7603,0.1513,0.0884,pinnacle,1.24,6.04,10.15,1.26,6.5,11.0
2025-03-08,Puebla,Pumas,1,3,0.2908,0.3074,0.4018,pinnacle,3.17,3.1,2.33,3.33,3.25,2.41
2025-03-08,San Luis,Juárez,1,0,0.4138,0.2865,0.2998,pinnacle,2.29,3.3,3.05,2.4,3.6,3.3
2025-03-08,Tigres,Querétaro,1,0,0.728,0.1741,0.0979,pinnacle,1.31,5.2,8.98,1.34,5.73,10.0
2025-03-08,Toluca,Necaxa,5,2,0.6175,0.2041,0.1784,pinnacle,1.53,4.6,5.04,1.56,4.77,5.4
2025-03-09,Cruz Azul,Monterrey,1,1,0.4976,0.2616,0.2407,pinnacle,1.91,3.52,3.84,1.99,3.69,4.1
2025-03-09,Guadalajara,América,0,0,0.297,0.3094,0.3936,pinnacle,3.16,3.06,2.37,3.31,3.3,2.5
2025-03-09,Pachuca,Mazatlán,1,1,0.7464,0.1649,0.0887,pinnacle,1.27,5.52,9.97,1.3,5.84,11.0
2025-03-09,Santos,León,2,1,0.2277,0.2561,0.5162,pinnacle,3.94,3.76,1.82,4.35,4.1,1.9
2025-03-10,Tijuana,Atlas,3,4,0.4694,0.262,0.2686,pinnacle,1.99,3.64,3.45,2.12,3.92,3.75
2025-03-15,Necaxa,León,2,1,0.454,0.2599,0.2861,pinnacle,2.11,3.6,3.17,2.2,3.78,3.38
2025-03-15,Puebla,Toluca,0,3,0.1761,0.232,0.592,pinnacle,5.08,4.0,1.61,5.48,4.25,1.65
2025-03-15,Querétaro,Mazatlán,1,0,0.4171,0.2932,0.2897,pinnacle,2.23,3.15,3.3,2.38,3.3,3.6
2025-03-15,Tigres,Santos,3,0,0.7254,0.1704,0.1042,pinnacle,1.31,5.31,8.59,1.33,5.66,10.5
2025-03-16,Atlas,América,1,3,0.2233,0.258,0.5187,pinnacle,4.06,3.6,1.83,4.32,3.8,1.9
2025-03-16,Cruz Azul,San Luis,3,0,0.7525,0.1662,0.0813,pinnacle,1.26,5.56,10.34,1.29,6.0,11.76
2025-03-16,Juárez,Guadalajara,1,1,0.2993,0.3139,0.3867,pinnacle,3.05,3.07,2.41,3.3,3.22,2.5
2025-03-17,Pachuca,Tijuana,4,1,0.7171,0.1707,0.1123,pinnacle,1.3,5.67,8.28,1.35,6.25,9.5
2025-03-17,Pumas,Monterrey,1,3,0.3257,0.2994,0.3749,pinnacle,2.84,3.19,2.47,2.97,3.43,2.58
2025-03-29,Juárez,Puebla,2,0,0.5192,0.2767,0.2042,pinnacle,1.84,3.43,4.38,1.93,3.5,4.75
2025-03-29,Mazatlán,Atlas,3,2,0.3569,0.312,0.3312,pinnacle,2.6,3.04,2.83,2.71,3.15,3.01
2025-03-29,Necaxa,Querétaro,2,0,0.6311,0.2122,0.1567,pinnacle,1.5,4.31,5.93,1.53,4.55,6.5
2025-03-29,Toluca,Pachuca,3,2,0.5558,0.2193,0.2249,pinnacle,1.72,4.14,4.17,1.85,4.41,4.33
2025-03-30,América,Tigres,3,0,0.5542,0.2679,0.1779,pinnacle,1.73,3.55,4.87,1.8,3.8,5.42
2025-03-30,Guadalajara,Cruz Azul,0,1,0.3082,0.3015,0.3903,pinnacle,3.0,3.17,2.4,3.14,3.4,2.48
2025-03-30,Monterrey,Tijuana,1,2,0.7117,0.1604,0.1279,pinnacle,1.34,5.63,7.21,1.37,6.25,9.0
2025-03-31,León,Pumas,1,2,0.4417,0.2796,0.2788,pinnacle,2.15,3.39,3.3,2.29,3.6,3.65
2025-03-31,Santos,San Luis,2,3,0.3829,0.257,0.3601,pinnacle,2.41,3.62,2.69,2.53,3.77,3.0
2025-04-05,Puebla,Tigres,0,0,0.3035,0.3045,0.392,pinnacle,3.15,3.12,2.26,3.35,3.25,2.47
2025-04-05,Querétaro,León,1,1,0.241,0.2633,0.4956,pinnacle,3.79,3.53,1.94,4.01,3.67,2.03
2025-04-05,Tijuana,Necaxa,1,2,0.4157,0.2421,0.3422,pinnacle,2.31,3.97,2.67,2.4,4.2,2.83
2025-04-06,Atlas,Juárez,1,1,0.434,0.283,0.283,pinnacle,2.18,3.32,3.12,2.28,3.42,3.42
2025-04-06,Cruz Azul,Pumas,3,2,0.5339,0.2677,0.1984,pinnacle,1.72,3.53,4.62,1.81,3.85,5.0
2025-04-06,Monterrey,Guadalajara,3,1,0.4882,0.2731,0.2387,pinnacle,1.96,3.5,3.93,1.98,3.54,4.05
2025-04-06,Pachuca,América,1,0,0.3664,0.274,0.3596,pinnacle,2.51,3.42,2.56,2.64,3.6,2.69
2025-04-06,San Luis,Mazatlán,2,1,0.4496,0.2834,0.267,pinnacle,2.1,3.54,3.42,2.15,3.7,3.62
2025-04-07,Toluca,Santos,2,1,0.849,0.0935,0.0575,pinnacle,1.11,8.93,15.58,1.14,10.26,18.0
2025-04-11,Tijuana,San Luis,2,1,0.5242,0.2129,0.2628,pinnacle,1.82,4.38,3.51,1.86,4.76,3.75
2025-04-12,Mazatlán,Guadalajara,1,1,0.2886,0.3069,0.4045,pinnacle,3.16,3.11,2.35,3.35,3.3,2.4
2025-04-12,Necaxa,Pachuca,3,5,0.3722,0.2666,0.3611,pinnacle,2.51,3.55,2.63,2.6,3.75,2.71
2025-04-13,América,Cruz Azul,0,0,0.389,0.2892,0.3218,pinnacle,2.43,3.31,2.88,2.55,3.4,3.02
2025-04-13,Atlas,Toluca,2,3,0.2756,0.2526,0.4719,pinnacle,3.41,3.75,1.99,3.52,3.9,2.05
2025-04-13,León,Puebla,1,0,0.6223,0.2187,0.1589,pinnacle,1.53,4.24,5.67,1.57,4.41,6.4
2025-04-13,Pumas,Juárez,0,0,0.5141,0.2677,0.2182,pinnacle,1.84,3.56,4.21,1.93,3.7,4.68
2025-04-13,Tigres,Monterrey,2,1,0.387,0.2862,0.3268,pinnacle,2.44,3.31,2.86,2.56,3.5,2.96
2025-04-14,Santos,Querétaro,1,2,0.4719,0.2579,0.2702,pinnacle,2.04,3.62,3.39,2.13,3.75,3.6
2025-04-16,Cruz Azul,León,2,1,0.533,0.2467,0.2203,pinnacle,1.78,3.83,4.19,1.85,4.1,4.6
2025-04-16,Guadalajara,Puebla,1,0,0.642,0.2234,0.1345,pinnacle,1.47,4.26,6.76,1.5,4.5,7.16
2025-04-16,Juárez,Necaxa,2,2,0.4018,0.2743,0.3239,pinnacle,2.35,3.48,2.88,2.43,3.65,3.2
2025-04-16,Pachuca,Tigres,0,0,0.4624,0.2859,0.2517,pinnacle,2.04,3.32,3.7,2.13,3.4,4.1
2025-04-17,Mazatlán,Tijuana,0,2,0.4757,0.2575,0.2668,pinnacle,2.01,3.69,3.43,2.06,3.88,3.62
2025-04-17,Monterrey,América,1,0,0.328,0.2897,0.3824,pinnacle,2.84,3.31,2.46,3.0,3.5,2.54
2025-04-17,Pumas,Santos,2,0,0.7188,0.1708,0.1105,pinnacle,1.32,5.22,8.59,1.34,5.64,9.5
2025-04-17,Querétaro,Atlas,1,2,0.2782,0.2952,0.4266,pinnacle,3.3,3.26,2.22,3.48,3.45,2.27
2025-04-17,San Luis,Toluca,0,1,0.1947,0.2247,0.5806,pinnacle,4.73,4.14,1.64,5.23,4.29,1.76
2025-04-19,Puebla,Necaxa,0,1,0.2449,0.2665,0.4886,pinnacle,3.97,3.57,1.9,4.4,3.72,2.0
2025-04-20,América,Mazatlán,5,0,0.7685,0.1525,0.079,pinnacle,1.23,6.12,11.64,1.25,6.59,13.0
2025-04-20,Atlas,Guadalajara,1,1,0.2357,0.2761,0.4881,pinnacle,3.9,3.37,1.97,4.33,3.5,2.07
2025-04-20,Tigres,Pumas,2,1,0.4953,0.2736,0.2311,pinnacle,1.92,3.41,4.03,1.98,3.53,4.47
2025-04-20,Toluca,Cruz Azul,2,2,0.4856,0.2685,0.2459,pinnacle,1.98,3.57,3.6,2.03,3.65,3.93
2025-04-21,Juárez,Querétaro,0,2,0.5958,0.2287,0.1755,pinnacle,1.6,4.07,5.2,1.66,4.22,5.5
2025-04-21,León,Monterrey,0,2,0.3995,0.2739,0.3266,pinnacle,2.4,3.43,2.82,2.55,3.53,3.04
2025-04-21,San Luis,Pachuca,2,1,0.2549,0.2142,0.5309,pinnacle,3.86,4.28,1.76,4.3,4.51,1.83
2025-04-21,Santos,Tijuana,0,4,0.3841,0.2378,0.3781,pinnacle,2.53,3.74,2.51,2.74,4.07,2.6
2025-04-28,Juárez,Pumas,1,1,0.3316,0.3164,0.3521,pinnacle,2.8,3.01,2.68,2.92,3.06,2.86
2025-04-28,Monterrey,Pachuca,1,2,0.5002,0.2638,0.236,pinnacle,1.9,3.59,3.88,1.95,3.85,4.17
2025-05-05,Monterrey,Pumas,2,0,0.5327,0.2686,0.1988,pinnacle,1.78,3.51,4.66,1.81,3.65,4.96
2025-05-08,Monterrey,Toluca,3,2,0.4398,0.2854,0.2749,pinnacle,2.19,3.3,3.34,2.25,3.39,3.52
2025-05-08,Pachuca,América,0,0,0.3052,0.2967,0.3981,pinnacle,3.02,3.23,2.39,3.17,3.45,2.55
2025-05-09,León,Cruz Azul,2,3,0.2619,0.2928,0.4453,pinnacle,3.5,3.23,2.16,3.72,3.3,2.27
2025-05-09,Necaxa,Tigres,0,0,0.3626,0.3035,0.3339,pinnacle,2.66,3.15,2.76,2.88,3.35,2.9
2025-05-11,América,Pachuca,2,0,0.527,0.2558,0.2172,pinnacle,1.79,3.67,4.4,1.85,3.9,4.88
2025-05-11,Toluca,Monterrey,2,1,0.6166,0.2201,0.1633,pinnacle,1.53,4.37,5.52,1.56,4.7,5.89
2025-05-12,Cruz Azul,León,2,1,0.5369,0.2517,0.2115,pinnacle,1.75,3.77,4.45,1.8,3.95,4.8
2025-05-12,Tigres,Necaxa,2,2,0.5252,0.2536,0.2211,pinnacle,1.8,3.71,4.26,1.85,3.81,4.51
2025-05-15,Tigres,Toluca,1,1,0.4903,0.2892,0.2205,pinnacle,1.97,3.24,4.14,2.08,3.34,4.4
2025-05-16,Cruz Azul,América,1,0,0.3794,0.3193,0.3014,pinnacle,2.52,3.0,3.05,2.63,3.05,3.21
2025-05-18,Toluca,Tigres,3,0,0.5001,0.2734,0.2265,pinnacle,1.86,3.55,4.21,1.93,3.7,4.75
2025-05-19,América,Cruz Azul,2,1,0.496,0.2748,0.2292,pinnacle,1.91,3.46,4.06,1.98,3.6,4.52
2025-05-23,América,Toluca,0,0,0.5428,0.2471,0.2101,pinnacle,1.78,3.73,4.42,1.84,3.91,5.0
2025-05-26,Toluca,América,2,0,0.3114,0.3124,0.3761,pinnacle,2.98,3.07,2.52,3.15,3.25,2.64
2025-07-12,Juárez,América,1,1,0.2021,0.2841,0.5138,pinnacle,4.46,3.28,1.8,5.1,3.45,1.88
2025-07-12,Puebla,Atlas,2,3,0.3859,0.2983,0.3158,pinnacle,2.39,3.08,2.94,2.52,3.26,3.1
2025-07-12,Tijuana,Querétaro,1,0,0.6216,0.2151,0.1633,pinnacle,1.5,4.24,5.44,1.55,4.5,6.0
2025-07-13,Cruz Azul,Mazatlán,0,0,0.7999,0.132,0.068,pinnacle,1.2,6.12,12.45,1.23,7.27,15.0
2025-07-13,Santos,Pumas,3,0,0.3383,0.2923,0.3693,pinnacle,2.68,3.23,2.49,2.88,3.4,2.63
2025-07-13,Toluca,Necaxa,3,1,0.6248,0.2124,0.1628,pinnacle,1.51,4.21,5.39,1.55,4.53,6.0
2025-07-14,León,San Luis,0,1,0.5226,0.2747,0.2027,pinnacle,1.73,3.62,4.4,1.85,4.0,4.77
2025-07-14,Pachuca,Monterrey,3,0,0.4719,0.2587,0.2695,pinnacle,2.02,3.41,3.39,2.1,3.74,3.75
2025-07-17,América,Tijuana,3,1,0.7078,0.1763,0.1158,pinnacle,1.3,5.21,8.11,1.36,6.0,10.5
2025-07-17,Santos,Toluca,2,4,0.2858,0.2542,0.46,pinnacle,3.44,3.63,1.95,5.25,4.2,2.12
2025-07-19,Mazatlán,Puebla,2,1,0.4087,0.3065,0.2849,pinnacle,2.21,3.1,3.2,2.37,3.3,3.45
2025-07-19,Necaxa,Querétaro,3,1,0.54,0.2466,0.2134,pinnacle,1.71,3.71,4.34,1.79,3.92,4.8
2025-07-19,San Luis,Monterrey,0,1,0.2961,0.2697,0.4342,pinnacle,3.03,3.46,2.14,3.27,3.6,2.23
2025-07-20,Atlas,Cruz Azul,3,3,0.1909,0.2453,0.5638,pinnacle,4.3,3.69,1.72,5.05,3.93,1.78
2025-07-20,León,Guadalajara,1,0,0.2851,0.2965,0.4184,pinnacle,2.99,3.23,2.25,3.39,3.35,2.35
2025-07-20,Pumas,Pachuca,2,3,0.3065,0.2917,0.4018,pinnacle,2.94,3.24,2.29,3.16,3.4,2.41
2025-07-20,Tigres,Juárez,1,0,0.6792,0.2083,0.1125,pinnacle,1.38,4.31,7.75,1.42,4.63,9.0
2025-07-26,Puebla,Santos,1,0,0.4832,0.2591,0.2577,pinnacle,1.92,3.51,3.59,2.0,3.73,3.8
2025-07-26,Querétaro,Pumas,0,2,0.2368,0.2753,0.4879,pinnacle,3.99,3.3,1.88,4.33,3.51,1.98
2025-07-26,Tijuana,Juárez,1,1,0.4469,0.2961,0.257,pinnacle,1.99,3.43,3.45,2.18,3.6,3.79
2025-07-27,Cruz Azul,León,4,1,0.6334,0.2088,0.1578,pinnacle,1.45,4.43,5.98,1.52,4.61,6.5
2025-07-27,Guadalajara,San Luis,4,3,0.6169,0.2406,0.1426,pinnacle,1.47,4.12,6.13,1.56,4.33,7.4
2025-07-27,Monterrey,Atlas,3,1,0.6479,0.2058,0.1463,pinnacle,1.42,4.51,6.34,1.49,4.75,7.0
2025-07-27,Necaxa,América,1,1,0.2749,0.2644,0.4608,pinnacle,2.86,3.45,2.25,3.52,3.66,2.4
2025-07-27,Pachuca,Mazatlán,1,0,0.6897,0.1947,0.1156,pinnacle,1.37,4.58,7.54,1.43,4.96,9.0
2025-07-27,Toluca,Tigres,3,4,0.5512,0.2654,0.1834,pinnacle,1.79,3.53,4.14,1.88,3.65,5.11
2025-08-09,Tigres,Puebla,7,0,0.6845,0.1974,0.1181,pinnacle,1.41,4.65,6.45,1.46,5.25,8.5
2025-08-10,América,Querétaro,1,0,0.7965,0.1381,0.0653,pinnacle,1.19,6.11,13.2,1.22,6.5,15.0
2025-08-10,Atlas,Pachuca,0,3,0.2317,0.2597,0.5085,pinnacle,3.41,3.49,1.99,3.6,3.6,2.05
2025-08-10,Mazatlán,Tijuana,2,2,0.3413,0.2902,0.3685,pinnacle,2.9,3.25,2.31,3.2,3.4,2.45
2025-08-11,Pumas,Necaxa,1,1,0.463,0.2718,0.2651,pinnacle,1.91,3.47,3.68,1.96,3.6,4.0
2025-08-11,Santos,Guadalajara,1,0,0.1961,0.2309,0.5731,pinnacle,4.53,3.85,1.66,5.0,4.0,1.71
2025-08-12,Juárez,Toluca,0,2,0.2526,0.2587,0.4887,pinnacle,3.54,3.56,1.93,3.95,3.7,2.05
2025-08-12,León,Monterrey,1,3,0.3053,0.2645,0.4302,pinnacle,3.08,3.46,2.13,3.2,3.6,2.22
2025-08-12,San Luis,Cruz Azul,1,2,0.2257,0.2434,0.5309,pinnacle,4.23,3.75,1.72,4.5,3.9,1.78
2025-08-16,Necaxa,León,0,1,0.4839,0.2594,0.2567,pinnacle,1.85,3.76,3.6,1.89,3.95,3.9
2025-08-16,Puebla,San Luis,0,2,0.4136,0.2711,0.3153,pinnacle,2.33,3.38,2.8,2.45,3.55,2.96
2025-08-17,Cruz Azul,Santos,3,2,0.78,0.1363,0.0837,pinnacle,1.19,6.63,11.5,1.22,7.0,13.0
2025-08-17,Guadalajara,Juárez,1,2,0.574,0.2358,0.1902,pinnacle,1.65,3.69,4.85,1.73,4.0,5.4
2025-08-17,Pachuca,Tijuana,0,2,0.6871,0.194,0.1189,pinnacle,1.35,4.97,7.05,1.39,5.3,7.8
2025-08-17,Querétaro,Atlas,3,3,0.3142,0.2941,0.3917,pinnacle,2.98,3.23,2.29,3.14,3.35,2.38
2025-08-17,Tigres,América,1,3,0.4248,0.3008,0.2744,pinnacle,2.11,3.26,3.32,2.18,3.4,3.7
2025-08-17,Toluca,Pumas,1,1,0.5525,0.2498,0.1977,pinnacle,1.7,3.64,4.51,1.74,3.8,5.0
2025-08-18,Monterrey,Mazatlán,3,2,0.713,0.1799,0.1071,pinnacle,1.33,4.9,8.07,1.35,5.33,9.5
2025-08-23,Juárez,Santos,2,1,0.591,0.2332,0.1758,pinnacle,1.6,3.95,4.92,1.65,4.1,5.33
2025-08-23,Querétaro,San Luis,3,2,0.2986,0.2879,0.4135,pinnacle,3.12,3.31,2.17,3.4,3.5,2.28
2025-08-23,Tijuana,Guadalajara,3,3,0.3139,0.2656,0.4204,pinnacle,3.03,3.52,2.13,3.25,3.75,2.2
2025-08-24,Cruz Azul,Toluca,1,0,0.4375,0.2585,0.304,pinnacle,2.06,3.62,3.1,2.16,3.8,3.35
2025-08-24,León,Pachuca,1,1,0.3006,0.2822,0.4172,pinnacle,3.17,3.46,2.08,3.4,3.6,2.15
2025-08-24,Mazatlán,Tigres,2,2,0.2112,0.2526,0.5362,pinnacle,3.94,3.51,1.84,4.2,3.6,1.91
2025-08-24,Monterrey,Necaxa,3,0,0.6184,0.2084,0.1732,pinnacle,1.46,4.56,5.56,1.5,4.75,6.2
2025-08-25,Atlas,América,2,4,0.203,0.2492,0.5479,pinnacle,4.83,3.89,1.62,5.25,4.1,1.67
2025-08-25,Pumas,Puebla,0,0,0.5854,0.2464,0.1683,pinnacle,1.61,3.76,5.18,1.67,4.1,5.6
2025-08-30,Juárez,Mazatlán,1,0,0.5221,0.2728,0.2051,pinnacle,1.62,3.67,5.03,1.66,3.9,5.66
2025-08-30,Puebla,Monterrey,2,4,0.2249,0.2565,0.5186,pinnacle,3.81,3.54,1.86,4.1,3.75,1.93
2025-08-30,San Luis,Toluca,1,3,0.2424,0.2303,0.5273,pinnacle,4.93,4.23,1.55,5.5,4.75,1.62
2025-08-31,América,Pachuca,2,0,0.4834,0.2642,0.2524,pinnacle,1.93,3.5,3.56,2.05,3.65,3.9
2025-08-31,Guadalajara,Cruz Azul,1,2,0.3423,0.2808,0.3769,pinnacle,2.88,3.31,2.31,3.1,3.5,2.37
2025-08-31,León,Querétaro,3,0,0.595,0.2386,0.1665,pinnacle,1.56,3.9,5.39,1.61,4.1,5.75
2025-08-31,Pumas,Atlas,1,0,0.5809,0.2429,0.1763,pinnacle,1.61,3.81,5.03,1.65,4.0,5.5
2025-08-31,Santos,Tigres,0,1,0.152,0.2085,0.6394,pinnacle,6.27,4.51,1.42,7.0,4.75,1.47
2025-09-01,Tijuana,Necaxa,3,0,0.4034,0.2616,0.335,pinnacle,2.2,3.59,2.84,2.3,3.8,3.0
2025-09-13,Mazatlán,Pumas,1,4,0.273,0.2937,0.4333,pinnacle,3.26,3.2,2.15,3.4,3.4,2.22
2025-09-13,Necaxa,Juárez,1,1,0.4737,0.2753,0.251,pinnacle,2.1,3.33,3.28,2.18,3.5,3.45
2025-09-14,América,Guadalajara,1,2,0.5666,0.2464,0.187,pinnacle,1.67,3.79,4.56,1.71,4.2,5.0
2025-09-14,Atlas,Santos,2,2,0.5387,0.2441,0.2172,pinnacle,1.79,3.69,3.97,1.87,3.85,4.2
2025-09-14,Pachuca,Cruz Azul,0,1,0.3305,0.2743,0.3952,pinnacle,2.67,3.35,2.42,2.75,3.5,2.5
2025-09-14,Tigres,León,0,0,0.6646,0.1951,0.1403,pinnacle,1.44,4.55,5.95,1.48,4.75,6.75
2025-09-14,Toluca,Puebla,3,1,0.715,0.1739,0.1111,pinnacle,1.32,5.08,7.78,1.35,5.33,8.5
2025-09-15,Querétaro,Monterrey,0,1,0.1606,0.2295,0.6099,pinnacle,4.97,3.91,1.6,5.5,4.1,1.65
2025-09-15,San Luis,Tijuana,1,1,0.4495,0.2577,0.2928,pinnacle,2.1,3.6,3.02,2.15,3.75,3.25
2025-09-18,Guadalajara,Tigres,0,0,0.4211,0.2799,0.2989,pinnacle,2.3,3.33,2.86,2.4,3.6,3.0
2025-09-20,Cruz Azul,Juárez,3,2,0.6191,0.218,0.1629,pinnacle,1.44,4.31,6.41,1.48,4.5,7.0
2025-09-20,Mazatlán,Atlas,1,1,0.4211,0.2744,0.3046,pinnacle,2.21,3.4,2.95,2.26,3.6,3.1
2025-09-20,Necaxa,Puebla,1,0,0.5285,0.2532,0.2183,pinnacle,1.73,3.67,4.25,1.76,3.9,4.75
2025-09-20,Tijuana,León,5,0,0.5036,0.2405,0.2558,pinnacle,1.86,3.83,3.5,1.91,4.0,3.8
2025-09-21,Guadalajara,Toluca,0,3,0.3135,0.2744,0.4122,pinnacle,2.86,3.42,2.27,3.1,3.6,2.35
2025-09-21,Monterrey,América,2,2,0.3826,0.279,0.3385,pinnacle,2.06,3.49,3.19,2.18,3.6,3.6
2025-09-21,Pachuca,Querétaro,0,2,0.7171,0.1763,0.1066,pinnacle,1.32,4.9,8.3,1.35,5.75,9.0
2025-09-21,Pumas,Tigres,1,1,0.3951,0.2822,0.3227,pinnacle,2.03,3.32,3.43,2.14,3.4,3.75
2025-09-22,Santos,San Luis,1,4,0.3814,0.2611,0.3575,pinnacle,2.45,3.5,2.55,2.55,3.65,2.66
2025-09-24,Guadalajara,Necaxa,3,1,0.5185,0.2572,0.2243,pinnacle,1.95,3.54,3.45,2.05,3.7,3.7
2025-09-24,Juárez,Pumas,3,1,0.337,0.31,0.353,pinnacle,2.8,3.1,2.48,3.0,3.25,2.74
2025-09-24,León,Mazatlán,2,2,0.5456,0.2445,0.2099,pinnacle,1.64,3.91,4.63,1.68,4.2,5.0
2025-09-24,Puebla,Pachuca,2,2,0.2579,0.2512,0.4909,pinnacle,3.67,3.64,1.87,3.9,3.8,1.91
2025-09-25,Cruz Azul,Querétaro,2,2,0.7807,0.1429,0.0764,pinnacle,1.27,5.44,9.16,1.32,6.0,11.0
2025-09-25,San Luis,América,0,1,0.201,0.2382,0.5608,pinnacle,4.49,3.93,1.64,4.75,4.1,1.7
2025-09-25,Santos,Tijuana,1,0,0.303,0.2453,0.4517,pinnacle,3.13,3.71,2.02,3.3,4.0,2.1
2025-09-25,Tigres,Atlas,2,0,0.6995,0.1839,0.1166,pinnacle,1.33,5.02,7.38,1.4,5.25,8.0
2025-09-25,Toluca,Monterrey,6,2,0.5844,0.2323,0.1833,pinnacle,1.51,4.37,5.09,1.56,4.5,5.7
2025-09-27,Juárez,León,2,0,0.479,0.2637,0.2573,pinnacle,2.07,3.38,3.3,2.2,3.6,3.55
2025-09-28,América,Pumas,4,1,0.5455,0.2602,0.1943,pinnacle,1.69,3.65,4.6,1.75,3.9,5.33
2025-09-28,Atlas,Necaxa,3,2,0.2542,0.2604,0.4854,pinnacle,3.52,3.58,1.91,3.9,3.75,2.0
2025-09-28,Monterrey,Santos,1,0,0.7369,0.157,0.1062,pinnacle,1.26,5.76,8.6,1.29,6.5,9.5
2025-09-28,Pachuca,San Luis,2,1,0.5509,0.2329,0.2162,pinnacle,1.65,3.99,4.34,1.73,4.2,4.6
2025-09-28,Puebla,Guadalajara,0,2,0.2657,0.278,0.4563,pinnacle,3.26,3.36,2.08,3.5,3.5,2.12
2025-09-28,Toluca,Mazatlán,3,1,0.7854,0.1316,0.083,pinnacle,1.21,6.35,10.17,1.26,7.0,11.5
2025-09-29,Querétaro,Tigres,0,2,0.1792,0.2458,0.575,pinnacle,5.05,3.74,1.61,5.25,4.0,1.66
2025-09-29,Tijuana,Cruz Azul,2,0,0.3037,0.2385,0.4578,pinnacle,3.03,3.8,2.03,3.2,4.0,2.1
2025-10-04,Atlas,Juárez,3,1,0.3152,0.2765,0.4083,pinnacle,2.83,3.41,2.29,2.92,3.6,2.38
2025-10-04,Mazatlán,San Luis,2,1,0.3824,0.2829,0.3347,pinnacle,2.43,3.39,2.64,2.55,3.5,2.75
2025-10-04,Necaxa,Pachuca,0,1,0.3886,0.2594,0.3519,pinnacle,2.44,3.54,2.54,2.55,3.7,2.7
2025-10-05,América,Santos,3,0,0.8055,0.1226,0.072,pinnacle,1.17,6.96,12.63,1.2,7.5,15.0
2025-10-05,León,Toluca,2,4,0.1906,0.2065,0.6028,pinnacle,4.73,4.54,1.54,5.1,4.75,1.6
2025-10-05,Querétaro,Puebla,3,1,0.3109,0.2861,0.4029,pinnacle,2.79,3.18,2.42,2.92,3.35,2.5
2025-10-05,Tigres,Cruz Azul,1,1,0.4665,0.2638,0.2697,pinnacle,2.07,3.46,3.2,2.15,3.6,3.4
2025-10-06,Pumas,Guadalajara,1,2,0.4156,0.2962,0.2882,pinnacle,2.37,3.2,2.84,2.5,3.35,3.05
2025-10-06,Tijuana,Monterrey,2,2,0.3587,0.2522,0.389,pinnacle,2.74,3.51,2.29,2.88,3.65,2.42
2025-10-18,Puebla,Tijuana,4,3,0.4139,0.2815,0.3046,pinnacle,2.51,3.29,2.63,2.6,3.4,2.75
2025-10-18,San Luis,Atlas,2,0,0.5248,0.2402,0.235,pinnacle,1.79,3.79,3.86,1.84,3.95,4.1
2025-10-18,Tigres,Necaxa,5,3,0.6143,0.212,0.1738,pinnacle,1.49,4.36,5.5,1.53,4.6,6.25
2025-10-19,Cruz Azul,América,2,1,0.3328,0.2767,0.3905,pinnacle,2.84,3.4,2.28,3.0,3.55,2.36
2025-10-19,Guadalajara,Mazatlán,2,0,0.689,0.1892,0.1218,pinnacle,1.33,4.95,7.81,1.35,5.25,8.5
2025-10-19,Juárez,Pachuca,2,2,0.3723,0.2916,0.3361,pinnacle,2.48,3.26,2.67,2.56,3.45,2.83
2025-10-19,Monterrey,Pumas,1,1,0.567,0.2484,0.1846,pinnacle,1.62,3.84,4.88,1.66,4.0,5.25
2025-10-19,Santos,León,2,0,0.3666,0.2508,0.3826,pinnacle,2.58,3.63,2.39,2.75,3.75,2.5
2025-10-19,Toluca,Querétaro,4,0,0.7831,0.1321,0.0847,pinnacle,1.19,6.68,11.09,1.22,7.0,13.0
2025-10-22,América,Puebla,2,1,0.7498,0.1558,0.0945,pinnacle,1.22,5.96,10.97,1.24,6.5,12.0
2025-10-22,Mazatlán,Santos,2,2,0.4742,0.2629,0.2629,pinnacle,2.07,3.5,3.16,2.15,3.6,3.4
2025-10-22,Monterrey,Juárez,4,2,0.5908,0.2261,0.1831,pinnacle,1.53,4.17,5.35,1.55,4.5,5.8
2025-10-22,Necaxa,Cruz Azul,1,1,0.2412,0.2443,0.5145,pinnacle,3.18,3.61,2.04,3.35,3.8,2.18
2025-10-23,Atlas,León,2,0,0.3523,0.2677,0.38,pinnacle,2.51,3.49,2.52,2.57,3.8,2.72
2025-10-23,Pachuca,Tigres,1,2,0.336,0.2889,0.3751,pinnacle,2.74,3.37,2.38,2.96,3.6,2.45
2025-10-23,Pumas,San Luis,0,1,0.5146,0.2539,0.2315,pinnacle,1.85,3.54,3.82,1.91,3.7,4.0
2025-10-23,Querétaro,Guadalajara,1,0,0.1911,0.2574,0.5515,pinnacle,4.81,3.65,1.67,5.25,3.75,1.7
2025-10-23,Tijuana,Toluca,0,0,0.318,0.2524,0.4296,pinnacle,3.0,3.74,2.08,3.2,4.0,2.2
2025-10-25,Juárez,Puebla,4,4,0.5648,0.2458,0.1894,pinnacle,1.52,4.01,5.66,1.58,4.2,6.5
2025-10-25,Mazatlán,América,2,2,0.1493,0.2057,0.645,pinnacle,4.63,3.99,1.63,5.0,4.2,1.7
2025-10-26,Cruz Azul,Monterrey,2,0,0.4918,0.2744,0.2338,pinnacle,1.83,3.82,3.66,1.95,4.0,4.0
2025-10-26,Guadalajara,Atlas,4,1,0.6384,0.2049,0.1567,pinnacle,1.48,4.15,5.94,1.52,4.5,6.5
2025-10-26,León,Pumas,1,1,0.3796,0.2676,0.3528,pinnacle,3.3,3.4,2.06,3.5,3.55,2.15
2025-10-26,Santos,Querétaro,3,1,0.4624,0.2639,0.2737,pinnacle,2.13,3.44,3.08,2.25,3.6,3.25
2025-10-26,Tigres,Tijuana,2,0,0.6476,0.2003,0.152,pinnacle,1.51,4.29,5.41,1.54,4.4,5.75
2025-10-27,San Luis,Necaxa,3,4,0.3721,0.2737,0.3541,pinnacle,2.18,3.48,2.97,2.33,3.7,3.2
2025-10-27,Toluca,Pachuca,2,2,0.5802,0.2159,0.2038,pinnacle,1.5,4.43,5.17,1.55,4.75,5.5
2025-11-01,Atlas,Toluca,0,0,0.1938,0.2186,0.5876,avg,4.76,4.22,1.57,5.1,4.5,1.62
2025-11-01,Necaxa,Santos,4,1,0.6403,0.1962,0.1635,avg,1.44,4.7,5.64,1.49,5.0,6.33
2025-11-01,Puebla,Cruz Azul,0,3,0.1911,0.2391,0.5698,avg,4.83,3.86,1.62,5.33,4.0,1.7
2025-11-01,San Luis,Juárez,1,2,0.4104,0.2798,0.3098,avg,2.25,3.3,2.98,2.3,3.5,3.25
2025-11-02,América,León,2,0,0.7053,0.1805,0.1142,avg,1.31,5.12,8.09,1.35,5.5,10.0
2025-11-02,Monterrey,Tigres,1,1,0.3602,0.2811,0.3588,avg,2.56,3.28,2.57,2.65,3.5,2.71
2025-11-02,Pumas,Tijuana,4,1,0.597,0.224,0.179,avg,1.55,4.13,5.17,1.58,4.25,5.75
2025-11-02,Querétaro,Mazatlán,1,0,0.4265,0.2783,0.2952,avg,2.16,3.31,3.12,2.22,3.5,3.25
2025-11-03,Pachuca,Guadalajara,0,1,0.3351,0.2795,0.3854,avg,2.76,3.31,2.4,3.05,3.5,2.52
2025-11-08,Guadalajara,Monterrey,4,2,0.4841,0.2561,0.2597,avg,1.91,3.61,3.56,2.0,3.7,3.9
2025-11-08,Juárez,Querétaro,1,2,0.6083,0.2353,0.1564,avg,1.52,3.93,5.91,1.58,4.2,6.5
2025-11-08,Mazatlán,Necaxa,1,1,0.2747,0.2495,0.4758,avg,3.36,3.7,1.94,3.75,3.8,2.0
2025-11-08,Tigres,San Luis,3,1,0.7124,0.1754,0.1123,avg,1.3,5.28,8.25,1.34,5.5,9.0
2025-11-08,Tijuana,Atlas,2,0,0.5571,0.2289,0.2141,avg,1.66,4.04,4.32,1.7,4.2,4.75
2025-11-09,Cruz Azul,Pumas,2,3,0.5281,0.2471,0.2248,avg,1.75,3.74,4.11,1.8,4.0,4.5
2025-11-09,León,Puebla,1,2,0.5155,0.2467,0.2378,avg,1.79,3.74,3.88,1.87,4.0,4.2
2025-11-09,Santos,Pachuca,1,0,0.2161,0.2224,0.5614,avg,4.26,4.14,1.64,4.5,4.5,1.68
2025-11-09,Toluca,América,2,0,0.3859,0.2635,0.3506,avg,2.39,3.5,2.63,2.45,3.7,2.74
2025-11-21,Pachuca,Pumas,3,1,0.4648,0.2769,0.2583,avg,1.99,3.34,3.58,2.07,3.6,4.0
2025-11-21,Tijuana,Juárez,3,1,0.4311,0.2787,0.2901,avg,2.14,3.31,3.18,2.2,3.5,3.4
2025-11-27,Juárez,Toluca,1,2,0.2623,0.2773,0.4604,avg,3.51,3.32,2.0,3.7,3.45,2.05
2025-11-27,Monterrey,América,2,0,0.3466,0.2918,0.3616,avg,2.66,3.16,2.55,2.76,3.3,2.71
2025-11-27,Tijuana,Tigres,3,0,0.2833,0.2824,0.4343,avg,3.25,3.26,2.12,3.5,3.45,2.25
2025-11-28,Guadalajara,Cruz Azul,0,0,0.4231,0.2812,0.2956,avg,2.18,3.28,3.12,2.23,3.5,3.35
2025-11-29,América,Monterrey,2,1,0.6374,0.2072,0.1553,avg,1.45,4.46,5.95,1.5,4.8,6.5
2025-11-30,Tigres,Tijuana,5,0,0.7049,0.18,0.1151,avg,1.31,5.13,8.02,1.33,5.33,9.0
2025-11-30,Toluca,Juárez,0,0,0.711,0.1754,0.1136,avg,1.3,5.27,8.14,1.32,5.66,10.0
2025-12-01,Cruz Azul,Guadalajara,3,2,0.448,0.2797,0.2723,avg,2.06,3.3,3.39,2.16,3.5,3.6
2025-12-04,Cruz Azul,Tigres,1,1,0.4135,0.2946,0.2918,avg,2.23,3.13,3.16,2.3,3.3,3.5
2025-12-04,Monterrey,Toluca,1,0,0.3564,0.2683,0.3752,avg,2.59,3.44,2.46,2.68,3.6,2.6
2025-12-07,Tigres,Cruz Azul,1,1,0.4904,0.2696,0.2401,avg,1.88,3.42,3.84,1.94,3.7,4.1
2025-12-07,Toluca,Monterrey,3,2,0.6622,0.1917,0.1461,avg,1.39,4.8,6.3,1.45,5.33,7.0
2025-12-12,Tigres,Toluca,1,0,0.4552,0.2852,0.2596,avg,2.03,3.24,3.56,2.15,3.4,4.2
2025-12-15,Toluca,Tigres,2,1,0.5983,0.2267,0.175,avg,1.55,4.09,5.3,1.91,4.6,6.25
2026-01-10,Atlas,Puebla,1,0,0.4055,0.2877,0.3068,avg,2.27,3.2,3.0,2.42,3.3,3.2
2026-01-10,Guadalajara,Pachuca,2,0,0.5694,0.2347,0.1959,avg,1.62,3.93,4.71,1.71,4.2,5.25
2026-01-10,Mazatlán,Juárez,1,2,0.3277,0.3009,0.3713,avg,2.81,3.06,2.48,3.05,3.15,2.6
2026-01-10,Tijuana,América,0,0,0.2761,0.272,0.452,avg,3.34,3.39,2.04,3.6,3.6,2.15
2026-01-11,León,Cruz Azul,2,1,0.2019,0.2487,0.5493,avg,4.57,3.71,1.68,5.0,4.0,1.72
2026-01-11,Monterrey,Toluca,0,1,0.464,0.2661,0.27,avg,1.99,3.47,3.42,2.1,3.95,3.7
2026-01-11,Pumas,Querétaro,1,1,0.5387,0.267,0.1943,avg,1.71,3.45,4.74,1.8,3.65,5.5
2026-01-11,Santos,Necaxa,1,3,0.2978,0.2599,0.4423,avg,3.09,3.54,2.08,3.45,3.75,2.2
2026-01-12,San Luis,Tigres,1,2,0.3067,0.2788,0.4145,avg,3.0,3.3,2.22,3.2,3.4,2.32
2026-01-13,Puebla,Mazatlán,2,1,0.5465,0.2523,0.2012,avg,1.69,3.66,4.59,1.95,3.9,5.0
2026-01-14,Cruz Azul,Atlas,2,0,0.6877,0.1928,0.1195,avg,1.34,4.78,7.71,1.39,5.3,8.6
2026-01-14,Juárez,Guadalajara,0,1,0.1991,0.269,0.5318,avg,4.62,3.42,1.73,5.0,3.5,1.78
2026-01-14,Necaxa,Monterrey,0,2,0.3775,0.267,0.3556,avg,2.44,3.45,2.59,2.62,3.65,2.7
2026-01-14,Pachuca,León,2,1,0.5106,0.2589,0.2305,avg,1.81,3.57,4.01,1.86,3.85,4.5
2026-01-15,América,San Luis,0,2,0.6393,0.2146,0.1461,avg,1.44,4.29,6.3,1.5,4.7,7.5
2026-01-15,Querétaro,Tijuana,1,2,0.3571,0.2925,0.3503,avg,2.58,3.15,2.63,2.75,3.25,2.85
2026-01-15,Tigres,Pumas,0,1,0.5833,0.2464,0.1703,avg,1.58,3.74,5.41,1.65,4.0,6.33
2026-01-15,Toluca,Santos,3,1,0.789,0.1306,0.0805,avg,1.17,7.07,11.47,1.21,8.0,16.5
2026-01-17,Guadalajara,Querétaro,2,1,0.7253,0.1792,0.0955,avg,1.27,5.14,9.64,1.32,5.5,12.0
2026-01-17,Mazatlán,Monterrey,1,5,0.1676,0.2191,0.6134,avg,5.49,4.2,1.5,6.33,4.5,1.56
2026-01-17,Necaxa,Atlas,0,1,0.5105,0.2574,0.2322,avg,1.81,3.59,3.98,1.86,3.75,4.2
2026-01-18,Cruz Azul,Puebla,1,0,0.61,0.2225,0.1675,avg,1.51,4.14,5.5,1.55,4.33,6.25
2026-01-18,Pumas,León,1,1,0.4403,0.2739,0.2858,avg,2.09,3.36,3.22,2.2,3.6,3.4
2026-01-18,Santos,Juárez,2,2,0.3038,0.2798,0.4165,avg,3.03,3.29,2.21,3.2,3.4,2.38
2026-01-18,Tigres,Toluca,0,0,0.4369,0.2777,0.2854,avg,2.11,3.32,3.23,2.28,3.5,3.6
2026-01-18,Tijuana,San Luis,1,1,0.4768,0.2675,0.2556,avg,1.93,3.44,3.6,1.98,3.6,3.8
2026-01-19,Pachuca,América,0,0,0.3051,0.3011,0.3938,avg,3.02,3.06,2.34,3.3,3.35,2.5
2026-01-31,América,Necaxa,2,0,0.6372,0.2265,0.1363,avg,1.45,4.08,6.78,1.5,4.2,7.5
2026-01-31,Atlas,Mazatlán,1,0,0.527,0.2598,0.2132,avg,1.76,3.57,4.35,1.85,3.75,5.0
2026-01-31,Juárez,Cruz Azul,3,4,0.2693,0.2733,0.4573,avg,3.43,3.38,2.02,3.75,3.6,2.08
2026-01-31,Puebla,Toluca,0,0,0.1385,0.2154,0.6461,avg,6.67,4.29,1.43,7.5,4.5,1.49
2026-01-31,Pumas,Santos,4,0,0.614,0.2171,0.1689,avg,1.51,4.27,5.49,1.56,4.5,5.8
2026-01-31,San Luis,Guadalajara,2,3,0.2052,0.2599,0.5349,avg,4.51,3.56,1.73,5.0,3.7,1.83
2026-02-01,León,Tigres,1,2,0.2673,0.2704,0.4624,avg,3.46,3.42,2.0,3.6,3.5,2.06
2026-02-01,Monterrey,Tijuana,2,2,0.5646,0.2405,0.1949,avg,1.64,3.85,4.75,1.7,4.0,5.1
2026-02-01,Querétaro,Pachuca,0,0,0.2884,0.2831,0.4286,avg,3.21,3.27,2.16,3.5,3.5,2.2
2026-02-07,Mazatlán,Guadalajara,1,2,0.1301,0.2008,0.6692,avg,7.1,4.6,1.38,7.5,5.0,1.42
2026-02-07,Necaxa,San Luis,4,1,0.3765,0.2867,0.3368,avg,2.46,3.23,2.75,2.55,3.4,2.9
2026-02-07,Querétaro,León,2,0,0.3422,0.2897,0.3681,avg,2.7,3.19,2.51,2.75,3.3,2.57
2026-02-07,Tigres,Santos,5,1,0.7384,0.1624,0.0992,avg,1.26,5.73,9.38,1.29,6.25,10.5
2026-02-07,Tijuana,Puebla,0,0,0.5609,0.2392,0.1999,avg,1.65,3.87,4.63,1.7,4.0,5.2
2026-02-07,Toluca,Cruz Azul,1,1,0.5028,0.2636,0.2336,avg,1.84,3.51,3.96,1.91,3.85,4.25
2026-02-08,América,Monterrey,1,0,0.529,0.2586,0.2123,avg,1.75,3.58,4.36,1.85,3.7,4.75
2026-02-08,Atlas,Pumas,2,2,0.3391,0.3035,0.3574,avg,2.73,3.05,2.59,2.85,3.13,2.7
2026-02-08,Pachuca,Juárez,2,0,0.4733,0.2772,0.2495,avg,1.95,3.33,3.7,2.02,3.5,4.0
2026-02-14,Pachuca,Atlas,3,1,0.539,0.2641,0.1969,avg,1.71,3.49,4.68,1.78,3.66,5.2
2026-02-14,Puebla,Pumas,2,3,0.3619,0.29,0.3482,avg,2.54,3.17,2.64,2.65,3.3,2.75
2026-02-14,San Luis,Querétaro,3,0,0.4771,0.274,0.2489,avg,1.93,3.36,3.7,2.0,3.5,4.0
2026-02-14,Toluca,Tijuana,1,0,0.7607,0.1547,0.0846,avg,1.21,5.95,10.88,1.3,7.0,15.0
2026-02-15,Cruz Azul,Tigres,2,1,0.4187,0.2861,0.2952,avg,2.2,3.22,3.12,2.3,3.4,3.25
2026-02-15,Guadalajara,América,1,0,0.4202,0.2867,0.2931,avg,2.19,3.21,3.14,2.25,3.5,3.3
2026-02-15,Juárez,Necaxa,1,2,0.4343,0.285,0.2807,avg,2.12,3.23,3.28,2.25,3.4,3.7
2026-02-15,Monterrey,León,1,0,0.6019,0.223,0.1751,avg,1.53,4.13,5.26,1.57,4.3,5.8
2026-02-15,Santos,Mazatlán,1,2,0.5115,0.2523,0.2362,avg,1.81,3.67,3.92,1.89,3.8,4.33
2026-02-21,Atlas,San Luis,3,2,0.3972,0.2901,0.3127,avg,2.33,3.19,2.96,2.43,3.3,3.14
2026-02-21,Puebla,América,0,4,0.1963,0.2643,0.5394,avg,4.7,3.49,1.71,5.0,3.6,1.78
2026-02-21,Tigres,Pachuca,1,2,0.6189,0.2205,0.1606,avg,1.5,4.21,5.78,1.53,4.4,6.5
2026-02-22,Cruz Azul,Guadalajara,2,1,0.4096,0.2723,0.3181,avg,2.26,3.4,2.91,2.4,3.5,3.1
2026-02-22,León,Santos,2,1,0.5785,0.2258,0.1957,avg,1.6,4.1,4.73,1.65,4.2,5.1
2026-02-22,Necaxa,Toluca,0,3,0.1801,0.2411,0.5787,avg,5.14,3.84,1.6,5.66,4.0,1.67
2026-02-22,Pumas,Monterrey,2,0,0.3672,0.2754,0.3573,avg,2.52,3.36,2.59,2.6,3.5,2.7
2026-02-22,Tijuana,Mazatlán,1,1,0.6244,0.2211,0.1545,avg,1.48,4.18,5.98,1.53,4.5,6.5
2026-02-28,Juárez,Atlas,3,1,0.4631,0.283,0.254,avg,1.98,3.24,3.61,2.05,3.4,4.0
2026-02-28,Mazatlán,Pachuca,1,0,0.2692,0.2765,0.4544,avg,3.41,3.32,2.02,3.66,3.55,2.15
2026-02-28,Querétaro,Santos,2,2,0.4876,0.2612,0.2512,avg,1.88,3.51,3.65,1.95,3.7,3.85
2026-02-28,San Luis,Puebla,0,1,0.4404,0.2759,0.2836,avg,2.08,3.32,3.23,2.2,3.5,3.4
2026-02-28,Tijuana,Pumas,1,1,0.4301,0.2686,0.3013,avg,2.13,3.41,3.04,2.2,3.75,3.25
2026-02-28,Toluca,Guadalajara,2,0,0.4494,0.2856,0.265,avg,2.04,3.21,3.46,2.12,3.4,3.7
2026-03-01,América,Tigres,1,4,0.4302,0.2937,0.276,avg,2.13,3.12,3.32,2.22,3.3,3.65
2026-03-01,León,Necaxa,2,1,0.4449,0.2687,0.2864,avg,2.06,3.41,3.2,2.12,3.6,3.4
2026-03-01,Monterrey,Cruz Azul,0,2,0.3525,0.2704,0.3772,avg,2.6,3.39,2.43,2.75,3.5,2.6
2026-03-04,Pachuca,Necaxa,2,1,0.5432,0.243,0.2138,avg,1.7,3.8,4.32,1.73,4.0,4.5
2026-03-04,Pumas,Toluca,2,3,0.2497,0.2603,0.4901,avg,3.69,3.54,1.88,3.9,3.7,1.95
2026-03-04,San Luis,Mazatlán,4,1,0.5849,0.237,0.1781,avg,1.58,3.9,5.19,1.62,4.0,5.8
2026-03-04,Santos,Cruz Azul,1,2,0.1287,0.193,0.6783,avg,7.17,4.78,1.36,8.0,5.0,1.4
2026-03-05,América,Juárez,1,2,0.5432,0.2594,0.1973,avg,1.7,3.56,4.68,1.75,3.7,5.1
2026-03-05,Atlas,Tijuana,2,1,0.4504,0.2764,0.2732,avg,2.05,3.34,3.38,2.14,3.4,3.7
2026-03-05,Monterrey,Querétaro,4,0,0.6111,0.2262,0.1627,avg,1.51,4.08,5.67,1.55,4.35,6.75
2026-03-05,Puebla,Tigres,3,1,0.2404,0.2739,0.4858,avg,3.84,3.37,1.9,4.2,3.45,1.97
2026-03-07,Cruz Azul,San Luis,3,0,0.6558,0.2036,0.1406,avg,1.4,4.51,6.53,1.44,4.75,7.2
2026-03-07,Mazatlán,León,4,2,0.3032,0.2669,0.4299,avg,3.02,3.43,2.13,3.2,3.55,2.25
2026-03-07,Necaxa,Pumas,0,1,0.3237,0.2655,0.4108,avg,2.83,3.45,2.23,3.0,3.6,2.3
2026-03-07,Querétaro,América,1,2,0.2056,0.2705,0.5239,avg,4.46,3.39,1.75,5.0,3.6,1.83
2026-03-08,Atlas,Guadalajara,1,2,0.1849,0.2526,0.5625,avg,4.96,3.63,1.63,5.33,3.75,1.67
2026-03-08,Pachuca,Puebla,2,1,0.5243,0.2577,0.2179,avg,1.75,3.56,4.21,1.84,3.75,4.5
2026-03-08,Tigres,Monterrey,1,0,0.5005,0.261,0.2385,avg,1.83,3.51,3.84,1.93,3.6,4.2
2026-03-08,Toluca,Juárez,3,1,0.63,0.2175,0.1525,avg,1.46,4.23,6.03,1.51,4.6,7.5
2026-03-09,Tijuana,Santos,1,2,0.5984,0.2228,0.1788,avg,1.53,4.11,5.12,1.57,4.5,5.5
2026-03-14,Guadalajara,Santos,3,0,0.7394,0.1585,0.1021,avg,1.25,5.83,9.05,1.29,6.25,11.0
2026-03-14,Juárez,Monterrey,2,2,0.3657,0.2671,0.3672,avg,2.52,3.45,2.51,2.63,3.6,2.63
2026-03-14,Puebla,Necaxa,0,0,0.429,0.2705,0.3005,avg,2.15,3.41,3.07,2.25,3.6,3.35
2026-03-14,San Luis,Pachuca,1,1,0.321,0.2752,0.4038,avg,2.88,3.36,2.29,3.1,3.5,2.43
2026-03-15,León,Tijuana,0,3,0.527,0.2395,0.2335,avg,1.75,3.85,3.95,1.85,4.0,4.33
2026-03-15,Pumas,Cruz Azul,2,2,0.2759,0.2633,0.4608,avg,3.34,3.5,2.0,3.5,3.65,2.07
2026-03-15,Tigres,Querétaro,0,0,0.655,0.2075,0.1374,avg,1.41,4.45,6.72,1.48,4.75,7.5
2026-03-15,Toluca,Atlas,1,1,0.6071,0.2301,0.1628,avg,1.52,4.01,5.67,1.57,4.25,6.4
2026-03-16,América,Mazatlán,2,0,0.7652,0.1541,0.0808,avg,1.21,6.01,11.46,1.23,6.5,13.0
2026-03-19,Guadalajara,León,5,0,0.6728,0.197,0.1302,avg,1.37,4.68,7.08,1.41,5.0,7.5
2026-03-21,Atlas,Querétaro,0,0,0.4826,0.2768,0.2407,avg,1.91,3.33,3.83,2.0,3.5,4.1
2026-03-21,Mazatlán,Cruz Azul,1,1,0.1887,0.2197,0.5916,avg,4.89,4.2,1.56,5.25,4.5,1.6
2026-03-21,Necaxa,Tijuana,3,0,0.4352,0.269,0.2957,avg,2.12,3.43,3.12,2.23,3.55,3.4
2026-03-22,Monterrey,Guadalajara,2,3,0.2698,0.257,0.4732,avg,3.42,3.59,1.95,3.8,3.75,2.06
2026-03-22,Pachuca,Toluca,1,1,0.2562,0.2506,0.4932,avg,3.6,3.68,1.87,3.9,3.8,1.91
2026-03-22,Pumas,América,1,0,0.3406,0.2764,0.383,avg,2.71,3.34,2.41,2.95,3.45,2.55
2026-03-22,San Luis,León,1,2,0.4316,0.2616,0.3068,avg,2.14,3.53,3.01,2.2,3.7,3.25
2026-03-22,Santos,Puebla,2,1,0.3749,0.2704,0.3547,avg,2.46,3.41,2.6,2.55,3.5,2.75
2026-03-23,Juárez,Tigres,2,1,0.2791,0.2766,0.4442,avg,3.31,3.34,2.08,3.5,3.5,2.15
2026-04-04,Necaxa,Mazatlán,2,1,0.595,0.2235,0.1815,avg,1.54,4.1,5.05,1.58,4.5,5.5
2026-04-04,Puebla,Juárez,1,1,0.3726,0.2736,0.3539,avg,2.46,3.35,2.59,2.65,3.6,2.71
2026-04-04,Tijuana,Tigres,1,0,0.2255,0.2601,0.5144,avg,4.06,3.52,1.78,4.5,3.75,1.84
2026-04-05,Cruz Azul,Pachuca,1,2,0.4243,0.2672,0.3086,avg,2.16,3.43,2.97,2.25,3.75,3.2
2026-04-05,León,Atlas,2,0,0.4287,0.2772,0.2941,avg,2.14,3.31,3.12,2.25,3.5,3.4
2026-04-05,Monterrey,San Luis,1,2,0.6113,0.2173,0.1714,avg,1.5,4.22,5.35,1.54,4.4,6.0
2026-04-05,Querétaro,Toluca,1,0,0.1713,0.2219,0.6068,avg,5.35,4.13,1.51,6.0,4.4,1.57
2026-04-05,Santos,América,1,1,0.1983,0.2361,0.5656,avg,4.62,3.88,1.62,5.1,4.1,1.7
2026-04-06,Guadalajara,Pumas,2,2,0.6226,0.2119,0.1655,avg,1.47,4.32,5.53,1.52,4.5,6.25
2026-04-08,Querétaro,Juárez,1,1,0.34,0.2805,0.3795,avg,2.69,3.26,2.41,2.85,3.4,2.54
2026-04-11,Juárez,Tijuana,1,2,0.5556,0.2393,0.2051,avg,1.65,3.83,4.47,1.85,4.2,5.0
2026-04-11,Puebla,León,0,1,0.3542,0.2682,0.3775,avg,2.59,3.42,2.43,2.75,3.5,2.7
2026-04-12,América,Cruz Azul,1,1,0.3302,0.2981,0.3717,avg,2.78,3.08,2.47,3.0,3.3,2.75
2026-04-12,Atlas,Monterrey,0,0,0.331,0.2721,0.3969,avg,2.77,3.37,2.31,3.1,3.5,2.44
2026-04-12,Pachuca,Santos,4,2,0.6793,0.1864,0.1343,avg,1.35,4.92,6.83,1.4,5.25,8.2
2026-04-12,Pumas,Mazatlán,3,1,0.7371,0.1591,0.1038,avg,1.25,5.79,8.88,1.4,6.5,10.75
2026-04-12,Querétaro,Necaxa,3,1,0.3913,0.2758,0.3329,avg,2.34,3.32,2.75,2.45,3.5,2.95
2026-04-12,Tigres,Guadalajara,4,1,0.379,0.2788,0.3422,avg,2.42,3.29,2.68,2.54,3.4,2.82
2026-04-13,Toluca,San Luis,1,1,0.6037,0.2222,0.1741,avg,1.52,4.13,5.27,1.57,4.75,7.5
2026-04-18,Mazatlán,Querétaro,1,1,0.3343,0.2728,0.3929,avg,2.75,3.37,2.34,2.9,3.5,3.0
2026-04-18,San Luis,Pumas,0,2,0.3173,0.2596,0.4231,avg,2.88,3.52,2.16,3.1,3.7,2.3
2026-04-19,América,Toluca,2,1,0.3323,0.2822,0.3854,avg,2.76,3.25,2.38,3.0,3.4,2.7
2026-04-19,Cruz Azul,Tijuana,1,1,0.7261,0.1677,0.1062,avg,1.27,5.5,8.68,1.44,6.0,10.0
2026-04-19,Guadalajara,Puebla,5,0,0.7526,0.1583,0.0891,avg,1.22,5.8,10.3,1.27,6.5,13.0
2026-04-19,León,Juárez,3,1,0.4281,0.2625,0.3095,avg,2.14,3.49,2.96,2.25,3.7,3.1
2026-04-19,Monterrey,Pachuca,1,3,0.3956,0.2645,0.3399,avg,2.32,3.47,2.7,2.4,3.65,2.8
2026-04-19,Necaxa,Tigres,1,1,0.2611,0.2688,0.4701,avg,3.51,3.41,1.95,3.9,3.5,2.05
2026-04-20,Santos,Atlas,0,1,0.3626,0.2675,0.3699,avg,2.53,3.43,2.48,2.7,3.6,2.6
2026-04-22,León,América,2,3,0.2759,0.2793,0.4447,avg,3.32,3.28,2.06,3.6,3.5,2.15
2026-04-22,Monterrey,Puebla,2,1,0.6165,0.2131,0.1704,avg,1.49,4.31,5.39,1.53,4.6,6.25
2026-04-22,Pumas,Juárez,4,2,0.5576,0.2289,0.2135,avg,1.65,4.02,4.31,1.91,4.33,5.0
2026-04-22,Querétaro,Cruz Azul,1,1,0.1902,0.2232,0.5866,avg,4.81,4.1,1.56,5.5,4.33,1.75
2026-04-23,Atlas,Tigres,0,0,0.1929,0.2628,0.5443,avg,4.77,3.5,1.69,5.5,3.75,1.91
2026-04-23,Mazatlán,Toluca,4,3,0.1905,0.2208,0.5887,avg,4.82,4.16,1.56,6.5,4.6,1.63
2026-04-23,Necaxa,Guadalajara,0,0,0.3233,0.3811,0.2957,avg,5.14,4.36,5.62,5.5,4.5,22.0
2026-04-23,San Luis,Santos,2,0,0.5088,0.2423,0.2489,avg,1.8,3.78,3.68,1.88,4.0,3.9
2026-04-23,Tijuana,Pachuca,3,1,0.4885,0.3398,0.1717,avg,2.33,3.35,6.63,2.45,3.6,22.0
2026-04-25,Puebla,Querétaro,1,2,0.3588,0.2781,0.3631,avg,2.55,3.29,2.52,2.7,3.5,2.75
2026-04-26,América,Atlas,0,1,0.6149,0.2399,0.1452,avg,1.49,3.82,6.31,1.56,4.1,7.0
2026-04-26,Guadalajara,Tijuana,0,0,0.6778,0.1894,0.1328,avg,1.35,4.83,6.89,1.41,5.33,8.0
2026-04-26,Juárez,San Luis,2,1,0.4715,0.2562,0.2722,avg,1.94,3.57,3.36,2.02,3.75,3.75
2026-04-26,Pachuca,Pumas,0,2,0.476,0.2567,0.2672,avg,1.92,3.56,3.42,1.98,3.75,3.75
2026-04-26,Tigres,Mazatlán,5,1,0.7762,0.1436,0.0803,avg,1.18,6.38,11.41,1.23,7.0,15.0
2026-04-26,Toluca,León,4,1,0.5105,0.2392,0.2503,avg,1.79,3.82,3.65,1.85,4.0,3.9
2026-04-27,Cruz Azul,Necaxa,4,1,0.7408,0.1603,0.0989,avg,1.24,5.73,9.29,1.28,6.25,11.0
2026-04-27,Santos,Monterrey,3,0,0.3404,0.2544,0.4052,avg,2.69,3.6,2.26,2.9,3.8,2.42
2026-05-03,Atlas,Cruz Azul,2,3,0.2219,0.2866,0.4915,avg,4.12,3.19,1.86,4.5,3.33,1.93
2026-05-03,Tigres,Guadalajara,3,1,0.497,0.2738,0.2292,avg,1.84,3.34,3.99,1.91,3.5,4.2
2026-05-04,América,Pumas,3,3,0.4957,0.3351,0.1691,avg,2.17,3.21,6.36,2.2,3.3,22.0
2026-05-04,Toluca,Pachuca,0,1,0.4972,0.2548,0.2479,avg,1.84,3.59,3.69,1.96,3.9,4.1
2026-05-10,Cruz Azul,Atlas,1,0,0.6151,0.2241,0.1608,avg,1.49,4.09,5.7,1.53,4.33,6.5
2026-05-10,Guadalajara,Tigres,2,0,0.4572,0.2674,0.2754,avg,2.0,3.42,3.32,2.1,3.7,3.66
2026-05-11,Pachuca,Toluca,2,0,0.3409,0.2687,0.3904,avg,2.68,3.4,2.34,3.1,3.55,2.5
2026-05-11,Pumas,América,3,3,0.3738,0.2751,0.3511,avg,2.48,3.37,2.64,2.6,3.5,2.8
2026-05-14,Cruz Azul,Guadalajara,2,2,0.4324,0.2807,0.2869,avg,2.11,3.25,3.18,2.2,3.4,3.4
2026-05-15,Pachuca,Pumas,1,0,0.469,0.2659,0.2651,avg,1.95,3.44,3.45,2.12,3.75,3.7
2026-05-17,Guadalajara,Cruz Azul,1,2,0.4164,0.2793,0.3043,avg,2.2,3.28,3.01,2.3,3.4,3.25
2026-05-18,Pumas,Pachuca,1,0,0.4019,0.2574,0.3407,avg,2.28,3.56,2.69,2.38,3.75,3.0
2026-05-22,Cruz Azul,Pumas,0,0,0.5546,0.246,0.1994,avg,1.65,3.72,4.59,1.71,4.0,5.0
2026-05-25,Pumas,Cruz Azul,1,2,0.3084,0.2809,0.4107,avg,2.97,3.26,2.23,3.14,3.6,2.33
2026-07-17,Necaxa,Atlante,2,1,0.4944,0.2584,0.2472,avg,1.85,3.54,3.7,1.9,3.7,4.0
2026-07-17,Tijuana,Tigres,3,1,0.2709,0.275,0.4542,avg,3.37,3.32,2.01,3.65,3.4,2.1
2026-07-18,Juárez,Puebla,0,1,0.555,0.2397,0.2053,avg,1.65,3.82,4.46,1.7,4.1,4.8
2026-07-18,León,Atlas,2,3,0.4353,0.2749,0.2898,avg,2.09,3.31,3.14,2.2,3.45,3.4
2026-07-18,San Luis,Cruz Azul,2,3,0.198,0.2421,0.5599,avg,4.61,3.77,1.63,5.0,3.9,1.71
2026-07-19,Guadalajara,Toluca,0,2,0.4781,0.2572,0.2647,avg,1.91,3.55,3.45,2.02,3.75,3.8
2026-07-19,Monterrey,Santos,3,2,0.6348,0.2045,0.1607,avg,1.44,4.47,5.69,1.5,4.75,6.5
2026-07-19,Pumas,Pachuca,0,3,0.3735,0.2799,0.3466,avg,2.45,3.27,2.64,2.6,3.5,2.9
2026-07-19,Querétaro,América,0,1,0.2575,0.2589,0.4836,avg,3.55,3.53,1.89,3.9,3.7,2.0
2026-07-22,Cruz Azul,Puebla,2,1,0.6984,0.1834,0.1182,avg,1.31,4.99,7.74,1.36,5.5,8.5
2026-07-22,Toluca,Pumas,1,2,0.5971,0.2234,0.1795,avg,1.53,4.09,5.09,1.57,4.25,5.75
2026-07-25,Atlante,América,1,1,0.1617,0.2271,0.6112,avg,5.63,4.01,1.49,6.1,4.33,1.55
2026-07-25,Tijuana,León,1,0,0.4916,0.2605,0.2478,avg,1.86,3.51,3.69,1.91,3.65,4.33
2026-07-26,Guadalajara,Juárez,1,0,0.677,0.1908,0.1323,avg,1.35,4.79,6.91,1.4,5.33,8.0
2026-07-26,Santos,Atlas,0,1,0.3415,0.2849,0.3736,avg,2.67,3.2,2.44,2.85,3.3,2.65
2026-07-26,Tigres,San Luis,2,2,0.6308,0.2167,0.1524,avg,1.45,4.22,6.0,1.51,4.5,6.75
2026-07-27,Necaxa,Monterrey,2,1,0.2759,0.2558,0.4683,avg,3.31,3.57,1.95,3.8,3.8,2.07
2026-07-27,Pachuca,Querétaro,1,2,0.5648,0.2446,0.1906,avg,1.62,3.74,4.8,1.68,3.9,5.33
2026-08-01,Juárez,Pumas,1,5,0.3599,0.2729,0.3672,avg,2.54,3.35,2.49,2.66,3.5,2.6
2026-08-01,Puebla,Guadalajara,1,1,0.1632,0.2139,0.6229,avg,5.61,4.28,1.47,6.0,4.75,1.52
2026-08-01,San Luis,Tijuana,0,0,0.4154,0.2769,0.3077,avg,2.2,3.3,2.97,2.25,3.5,3.1
2026-08-02,Atlas,Monterrey,0,2,0.3619,0.2791,0.359,avg,2.53,3.28,2.55,2.65,3.45,2.65
2026-08-02,Cruz Azul,Atlante,2,3,0.6795,0.1985,0.122,avg,1.35,4.62,7.52,1.42,5.1,9.0
2026-08-02,León,Pachuca,1,0,0.3174,0.2795,0.4031,avg,2.87,3.26,2.26,3.0,3.45,2.35
2026-08-02,Querétaro,Tigres,3,2,0.3049,0.2755,0.4196,avg,3.0,3.32,2.18,3.2,3.5,2.25
2026-08-03,América,Santos,3,0,0.6815,0.1879,0.1306,avg,1.34,4.86,6.99,1.39,5.33,8.0
2026-08-03,Toluca,Necaxa,3,1,0.6344,0.2062,0.1594,avg,1.44,4.43,5.73,1.49,4.75,6.25
2026-08-16,Atlante,Toluca,0,0,0.1831,0.2328,0.5842,avg,5.01,3.94,1.57,5.5,4.1,1.62
2026-08-16,Atlas,Tigres,2,1,0.2973,0.2944,0.4083,avg,3.09,3.12,2.25,3.3,3.2,2.3
2026-08-16,Monterrey,Juárez,6,1,0.6329,0.2044,0.1627,avg,1.45,4.49,5.64,1.5,4.75,6.25
2026-08-16,Pumas,Querétaro,0,0,0.4941,0.2596,0.2464,avg,1.86,3.54,3.73,1.91,3.75,4.2
2026-08-17,América,San Luis,3,0,0.4871,0.2668,0.2461,avg,1.89,3.45,3.74,1.93,3.6,4.2
2026-08-17,Santos,Guadalajara,0,1,0.1805,0.214,0.6055,avg,5.1,4.3,1.52,5.5,4.5,1.55
2026-08-17,Tijuana,Cruz Azul,2,1,0.3362,0.2798,0.384,avg,2.73,3.28,2.39,2.85,3.4,2.55
2026-08-18,Necaxa,León,1,2,0.3425,0.2782,0.3793,avg,2.68,3.3,2.42,2.8,3.4,2.5
2026-08-18,Pachuca,Puebla,2,3,0.5788,0.2372,0.184,avg,1.59,3.88,5.0,1.65,4.1,5.5
2026-08-22,Juárez,América,1,2,0.1863,0.2423,0.5714,avg,4.97,3.82,1.62,5.25,4.0,1.67
2026-08-22,León,Monterrey,2,0,0.305,0.2633,0.4318,avg,3.03,3.51,2.14,3.25,3.7,2.24
2026-08-22,Querétaro,Toluca,1,2,0.2577,0.2542,0.4881,avg,3.58,3.63,1.89,3.75,3.75,1.93
2026-08-22,Tigres,Atlante,2,0,0.6024,0.221,0.1766,avg,1.53,4.17,5.22,1.55,4.5,5.5
2026-08-23,Cruz Azul,Atlas,0,2,0.5853,0.2359,0.1789,avg,1.58,3.92,5.17,1.62,4.0,5.75
2026-08-23,Guadalajara,Tijuana,5,2,0.6476,0.2039,0.1486,avg,1.42,4.51,6.19,1.47,4.75,7.0
2026-08-23,Puebla,Santos,3,2,0.4433,0.2612,0.2955,avg,2.08,3.53,3.12,2.15,3.6,3.25
2026-08-24,Pumas,Necaxa,1,1,0.4905,0.2569,0.2526,avg,1.88,3.59,3.65,1.93,3.75,3.8
2026-08-24,San Luis,Pachuca,1,1,0.2989,0.2654,0.4357,avg,3.09,3.48,2.12,3.3,3.6,2.2
2026-08-29,Atlante,León,1,1,0.3675,0.2621,0.3705,avg,2.51,3.52,2.49,2.57,3.66,2.55
2026-08-29,Necaxa,Cruz Azul,1,3,0.2651,0.257,0.478,avg,3.48,3.59,1.93,3.8,3.75,1.98
2026-08-29,Tijuana,Pumas,2,0,0.4652,0.2693,0.2655,avg,1.98,3.42,3.47,2.06,3.6,3.8
2026-08-30,América,Puebla,2,0,0.5459,0.2415,0.2126,avg,1.69,3.82,4.34,1.75,4.1,4.65
2026-08-30,Atlas,Querétaro,1,3,0.4473,0.2809,0.2718,avg,2.06,3.28,3.39,2.14,3.4,3.6
2026-08-30,Pachuca,Guadalajara,1,1,0.3048,0.2616,0.4336,avg,3.03,3.53,2.13,3.2,3.6,2.2
2026-08-30,Santos,Tigres,0,0,0.2203,0.2443,0.5354,avg,4.18,3.77,1.72,4.55,4.0,1.76
2026-08-31,Monterrey,San Luis,1,3,0.5078,0.2484,0.2438,avg,1.82,3.72,3.79,1.85,3.8,4.0
2026-08-31,Toluca,Juárez,4,0,0.6952,0.1838,0.121,avg,1.33,5.03,7.64,1.37,5.5,8.5
2026-09-05,Juárez,Pachuca,0,2,0.2772,0.2747,0.4481,avg,3.33,3.36,2.06,3.5,3.5,2.1
2026-09-06,Atlas,Atlante,1,1,0.5002,0.2691,0.2307,avg,1.84,3.42,3.99,1.9,3.55,4.25
2026-09-06,San Luis,Guadalajara,0,3,0.2195,0.2464,0.5341,avg,4.21,3.75,1.73,4.5,3.9,1.77
2026-09-06,Tigres,Necaxa,1,1,0.5737,0.2431,0.1833,avg,1.61,3.8,5.04,1.67,4.0,5.75
2026-09-07,Cruz Azul,Santos,1,0,0.6874,0.1803,0.1323,avg,1.34,5.11,6.96,1.39,5.3,8.0
2026-09-11,Pumas,León,3,1,0.4294,0.2636,0.307,avg,2.13,3.47,2.98,2.2,3.8,3.25
2026-09-12,Atlante,Pachuca,0,3,0.3191,0.2827,0.3982,avg,2.87,3.24,2.3,3.0,3.4,2.38
2026-09-12,Necaxa,Puebla,0,1,0.4701,0.2546,0.2753,avg,1.95,3.6,3.33,2.05,3.8,3.5
2026-09-12,Tijuana,Querétaro,0,1,0.4783,0.2715,0.2502,avg,1.93,3.4,3.69,2.0,3.5,4.0
2026-09-13,Cruz Azul,América,4,3,0.3542,0.2651,0.3807,avg,2.59,3.46,2.41,2.7,3.6,2.5
2026-09-13,Monterrey,Tigres,0,0,0.4645,0.2681,0.2674,avg,1.98,3.43,3.44,2.08,3.6,3.75
2026-09-13,Toluca,Atlas,5,2,0.6849,0.1924,0.1227,avg,1.34,4.77,7.48,1.4,5.0,8.0
2026-09-14,Guadalajara,Pumas,3,0,0.6137,0.2161,0.1702,avg,1.5,4.26,5.41,1.53,4.5,6.0
2026-09-14,Santos,Juárez,2,1,0.4641,0.2633,0.2727,avg,1.98,3.49,3.37,2.05,3.65,3.6
2026-09-15,León,San Luis,2,0,0.4863,0.2525,0.2611,avg,1.89,3.64,3.52,2.1,3.8,3.66
2026-09-16,Puebla,Toluca,0,1,0.1617,0.2061,0.6323,avg,5.71,4.48,1.46,6.5,4.75,1.5
2026-09-19,Juárez,Tigres,2,0,0.2222,0.2598,0.518,avg,4.15,3.55,1.78,4.75,3.7,1.85
2026-09-19,Puebla,Atlante,1,1,0.3879,0.2823,0.3297,avg,2.38,3.27,2.8,2.45,3.4,2.9
2026-09-20,América,Guadalajara,2,2,0.3519,0.2672,0.3809,avg,2.62,3.45,2.42,2.7,3.6,2.5
2026-09-20,Atlas,Pumas,1,1,0.4326,0.2767,0.2907,avg,2.13,3.33,3.17,2.2,3.5,3.3
2026-09-20,Monterrey,Cruz Azul,1,0,0.4127,0.2699,0.3174,avg,2.23,3.41,2.9,2.25,3.55,3.1
2026-09-20,San Luis,Necaxa,3,1,0.4195,0.2644,0.3161,avg,2.2,3.49,2.92,2.25,3.6,3.14
2026-09-21,Pachuca,Tijuana,2,2,0.5551,0.2525,0.1924,avg,1.66,3.65,4.79,1.7,3.8,5.5
2026-09-21,Querétaro,León,1,1,0.3352,0.2745,0.3903,avg,2.76,3.37,2.37,2.9,3.45,2.44
2026-09-21,Toluca,Santos,2,3,0.7765,0.1371,0.0864,avg,1.19,6.74,10.69,1.22,7.0,12.0
2026-09-26,Atlante,Monterrey,4,2,0.3076,0.2686,0.4238,avg,3.1,3.55,2.25,3.1,3.5,2.2
2026-09-26,Cruz Azul,Toluca,3,3,0.3673,0.2653,0.3673,avg,2.6,3.6,2.6,2.5,3.5,2.57
2026-09-26,Tijuana,Atlas,2,3,0.4333,0.2804,0.2863,avg,2.2,3.4,3.33,2.15,3.4,3.25
2026-09-27,Guadalajara,Querétaro,0,2,0.5772,0.2323,0.1905,avg,1.65,4.1,5.0,1.61,4.1,5.0
2026-09-27,Pumas,San Luis,2,3,0.458,0.2672,0.2748,avg,2.1,3.6,3.5,2.05,3.4,3.5
2026-09-27,Santos,Pachuca,1,0,0.3974,0.2781,0.3245,avg,2.45,3.5,3.0,2.32,3.3,3.0
2026-09-27,Tigres,Puebla,1,0,0.5855,0.2444,0.1701,avg,1.67,4.0,5.75,1.62,3.75,5.5
2026-09-28,León,Juárez,2,1,0.6316,0.2207,0.1477,avg,1.52,4.35,6.5,1.49,4.1,6.5
2026-09-28,Necaxa,América,2,4,0.2168,0.2501,0.5331,avg,4.5,3.9,1.83,4.5,3.7,1.76
